{"type":"FeatureCollection","attribution":"Flanders Marine Institute — Marine Regions, Maritime Boundaries v12 (CC-BY 4.0) · Geocoding © OpenStreetMap/Nominatim (ODbL)","features":[{"type":"Feature","geometry":{"type":"Point","coordinates":[-149.894852,61.2163129]},"properties":{"id":"eafca5b8-0fe0-45f2-b1a0-278b25ed7971","name":"Anchorage Small Boat Harbor","city":"Anchorage","note":null,"mrgid":8463,"zone_name":"Alaska","country_iso2":null,"validated":true,"distance_km":1.7,"geocode_source":"nominatim","source_urls":["https://unblock.federalregister.gov"],"extracted_at":"2026-08-26T10:05:04Z"}},{"type":"Feature","geometry":{"type":"Point","coordinates":[-135.4397341,59.2338074]},"properties":{"id":"a344e382-0993-4cd4-962a-30468574ae48","name":"Haines Small Boat Harbor","city":"Haines","note":null,"mrgid":8463,"zone_name":"Alaska","country_iso2":null,"validated":true,"distance_km":1.8,"geocode_source":"nominatim","source_urls":["https://unblock.federalregister.gov"],"extracted_at":"2026-08-26T10:05:05Z"}},{"type":"Feature","geometry":{"type":"Point","coordinates":[-135.4385016,59.2285997]},"properties":{"id":"b3358a1b-f10a-4be2-895b-4a9cc03e5e51","name":"Port Chilkoot","city":"Haines","note":null,"mrgid":8463,"zone_name":"Alaska","country_iso2":null,"validated":true,"distance_km":1.8,"geocode_source":"nominatim","source_urls":["https://unblock.federalregister.gov"],"extracted_at":"2026-08-26T10:05:06Z"}},{"type":"Feature","geometry":{"type":"Point","coordinates":[-135.3430573,59.0831232]},"properties":{"id":"2e49223e-2851-47e9-b2d9-1d4108bb8ffa","name":"Letnikof Cove Dock","city":"Haines","note":null,"mrgid":8463,"zone_name":"Alaska","country_iso2":null,"validated":true,"distance_km":0.0,"geocode_source":"nominatim","source_urls":["https://unblock.federalregister.gov"],"extracted_at":"2026-08-26T10:05:09Z"}},{"type":"Feature","geometry":{"type":"Point","coordinates":[-166.552545,53.8831064]},"properties":{"id":"5f1c4ec6-a5ef-496a-9fd9-5b5f97eff55c","name":"Dutch Harbor Small Boat Harbor","city":"Dutch Harbor (Unalaska)","note":null,"mrgid":8463,"zone_name":"Alaska","country_iso2":null,"validated":true,"distance_km":0.8,"geocode_source":"nominatim","source_urls":["https://unblock.federalregister.gov"],"extracted_at":"2026-08-26T10:05:13Z"}},{"type":"Feature","geometry":{"type":"Point","coordinates":[-134.4196751,58.3019613]},"properties":{"id":"cea30210-d5c2-47b5-a31e-e7e0ca87e4f2","name":"Juneau Small Boat Harbor","city":"Juneau","note":null,"mrgid":8463,"zone_name":"Alaska","country_iso2":null,"validated":true,"distance_km":0.0,"geocode_source":"nominatim","source_urls":["https://unblock.federalregister.gov"],"extracted_at":"2026-08-26T10:05:18Z"}},{"type":"Feature","geometry":{"type":"Point","coordinates":[-131.6466819,55.3430696]},"properties":{"id":"4d59890d-07ec-40c9-bddc-74486cd22c37","name":"Ketchikan Small Boat Harbor","city":"Ketchikan","note":null,"mrgid":8463,"zone_name":"Alaska","country_iso2":null,"validated":true,"distance_km":0.0,"geocode_source":"nominatim","source_urls":["https://unblock.federalregister.gov"],"extracted_at":"2026-08-26T10:05:22Z"}},{"type":"Feature","geometry":{"type":"Point","coordinates":[-165.4061701,64.4975098]},"properties":{"id":"6151019d-92b9-4bbc-9686-0ac69144db87","name":"Nome Small Boat Harbor","city":"Nome","note":null,"mrgid":8463,"zone_name":"Alaska","country_iso2":null,"validated":true,"distance_km":0.0,"geocode_source":"nominatim","source_urls":["https://unblock.federalregister.gov"],"extracted_at":"2026-08-26T10:05:27Z"}},{"type":"Feature","geometry":{"type":"Point","coordinates":[-135.4596206,57.4086082]},"properties":{"id":"ceb831e2-d834-411e-a588-508be6309a05","name":"Sitka Small Boat Harbor","city":"Sitka","note":null,"mrgid":8463,"zone_name":"Alaska","country_iso2":null,"validated":true,"distance_km":6.9,"geocode_source":"nominatim","source_urls":["https://unblock.federalregister.gov"],"extracted_at":"2026-08-26T10:05:31Z"}},{"type":"Feature","geometry":{"type":"Point","coordinates":[-135.2950489,59.4569715]},"properties":{"id":"40823f79-dbb0-4651-8973-63211a584a0d","name":"Skagway Harbor / Klondike Highway Office","city":"Skagway","note":null,"mrgid":8463,"zone_name":"Alaska","country_iso2":null,"validated":true,"distance_km":3.1,"geocode_source":"nominatim","source_urls":["https://unblock.federalregister.gov"],"extracted_at":"2026-08-26T10:05:34Z"}},{"type":"Feature","geometry":{"type":"Point","coordinates":[-132.3829431,56.4706022]},"properties":{"id":"9c2134a0-f030-47bb-843a-2eaf2aa0ad21","name":"Zimovia Highway Office / Wrangell Harbor","city":"Wrangell","note":null,"mrgid":8463,"zone_name":"Alaska","country_iso2":null,"validated":true,"distance_km":0.2,"geocode_source":"nominatim","source_urls":["https://unblock.federalregister.gov"],"extracted_at":"2026-08-26T10:05:39Z"}},{"type":"Feature","geometry":{"type":"Point","coordinates":[-152.4067073,57.7901661]},"properties":{"id":"d62bc5e1-add6-44b5-91fc-48f3a10e32de","name":"Kodiak","city":"Kodiak","note":"Coordonné via le bureau maritime d'Anchorage","mrgid":8463,"zone_name":"Alaska","country_iso2":null,"validated":true,"distance_km":0.0,"geocode_source":"nominatim","source_urls":["https://unblock.federalregister.gov"],"extracted_at":"2026-08-26T10:05:41Z"}},{"type":"Feature","geometry":{"type":"Point","coordinates":[-146.3658815,61.129068]},"properties":{"id":"16b4a6b0-3f7b-4dd7-8933-79758d6b24e9","name":"Valdez","city":"Valdez","note":"Coordonné via le bureau maritime d'Anchorage","mrgid":8463,"zone_name":"Alaska","country_iso2":null,"validated":true,"distance_km":0.0,"geocode_source":"nominatim","source_urls":["https://unblock.federalregister.gov"],"extracted_at":"2026-08-26T10:05:43Z"}},{"type":"Feature","geometry":{"type":"Point","coordinates":[-1.86322,35.093863]},"properties":{"id":"108bf43e-0031-4fc5-b3de-cc6d2c3bdad9","name":"Port of Ghazaouet","city":"Ghazaouet","note":"Port officiel d'entrée avec poste de police aux frontières et douanes.","mrgid":8378,"zone_name":"Algeria","country_iso2":"DZ","validated":true,"distance_km":0.4,"geocode_source":"nominatim","source_urls":[],"extracted_at":"2026-08-26T10:06:20Z"}},{"type":"Feature","geometry":{"type":"Point","coordinates":[-1.382036,35.3025458]},"properties":{"id":"c0c8610d-2cd3-41fa-9c5c-7fece14be54d","name":"Port of Béni Saf","city":"Béni Saf","note":"Port officiel d'entrée avec poste de police aux frontières et douanes.","mrgid":8378,"zone_name":"Algeria","country_iso2":"DZ","validated":true,"distance_km":0.5,"geocode_source":"nominatim","source_urls":[],"extracted_at":"2026-08-26T10:06:24Z"}},{"type":"Feature","geometry":{"type":"Point","coordinates":[-0.3043863,35.8597857]},"properties":{"id":"eea2cdfe-9173-48dc-825a-c2803fd8df2a","name":"Port of Oran","city":"Oran","note":"Port officiel d'entrée avec poste de police aux frontières et douanes.","mrgid":8378,"zone_name":"Algeria","country_iso2":"DZ","validated":true,"distance_km":0.0,"geocode_source":"nominatim","source_urls":[],"extracted_at":"2026-08-26T10:06:25Z"}},{"type":"Feature","geometry":{"type":"Point","coordinates":[-0.3043863,35.8597857]},"properties":{"id":"02d0c900-b046-49c5-8084-abefea51025e","name":"Port of Arzew","city":"Arzew","note":"Port officiel d'entrée avec poste de police aux frontières et douanes.","mrgid":8378,"zone_name":"Algeria","country_iso2":"DZ","validated":true,"distance_km":0.0,"geocode_source":"nominatim","source_urls":[],"extracted_at":"2026-08-26T10:06:26Z"}},{"type":"Feature","geometry":{"type":"Point","coordinates":[0.089978,35.928808]},"properties":{"id":"3e327e57-e3e4-48f5-a92b-c167899f0683","name":"Port of Mostaganem","city":"Mostaganem","note":"Port officiel d'entrée avec poste de police aux frontières et douanes.","mrgid":8378,"zone_name":"Algeria","country_iso2":"DZ","validated":true,"distance_km":2.1,"geocode_source":"nominatim","source_urls":[],"extracted_at":"2026-08-26T10:06:29Z"}},{"type":"Feature","geometry":{"type":"Point","coordinates":[1.3078072,36.5080818]},"properties":{"id":"114a0e0e-a6b9-492b-bce4-13ad9ddce2ad","name":"Port of Ténès","city":"Ténès","note":"Port officiel d'entrée avec poste de police aux frontières et douanes.","mrgid":8378,"zone_name":"Algeria","country_iso2":"DZ","validated":true,"distance_km":3.7,"geocode_source":"nominatim","source_urls":[],"extracted_at":"2026-08-26T10:06:32Z"}},{"type":"Feature","geometry":{"type":"Point","coordinates":[3.0609595,36.7636595]},"properties":{"id":"22c9561c-1fdc-4b89-ad35-984aa6f97e31","name":"Port of Algiers (Alger)","city":"Algiers","note":"Port officiel d'entrée avec poste de police aux frontières et douanes.","mrgid":8378,"zone_name":"Algeria","country_iso2":"DZ","validated":true,"distance_km":0.1,"geocode_source":"nominatim","source_urls":[],"extracted_at":"2026-08-26T10:06:33Z"}},{"type":"Feature","geometry":{"type":"Point","coordinates":[5.1020075,36.7563768]},"properties":{"id":"361b014b-b330-438d-96d0-bdbeec23ab4a","name":"Port of Béjaïa","city":"Béjaïa","note":"Port officiel d'entrée avec poste de police aux frontières et douanes.","mrgid":8378,"zone_name":"Algeria","country_iso2":"DZ","validated":true,"distance_km":0.4,"geocode_source":"nominatim","source_urls":[],"extracted_at":"2026-08-26T10:06:35Z"}},{"type":"Feature","geometry":{"type":"Point","coordinates":[5.8907936,36.8239022]},"properties":{"id":"33ba20f0-a5ec-40dd-850b-7c8ca88b96a3","name":"Port of Djen Djen / Jijel","city":"Jijel / Taher","note":"Port officiel d'entrée avec poste de police aux frontières et douanes.","mrgid":8378,"zone_name":"Algeria","country_iso2":"DZ","validated":true,"distance_km":0.0,"geocode_source":"nominatim","source_urls":[],"extracted_at":"2026-08-26T10:06:38Z"}},{"type":"Feature","geometry":{"type":"Point","coordinates":[6.9077363,36.8801317]},"properties":{"id":"f3a3a8d8-add4-4893-8429-5bbca96667cc","name":"Port of Skikda","city":"Skikda","note":"Port officiel d'entrée avec poste de police aux frontières et douanes.","mrgid":8378,"zone_name":"Algeria","country_iso2":"DZ","validated":true,"distance_km":1.8,"geocode_source":"nominatim","source_urls":[],"extracted_at":"2026-08-26T10:06:41Z"}},{"type":"Feature","geometry":{"type":"Point","coordinates":[7.7712516,36.8959907]},"properties":{"id":"569d3ed9-b946-4418-b217-0bf87c4ca499","name":"Port of Annaba","city":"Annaba","note":"Port officiel d'entrée avec poste de police aux frontières et douanes.","mrgid":8378,"zone_name":"Algeria","country_iso2":"DZ","validated":true,"distance_km":0.5,"geocode_source":"nominatim","source_urls":[],"extracted_at":"2026-08-26T10:06:42Z"}},{"type":"Feature","geometry":{"type":"Point","coordinates":[19.4462348,41.313255]},"properties":{"id":"37612483-d7e5-474b-8a0f-26529ceabdf7","name":"PKK Porti i Durrësit","city":"Durrës","note":"Point de passage frontalier maritime international, ouvert 24h/24 sans restriction pour les navires.","mrgid":5670,"zone_name":"Albania","country_iso2":"AL","validated":true,"distance_km":0.0,"geocode_source":"nominatim","source_urls":["https://asp.gov.al/wp-content/uploads/2024/11/Udhezim-nr.-469-date-22.08.16-PER-LISTEN-E-PKK-DHE-ZONAVE-TRANSIT-i-miratuar.pdf"],"extracted_at":"2026-08-26T10:27:43Z"}},{"type":"Feature","geometry":{"type":"Point","coordinates":[19.5989755,41.8097827]},"properties":{"id":"2557dc57-cfe6-4039-b4f4-9016bb2e1e14","name":"PKK Porti i Shëngjinit","city":"Shëngjin","note":"Point de passage frontalier maritime international, ouvert 24h/24 sans restriction pour les navires.","mrgid":5670,"zone_name":"Albania","country_iso2":"AL","validated":true,"distance_km":0.2,"geocode_source":"nominatim","source_urls":["https://asp.gov.al/wp-content/uploads/2024/11/Udhezim-nr.-469-date-22.08.16-PER-LISTEN-E-PKK-DHE-ZONAVE-TRANSIT-i-miratuar.pdf"],"extracted_at":"2026-08-26T10:27:46Z"}},{"type":"Feature","geometry":{"type":"Point","coordinates":[19.4912716,40.4707602]},"properties":{"id":"70b22600-3096-4847-9b17-9c838a1f4212","name":"PKK Porti i Vlorës","city":"Vlorë","note":"Point de passage frontalier maritime international, ouvert 24h/24 sans restriction pour les navires.","mrgid":5670,"zone_name":"Albania","country_iso2":"AL","validated":true,"distance_km":2.2,"geocode_source":"nominatim","source_urls":["https://asp.gov.al/wp-content/uploads/2024/11/Udhezim-nr.-469-date-22.08.16-PER-LISTEN-E-PKK-DHE-ZONAVE-TRANSIT-i-miratuar.pdf"],"extracted_at":"2026-08-26T10:27:50Z"}},{"type":"Feature","geometry":{"type":"Point","coordinates":[19.7472977,40.102163]},"properties":{"id":"928c700d-3fc4-4cf8-8204-3c6555d9d03d","name":"PKK Porti i Himarës","city":"Himarë","note":"Point de passage frontalier maritime international, ouvert 24h/24 sans restriction pour les navires.","mrgid":5670,"zone_name":"Albania","country_iso2":"AL","validated":true,"distance_km":1.2,"geocode_source":"nominatim","source_urls":["https://asp.gov.al/wp-content/uploads/2024/11/Udhezim-nr.-469-date-22.08.16-PER-LISTEN-E-PKK-DHE-ZONAVE-TRANSIT-i-miratuar.pdf"],"extracted_at":"2026-08-26T10:27:53Z"}},{"type":"Feature","geometry":{"type":"Point","coordinates":[-63.0948151,18.1993278]},"properties":{"id":"290f4bbc-dfc2-4b0c-b7e3-7eb40b524467","name":"Road Bay","city":"Sandy Ground","note":"Seul port d'entrée officiel pour la clearance des navires de plaisance et yachts privés étrangers.","mrgid":8412,"zone_name":"Anguilla","country_iso2":"AI","validated":true,"distance_km":1.5,"geocode_source":"nominatim","source_urls":["https://www.gov.uk/foreign-travel-advice/anguilla/entry-requirements"],"extracted_at":"2026-08-26T10:43:01Z"}},{"type":"Feature","geometry":{"type":"Point","coordinates":[13.2719595,-8.7912966]},"properties":{"id":"c2fb8716-a095-4947-b066-edd433867fb0","name":"Porto de Luanda","city":"Luanda","note":"Port d'entrée officiel avec capitainerie AMN, douane AGT et poste frontière SME.","mrgid":8478,"zone_name":"Angola","country_iso2":"AO","validated":true,"distance_km":1.8,"geocode_source":"nominatim","source_urls":["https://amn.gov.ao/web/perfil-entidade/552","https://cms.minfin.gov.ao/api/assets/portal-minfin/2e41f3ea-5837-4202-8ece-d797d58a9dab/"],"extracted_at":"2026-08-26T10:42:58Z"}},{"type":"Feature","geometry":{"type":"Point","coordinates":[13.5463708,-12.3471733]},"properties":{"id":"45ac8065-4a14-454b-bae0-3825f2fe9e06","name":"Porto do Lobito","city":"Lobito","note":"Port d'entrée officiel avec capitainerie AMN, douane AGT et poste frontière SME.","mrgid":8478,"zone_name":"Angola","country_iso2":"AO","validated":true,"distance_km":0.3,"geocode_source":"nominatim","source_urls":["https://amn.gov.ao/web/perfil-entidade/552","https://cms.minfin.gov.ao/api/assets/portal-minfin/2e41f3ea-5837-4202-8ece-d797d58a9dab/"],"extracted_at":"2026-08-26T10:42:59Z"}},{"type":"Feature","geometry":{"type":"Point","coordinates":[12.1311802,-15.1926529]},"properties":{"id":"fec5fc35-5bdd-4c9e-9544-e80af0b31907","name":"Porto do Namibe","city":"Moçâmedes","note":"Port d'entrée officiel avec capitainerie AMN, douane AGT et poste frontière SME.","mrgid":8478,"zone_name":"Angola","country_iso2":"AO","validated":true,"distance_km":0.0,"geocode_source":"nominatim","source_urls":["https://amn.gov.ao/web/perfil-entidade/552","https://cms.minfin.gov.ao/api/assets/portal-minfin/2e41f3ea-5837-4202-8ece-d797d58a9dab/"],"extracted_at":"2026-08-26T10:43:00Z"}},{"type":"Feature","geometry":{"type":"Point","coordinates":[12.1934041,-5.5507015]},"properties":{"id":"8c89127e-aca8-4fc5-a57b-a2e794d774c9","name":"Porto de Cabinda","city":"Cabinda","note":"Port d'entrée officiel avec capitainerie AMN, douane AGT et poste frontière SME.","mrgid":8478,"zone_name":"Angola","country_iso2":"AO","validated":true,"distance_km":0.3,"geocode_source":"nominatim","source_urls":["https://amn.gov.ao/web/perfil-entidade/552","https://cms.minfin.gov.ao/api/assets/portal-minfin/2e41f3ea-5837-4202-8ece-d797d58a9dab/"],"extracted_at":"2026-08-26T10:43:02Z"}},{"type":"Feature","geometry":{"type":"Point","coordinates":[12.3690144,-6.1387951]},"properties":{"id":"3b9a24b1-a8ca-44fb-9849-e167fc565a6b","name":"Porto do Soyo","city":"Soyo","note":"Port d'entrée officiel avec capitainerie AMN, douane AGT et poste frontière SME.","mrgid":8478,"zone_name":"Angola","country_iso2":"AO","validated":true,"distance_km":0.2,"geocode_source":"nominatim","source_urls":["https://amn.gov.ao/web/perfil-entidade/552","https://cms.minfin.gov.ao/api/assets/portal-minfin/2e41f3ea-5837-4202-8ece-d797d58a9dab/"],"extracted_at":"2026-08-26T10:43:05Z"}},{"type":"Feature","geometry":{"type":"Point","coordinates":[13.7360595,-10.7525688]},"properties":{"id":"bfb34484-77cd-4e0b-ac9b-9fc9b7e27f82","name":"Porto Amboim","city":"Porto Amboim","note":"Port d'entrée officiel avec capitainerie AMN et délégation douanière AGT.","mrgid":8478,"zone_name":"Angola","country_iso2":"AO","validated":true,"distance_km":1.1,"geocode_source":"nominatim","source_urls":["https://amn.gov.ao/web/perfil-entidade/552","https://cms.minfin.gov.ao/api/assets/portal-minfin/2e41f3ea-5837-4202-8ece-d797d58a9dab/"],"extracted_at":"2026-08-26T10:43:07Z"}},{"type":"Feature","geometry":{"type":"Point","coordinates":[-61.8448509,17.1184569]},"properties":{"id":"3f50fce8-b1bf-4e5b-be61-4551fac0ce9e","name":"Deep water Harbor","city":"St. John's","note":"Port d'entrée officiel désigné pour la plaisance.","mrgid":8414,"zone_name":"Antigua and Barbuda","country_iso2":"AG","validated":true,"distance_km":0.0,"geocode_source":"nominatim","source_urls":["https://customs.gov.ag/page/temporary-importation"],"extracted_at":"2026-08-26T10:43:30Z"}},{"type":"Feature","geometry":{"type":"Point","coordinates":[-61.763644,17.008874]},"properties":{"id":"c3cb548a-d69a-4f73-ac1a-af599ee46213","name":"English Harbor","city":"English Harbour","note":"Port d'entrée officiel pour les navires de plaisance.","mrgid":8414,"zone_name":"Antigua and Barbuda","country_iso2":"AG","validated":true,"distance_km":0.9,"geocode_source":"nominatim","source_urls":["https://customs.gov.ag/page/temporary-importation"],"extracted_at":"2026-08-26T10:43:31Z"}},{"type":"Feature","geometry":{"type":"Point","coordinates":[-61.8832877,17.0650559]},"properties":{"id":"55747e91-39b6-462f-ac93-631e0ea74bd2","name":"Jolly Harbor","city":"Jolly Harbour","note":"Port d'entrée officiel avec marina et services de dédouanement.","mrgid":8414,"zone_name":"Antigua and Barbuda","country_iso2":"AG","validated":true,"distance_km":0.0,"geocode_source":"nominatim","source_urls":["https://customs.gov.ag/page/temporary-importation"],"extracted_at":"2026-08-26T10:43:33Z"}},{"type":"Feature","geometry":{"type":"Point","coordinates":[-61.8464048,17.1210189]},"properties":{"id":"c9eb93c8-6ecc-4d10-861b-3b52b450b037","name":"Heritage Quay","city":"St. John's","note":"Port d'entrée officiel situé à St. John's.","mrgid":8414,"zone_name":"Antigua and Barbuda","country_iso2":"AG","validated":true,"distance_km":0.0,"geocode_source":"nominatim","source_urls":["https://customs.gov.ag/page/temporary-importation"],"extracted_at":"2026-08-26T10:43:34Z"}},{"type":"Feature","geometry":{"type":"Point","coordinates":[-61.8543761,17.6148748]},"properties":{"id":"9464fe90-cd69-4689-978e-b99c8b25f30e","name":"Barbuda","city":null,"note":"Port d'entrée officiel sur l'île de Barbuda.","mrgid":8414,"zone_name":"Antigua and Barbuda","country_iso2":"AG","validated":true,"distance_km":0.0,"geocode_source":"nominatim","source_urls":["https://customs.gov.ag/page/temporary-importation"],"extracted_at":"2026-08-26T10:43:37Z"}},{"type":"Feature","geometry":{"type":"Point","coordinates":[-58.5817628,-34.4235341]},"properties":{"id":"cb01220c-6fe9-45fb-ba17-2c893c99661d","name":"Terminal Fluvial Binacional de Tigre","city":"Tigre","note":"Ouvert de 07h à 17h pour les embarcations particulières et sportives.","mrgid":8466,"zone_name":"Argentina","country_iso2":"AR","validated":true,"distance_km":3.2,"geocode_source":"nominatim","source_urls":["https://www.argentina.gob.ar/migraciones/pasos-internacionales","https://biblioteca.afip.gob.ar/dcp/DEC_C_001001_1982_05_21"],"extracted_at":"2026-08-26T10:43:41Z"}},{"type":"Feature","geometry":{"type":"Point","coordinates":[-58.5444608,-34.4378665]},"properties":{"id":"12bca0df-de27-4abe-94c9-1326a5f88e0e","name":"Yacht Club Argentino","city":"Buenos Aires","note":"Situé dans la Dársena Norte du port de Buenos Aires.","mrgid":8466,"zone_name":"Argentina","country_iso2":"AR","validated":true,"distance_km":0.2,"geocode_source":"nominatim","source_urls":["https://www.argentina.gob.ar/migraciones/pasos-internacionales","https://biblioteca.afip.gob.ar/dcp/DEC_C_001001_1982_05_21"],"extracted_at":"2026-08-26T10:43:42Z"}},{"type":"Feature","geometry":{"type":"Point","coordinates":[-14.3631189,-7.9411072]},"properties":{"id":"bbe376bb-80ab-4e63-bf1e-e812973450d1","name":"Port of Georgetown","city":"Georgetown","note":"Mouillage en baie de Clarence et débarquement au quai (Pierhead) pour les formalités de douane.","mrgid":8379,"zone_name":"Ascension","country_iso2":"SH","validated":true,"distance_km":3.1,"geocode_source":"nominatim","source_urls":["https://www.sainthelena.gov.sh/documents/customs-ordinance.pdf"],"extracted_at":"2026-08-26T10:44:03Z"}},{"type":"Feature","geometry":{"type":"Point","coordinates":[-25.6689503,37.7393398]},"properties":{"id":"345b6f5c-0011-44f6-a702-3ca91328e849","name":"Porto / Marina de Ponta Delgada","city":"Ponta Delgada","note":"Poste frontière maritime PF 209 sur l'île de São Miguel.","mrgid":8361,"zone_name":"Azores","country_iso2":null,"validated":true,"distance_km":0.8,"geocode_source":"nominatim","source_urls":["https://www.acorianooriental.pt/noticia/veleiros-proibidos-de-atracar-nas-flores-377030"],"extracted_at":"2026-08-26T10:45:12Z"}},{"type":"Feature","geometry":{"type":"Point","coordinates":[-28.7096295,38.5795831]},"properties":{"id":"a5e6b832-ebbe-4d56-9065-b70e71c06315","name":"Cais de Santa Cruz da Horta / Marina da Horta","city":"Horta","note":"Poste frontière maritime PF 211 sur l'île de Faial.","mrgid":8361,"zone_name":"Azores","country_iso2":null,"validated":true,"distance_km":5.1,"geocode_source":"nominatim","source_urls":["https://www.acorianooriental.pt/noticia/veleiros-proibidos-de-atracar-nas-flores-377030"],"extracted_at":"2026-08-26T10:45:17Z"}},{"type":"Feature","geometry":{"type":"Point","coordinates":[-27.1575193,38.6865021]},"properties":{"id":"b82ef57d-7ef3-4f25-96ad-591eae8c4cc7","name":"Porto de Angra do Heroísmo","city":"Angra do Heroísmo","note":"Poste frontière maritime PF 224 sur l'île de Terceira.","mrgid":8361,"zone_name":"Azores","country_iso2":null,"validated":true,"distance_km":4.8,"geocode_source":"nominatim","source_urls":["https://www.acorianooriental.pt/noticia/veleiros-proibidos-de-atracar-nas-flores-377030"],"extracted_at":"2026-08-26T10:45:19Z"}},{"type":"Feature","geometry":{"type":"Point","coordinates":[-27.0612244,38.681636]},"properties":{"id":"88788b0e-db5a-4c7b-a8f8-e3379475140d","name":"Porto da Praia da Vitória","city":"Praia da Vitória","note":"Poste frontière maritime PF 224 sur l'île de Terceira.","mrgid":8361,"zone_name":"Azores","country_iso2":null,"validated":true,"distance_km":0.0,"geocode_source":"nominatim","source_urls":["https://www.acorianooriental.pt/noticia/veleiros-proibidos-de-atracar-nas-flores-377030"],"extracted_at":"2026-08-26T10:45:22Z"}},{"type":"Feature","geometry":{"type":"Point","coordinates":[153.0096055,-27.4648602]},"properties":{"id":"517c732c-0d6b-4d24-908f-b6fd565a3aa8","name":"Brisbane","city":"Brisbane","note":"Rivergate Marina / Brisbane River","mrgid":8323,"zone_name":"Australia","country_iso2":"AU","validated":true,"distance_km":0.4,"geocode_source":"nominatim","source_urls":[],"extracted_at":"2026-08-26T10:45:14Z"}},{"type":"Feature","geometry":{"type":"Point","coordinates":[152.345382,-24.8683878]},"properties":{"id":"e8a29521-4f05-4b90-9988-98d1b6e9a7e3","name":"Bundaberg","city":"Bundaberg","note":"Port Bundaberg Marina / Burnett River","mrgid":8323,"zone_name":"Australia","country_iso2":"AU","validated":true,"distance_km":0.0,"geocode_source":"nominatim","source_urls":[],"extracted_at":"2026-08-26T10:45:16Z"}},{"type":"Feature","geometry":{"type":"Point","coordinates":[145.7712437,-16.9256795]},"properties":{"id":"0f846166-ff31-48c4-afda-7440c714af0c","name":"Cairns","city":"Cairns","note":"Marlin Marina / Trinity Inlet","mrgid":8323,"zone_name":"Australia","country_iso2":"AU","validated":true,"distance_km":0.9,"geocode_source":"nominatim","source_urls":[],"extracted_at":"2026-08-26T10:45:18Z"}},{"type":"Feature","geometry":{"type":"Point","coordinates":[151.2629467,-23.8464223]},"properties":{"id":"7d2776ab-8b9d-4138-87a7-580248ebba3d","name":"Gladstone","city":"Gladstone","note":"Gladstone Marina / Auckland Inlet","mrgid":8323,"zone_name":"Australia","country_iso2":"AU","validated":true,"distance_km":1.1,"geocode_source":"nominatim","source_urls":[],"extracted_at":"2026-08-26T10:45:20Z"}},{"type":"Feature","geometry":{"type":"Point","coordinates":[149.1599497,-21.1715776]},"properties":{"id":"e5903060-9cdd-4465-8591-2e60c9c3d1e5","name":"Mackay","city":"Mackay","note":"Mackay Marina","mrgid":8323,"zone_name":"Australia","country_iso2":"AU","validated":true,"distance_km":2.7,"geocode_source":"nominatim","source_urls":[],"extracted_at":"2026-08-26T10:45:22Z"}},{"type":"Feature","geometry":{"type":"Point","coordinates":[153.4066696,-27.9687807]},"properties":{"id":"68e991ba-e82a-40fd-8e01-1a8d7e6528bc","name":"Southport (Gold Coast)","city":"Main Beach / Southport","note":"Southport Yacht Club","mrgid":8323,"zone_name":"Australia","country_iso2":"AU","validated":true,"distance_km":1.2,"geocode_source":"nominatim","source_urls":[],"extracted_at":"2026-08-26T10:45:25Z"}},{"type":"Feature","geometry":{"type":"Point","coordinates":[142.2189206,-10.5786459]},"properties":{"id":"62103e67-166c-4ce0-8487-c3f1fdfbaee9","name":"Thursday Island","city":"Thursday Island / Horn Island","note":"Détroit de Torrès","mrgid":8323,"zone_name":"Australia","country_iso2":"AU","validated":true,"distance_km":0.2,"geocode_source":"nominatim","source_urls":[],"extracted_at":"2026-08-26T10:45:27Z"}},{"type":"Feature","geometry":{"type":"Point","coordinates":[146.8080259,-19.2693664]},"properties":{"id":"b454faa3-44af-447c-b3e8-31d8701b9623","name":"Townsville","city":"Townsville","note":"Breakwater Marina","mrgid":8323,"zone_name":"Australia","country_iso2":"AU","validated":true,"distance_km":2.6,"geocode_source":"nominatim","source_urls":[],"extracted_at":"2026-08-26T10:45:28Z"}},{"type":"Feature","geometry":{"type":"Point","coordinates":[141.873714,-12.6652161]},"properties":{"id":"0458bc2d-bb63-4544-9ef1-8abbe71a963c","name":"Weipa","city":"Weipa","note":"Evans Landing","mrgid":8323,"zone_name":"Australia","country_iso2":"AU","validated":true,"distance_km":1.9,"geocode_source":"nominatim","source_urls":[],"extracted_at":"2026-08-26T10:45:29Z"}},{"type":"Feature","geometry":{"type":"Point","coordinates":[153.1377378,-30.306202]},"properties":{"id":"74ad123e-6276-4e7f-8de3-a6cd3049b18c","name":"Coffs Harbour","city":"Coffs Harbour","note":"Outer Harbour / Coffs Harbour Jetty","mrgid":8323,"zone_name":"Australia","country_iso2":"AU","validated":true,"distance_km":0.8,"geocode_source":"nominatim","source_urls":[],"extracted_at":"2026-08-26T10:45:30Z"}},{"type":"Feature","geometry":{"type":"Point","coordinates":[149.9041494,-37.0625692]},"properties":{"id":"85c24c61-e8fa-42eb-9fba-314ac05425d9","name":"Eden","city":"Eden","note":"Snug Cove / Twofold Bay","mrgid":8323,"zone_name":"Australia","country_iso2":"AU","validated":true,"distance_km":0.0,"geocode_source":"nominatim","source_urls":[],"extracted_at":"2026-08-26T10:45:32Z"}},{"type":"Feature","geometry":{"type":"Point","coordinates":[151.7839674,-32.9265876]},"properties":{"id":"2dc6d686-ee6b-4f50-ae10-086e17c65e4a","name":"Newcastle","city":"Newcastle","note":"Newcastle Harbour","mrgid":8323,"zone_name":"Australia","country_iso2":"AU","validated":true,"distance_km":0.1,"geocode_source":"nominatim","source_urls":[],"extracted_at":"2026-08-26T10:45:33Z"}},{"type":"Feature","geometry":{"type":"Point","coordinates":[150.9012821,-34.480919]},"properties":{"id":"805db85c-b45f-43fd-b121-7921ff5ac0fb","name":"Port Kembla / Wollongong","city":"Port Kembla / Wollongong","note":null,"mrgid":8323,"zone_name":"Australia","country_iso2":"AU","validated":true,"distance_km":0.7,"geocode_source":"nominatim","source_urls":[],"extracted_at":"2026-08-26T10:45:34Z"}},{"type":"Feature","geometry":{"type":"Point","coordinates":[151.2050397,-33.8890382]},"properties":{"id":"475cf74b-c491-4fca-9a58-1b8da24e393e","name":"Sydney","city":"Sydney","note":"Sydney Harbour / Port Jackson","mrgid":8323,"zone_name":"Australia","country_iso2":"AU","validated":true,"distance_km":1.7,"geocode_source":"nominatim","source_urls":[],"extracted_at":"2026-08-26T10:45:35Z"}},{"type":"Feature","geometry":{"type":"Point","coordinates":[130.9040298,-12.4729475]},"properties":{"id":"20f4120f-a5bb-40cd-b230-36cb0bb4d837","name":"Darwin","city":"Darwin","note":"Cullen Bay / Frances Bay","mrgid":8323,"zone_name":"Australia","country_iso2":"AU","validated":true,"distance_km":0.0,"geocode_source":"nominatim","source_urls":[],"extracted_at":"2026-08-26T10:45:38Z"}},{"type":"Feature","geometry":{"type":"Point","coordinates":[117.8841916,-35.028019]},"properties":{"id":"1d416622-8d46-4863-ae74-544a7fc08a6f","name":"Albany","city":"Albany","note":"Albany Waterfront Marina","mrgid":8323,"zone_name":"Australia","country_iso2":"AU","validated":true,"distance_km":1.5,"geocode_source":"nominatim","source_urls":[],"extracted_at":"2026-08-26T10:45:39Z"}},{"type":"Feature","geometry":{"type":"Point","coordinates":[122.2320575,-17.9628646]},"properties":{"id":"0345ccd1-704d-4e43-84de-9601c27d47b3","name":"Broome","city":"Broome","note":"Port of Broome","mrgid":8323,"zone_name":"Australia","country_iso2":"AU","validated":true,"distance_km":0.5,"geocode_source":"nominatim","source_urls":[],"extracted_at":"2026-08-26T10:45:40Z"}},{"type":"Feature","geometry":{"type":"Point","coordinates":[115.6359446,-33.318914]},"properties":{"id":"b1328d63-1860-474a-addc-225d67b1a03e","name":"Bunbury","city":"Bunbury","note":"Inner / Outer Harbour","mrgid":8323,"zone_name":"Australia","country_iso2":"AU","validated":true,"distance_km":0.0,"geocode_source":"nominatim","source_urls":[],"extracted_at":"2026-08-26T10:45:41Z"}},{"type":"Feature","geometry":{"type":"Point","coordinates":[113.6763702,-24.8666251]},"properties":{"id":"8b72fded-74c6-433f-b273-b4828f9147a7","name":"Carnarvon","city":"Carnarvon","note":"Carnarvon Boat Harbour","mrgid":8323,"zone_name":"Australia","country_iso2":"AU","validated":true,"distance_km":1.2,"geocode_source":"nominatim","source_urls":[],"extracted_at":"2026-08-26T10:45:43Z"}},{"type":"Feature","geometry":{"type":"Point","coordinates":[116.7799988,-20.615989]},"properties":{"id":"e0158b5f-2ce8-4f92-b029-458080ba8d9d","name":"Dampier","city":"Dampier","note":"Hampton Harbour Boat and Sailing Club","mrgid":8323,"zone_name":"Australia","country_iso2":"AU","validated":true,"distance_km":0.9,"geocode_source":"nominatim","source_urls":[],"extracted_at":"2026-08-26T10:45:44Z"}},{"type":"Feature","geometry":{"type":"Point","coordinates":[121.8885159,-33.8611665]},"properties":{"id":"c326997f-207c-4747-9a17-43780a0bd9bb","name":"Esperance","city":"Esperance","note":"Taylor Street Jetty","mrgid":8323,"zone_name":"Australia","country_iso2":"AU","validated":true,"distance_km":1.2,"geocode_source":"nominatim","source_urls":[],"extracted_at":"2026-08-26T10:45:46Z"}},{"type":"Feature","geometry":{"type":"Point","coordinates":[115.7533358,-32.0364214]},"properties":{"id":"44536b2f-9247-443a-8c18-45cb60b09a49","name":"Fremantle / Perth","city":"Fremantle","note":"Fremantle Sailing Club","mrgid":8323,"zone_name":"Australia","country_iso2":"AU","validated":true,"distance_km":0.0,"geocode_source":"nominatim","source_urls":[],"extracted_at":"2026-08-26T10:45:47Z"}},{"type":"Feature","geometry":{"type":"Point","coordinates":[114.614339,-28.775663]},"properties":{"id":"34f83f2b-90e9-4233-bb06-4c18cf260722","name":"Geraldton","city":"Geraldton","note":"Batavia Coast Marina","mrgid":8323,"zone_name":"Australia","country_iso2":"AU","validated":true,"distance_km":2.6,"geocode_source":"nominatim","source_urls":[],"extracted_at":"2026-08-26T10:45:48Z"}},{"type":"Feature","geometry":{"type":"Point","coordinates":[50.666445,26.2947431]},"properties":{"id":"35204b37-099e-44e9-b6d6-b533a2ecb2be","name":"Waves Marina (Amwaj Marina)","city":"Amwaj Islands","note":"Marina désignée pour les formalités d'entrée et de clearance des navires de plaisance en visite.","mrgid":8358,"zone_name":"Bahrain","country_iso2":"BH","validated":true,"distance_km":0.0,"geocode_source":"nominatim","source_urls":["https://www.mtt.gov.bh/pma-laws-and-regulations"],"extracted_at":"2026-08-26T10:46:13Z"}},{"type":"Feature","geometry":{"type":"Point","coordinates":[50.6074573,25.9675537]},"properties":{"id":"68b475d3-d28f-4f93-af4c-70fd7d5e7c4a","name":"Al Dur Port (Mina Al Dur)","city":"Al Dur","note":"Point d'entrée et de clearance maritime désigné dans le sud de Bahreïn.","mrgid":8358,"zone_name":"Bahrain","country_iso2":"BH","validated":true,"distance_km":0.0,"geocode_source":"nominatim","source_urls":["https://www.mtt.gov.bh/pma-laws-and-regulations"],"extracted_at":"2026-08-26T10:46:22Z"}},{"type":"Feature","geometry":{"type":"Point","coordinates":[50.7527348,25.652973]},"properties":{"id":"50d75f02-5f48-48a2-927d-3ab7b6c89e60","name":"Jazirat Hawar Port (Hawar Island Port)","city":"Hawar Islands","note":"Point d'entrée et de clearance désigné pour les navires arrivant par l'archipel de Hawar.","mrgid":8358,"zone_name":"Bahrain","country_iso2":"BH","validated":true,"distance_km":0.9,"geocode_source":"nominatim","source_urls":["https://www.mtt.gov.bh/pma-laws-and-regulations"],"extracted_at":"2026-08-26T10:46:31Z"}},{"type":"Feature","geometry":{"type":"Point","coordinates":[50.7142116,26.1886117]},"properties":{"id":"9826fd0a-d064-4cdc-a0e6-54e03fae1efd","name":"Khalifa Bin Salman Port","city":"Hidd","note":"Port principal avec services douaniers et d'immigration maritimes.","mrgid":8358,"zone_name":"Bahrain","country_iso2":"BH","validated":true,"distance_km":0.0,"geocode_source":"nominatim","source_urls":["https://www.mtt.gov.bh/pma-laws-and-regulations"],"extracted_at":"2026-08-26T10:46:35Z"}},{"type":"Feature","geometry":{"type":"Point","coordinates":[50.6080741,26.2018153]},"properties":{"id":"38ab63ed-affb-4356-bb97-d59a2e634a82","name":"Mina Salman","city":"Manama","note":"Port maritime sous la direction des douanes maritimes.","mrgid":8358,"zone_name":"Bahrain","country_iso2":"BH","validated":true,"distance_km":0.0,"geocode_source":"nominatim","source_urls":["https://www.mtt.gov.bh/pma-laws-and-regulations"],"extracted_at":"2026-08-26T10:46:37Z"}},{"type":"Feature","geometry":{"type":"Point","coordinates":[-77.0515419,26.5465414]},"properties":{"id":"a128b488-f649-498a-8ecd-ec302c9eea24","name":"Conch Inn Marina","city":"Marsh Harbour, Abaco","note":null,"mrgid":8404,"zone_name":"Bahamas","country_iso2":"BS","validated":true,"distance_km":0.4,"geocode_source":"nominatim","source_urls":["https://www.bahamascustoms.gov.bs/accordions/about-ecas-2/"],"extracted_at":"2026-08-26T10:45:53Z"}},{"type":"Feature","geometry":{"type":"Point","coordinates":[-77.0610382,26.5382728]},"properties":{"id":"44d1c148-850a-4a54-b87d-19d1957909d8","name":"Great Abaco Beach Resort Marina","city":"Marsh Harbour, Abaco","note":null,"mrgid":8404,"zone_name":"Bahamas","country_iso2":"BS","validated":true,"distance_km":1.2,"geocode_source":"nominatim","source_urls":["https://www.bahamascustoms.gov.bs/accordions/about-ecas-2/"],"extracted_at":"2026-08-26T10:45:58Z"}},{"type":"Feature","geometry":{"type":"Point","coordinates":[-77.0524379,26.5463384]},"properties":{"id":"b518a4dd-2cd1-4142-b6b2-e667fc399179","name":"Mangoes Marina","city":"Marsh Harbour, Abaco","note":null,"mrgid":8404,"zone_name":"Bahamas","country_iso2":"BS","validated":true,"distance_km":0.5,"geocode_source":"nominatim","source_urls":["https://www.bahamascustoms.gov.bs/accordions/about-ecas-2/"],"extracted_at":"2026-08-26T10:45:59Z"}},{"type":"Feature","geometry":{"type":"Point","coordinates":[-77.0546074,26.5521174]},"properties":{"id":"77cdf63b-f923-4e19-b2c9-98a14960ed95","name":"Jib Room Marina","city":"Marsh Harbour, Abaco","note":null,"mrgid":8404,"zone_name":"Bahamas","country_iso2":"BS","validated":true,"distance_km":1.1,"geocode_source":"nominatim","source_urls":["https://www.bahamascustoms.gov.bs/accordions/about-ecas-2/"],"extracted_at":"2026-08-26T10:46:02Z"}},{"type":"Feature","geometry":{"type":"Point","coordinates":[-77.0610382,26.5382728]},"properties":{"id":"65e9da27-dcdb-418a-978a-c0ada2f999ce","name":"Marsha Harbour Public Dock","city":"Marsh Harbour, Abaco","note":null,"mrgid":8404,"zone_name":"Bahamas","country_iso2":"BS","validated":true,"distance_km":1.2,"geocode_source":"nominatim","source_urls":["https://www.bahamascustoms.gov.bs/accordions/about-ecas-2/"],"extracted_at":"2026-08-26T10:46:05Z"}},{"type":"Feature","geometry":{"type":"Point","coordinates":[-77.2726688,26.6709083]},"properties":{"id":"43245f10-bc1d-4bb9-856e-1deca32e4b14","name":"Baker’s Bay Marina","city":"Guana Cay, Abaco","note":null,"mrgid":8404,"zone_name":"Bahamas","country_iso2":"BS","validated":true,"distance_km":0.0,"geocode_source":"nominatim","source_urls":["https://www.bahamascustoms.gov.bs/accordions/about-ecas-2/"],"extracted_at":"2026-08-26T10:46:14Z"}},{"type":"Feature","geometry":{"type":"Point","coordinates":[-77.2895287,26.6774884]},"properties":{"id":"a2aeb6c7-6592-400e-a4c8-6d0ca7c6f1f9","name":"Treasure Cay Public Dock","city":"Treasure Cay, Abaco","note":null,"mrgid":8404,"zone_name":"Bahamas","country_iso2":"BS","validated":true,"distance_km":0.8,"geocode_source":"nominatim","source_urls":["https://www.bahamascustoms.gov.bs/accordions/about-ecas-2/"],"extracted_at":"2026-08-26T10:46:21Z"}},{"type":"Feature","geometry":{"type":"Point","coordinates":[-77.2895287,26.6774884]},"properties":{"id":"2746ddc6-25f0-4ddb-a920-be2c11d6dfb5","name":"Treasure Cay Marina","city":"Treasure Cay, Abaco","note":null,"mrgid":8404,"zone_name":"Bahamas","country_iso2":"BS","validated":true,"distance_km":0.8,"geocode_source":"nominatim","source_urls":["https://www.bahamascustoms.gov.bs/accordions/about-ecas-2/"],"extracted_at":"2026-08-26T10:46:28Z"}},{"type":"Feature","geometry":{"type":"Point","coordinates":[-77.3993408,26.0257329]},"properties":{"id":"4e215f9a-f765-42b0-b925-517f57660538","name":"Sandy Point Public Dock","city":"Sandy Point, Abaco","note":"Sur demande","mrgid":8404,"zone_name":"Bahamas","country_iso2":"BS","validated":true,"distance_km":0.0,"geocode_source":"nominatim","source_urls":["https://www.bahamascustoms.gov.bs/accordions/about-ecas-2/"],"extracted_at":"2026-08-26T10:46:41Z"}},{"type":"Feature","geometry":{"type":"Point","coordinates":[-77.5248517,26.9388102]},"properties":{"id":"f8fe4d13-15b9-43b0-9f1e-2b57b21c69a1","name":"Spanish Cay Marina","city":"Spanish Cay, Abaco","note":null,"mrgid":8404,"zone_name":"Bahamas","country_iso2":"BS","validated":true,"distance_km":0.1,"geocode_source":"nominatim","source_urls":["https://www.bahamascustoms.gov.bs/accordions/about-ecas-2/"],"extracted_at":"2026-08-26T10:46:43Z"}},{"type":"Feature","geometry":{"type":"Point","coordinates":[-77.7857673,24.7249161]},"properties":{"id":"9fa2c5b9-bda8-437b-bb70-c7df05f39dd0","name":"Fresh Creek Public Dock","city":"Fresh Creek, Andros","note":null,"mrgid":8404,"zone_name":"Bahamas","country_iso2":"BS","validated":true,"distance_km":0.0,"geocode_source":"nominatim","source_urls":["https://www.bahamascustoms.gov.bs/accordions/about-ecas-2/"],"extracted_at":"2026-08-26T10:46:46Z"}},{"type":"Feature","geometry":{"type":"Point","coordinates":[-78.0415967,25.0545016]},"properties":{"id":"f89fb826-256f-4ec6-a93c-a3521b698e8e","name":"San Andros Public Dock","city":"San Andros, Andros","note":null,"mrgid":8404,"zone_name":"Bahamas","country_iso2":"BS","validated":true,"distance_km":8.4,"geocode_source":"nominatim","source_urls":["https://www.bahamascustoms.gov.bs/accordions/about-ecas-2/"],"extracted_at":"2026-08-26T10:46:49Z"}},{"type":"Feature","geometry":{"type":"Point","coordinates":[-77.8565773,25.7546547]},"properties":{"id":"df7aacf6-1a3c-47b8-a20e-075be4ccb134","name":"Great Harbour Cay Marina","city":"Great Harbour Cay, Berry Islands","note":null,"mrgid":8404,"zone_name":"Bahamas","country_iso2":"BS","validated":true,"distance_km":0.0,"geocode_source":"nominatim","source_urls":["https://www.bahamascustoms.gov.bs/accordions/about-ecas-2/"],"extracted_at":"2026-08-26T10:46:53Z"}},{"type":"Feature","geometry":{"type":"Point","coordinates":[-77.8565773,25.7546547]},"properties":{"id":"f5a47793-cafb-4654-acaa-166e3e3a7d6f","name":"Bullock’s Harbour Public Dock","city":"Great Harbour Cay, Berry Islands","note":null,"mrgid":8404,"zone_name":"Bahamas","country_iso2":"BS","validated":true,"distance_km":0.0,"geocode_source":"nominatim","source_urls":["https://www.bahamascustoms.gov.bs/accordions/about-ecas-2/"],"extracted_at":"2026-08-26T10:46:56Z"}},{"type":"Feature","geometry":{"type":"Point","coordinates":[-77.9046103,25.4108472]},"properties":{"id":"c690da2c-82b9-4856-9cfe-6f644bc72b5e","name":"Chub Cay Marina","city":"Chub Cay, Berry Islands","note":null,"mrgid":8404,"zone_name":"Bahamas","country_iso2":"BS","validated":true,"distance_km":0.0,"geocode_source":"nominatim","source_urls":["https://www.bahamascustoms.gov.bs/accordions/about-ecas-2/"],"extracted_at":"2026-08-26T10:46:58Z"}},{"type":"Feature","geometry":{"type":"Point","coordinates":[-79.2996086,25.7093537]},"properties":{"id":"6be87e85-c028-41fd-8f83-9b2a68d1b9ad","name":"Bimini Sands Marina","city":"Bimini","note":null,"mrgid":8404,"zone_name":"Bahamas","country_iso2":"BS","validated":true,"distance_km":0.2,"geocode_source":"nominatim","source_urls":["https://www.bahamascustoms.gov.bs/accordions/about-ecas-2/"],"extracted_at":"2026-08-26T10:46:59Z"}},{"type":"Feature","geometry":{"type":"Point","coordinates":[-79.2733449,25.7032538]},"properties":{"id":"5416a29d-1f6a-4028-8cc3-46c444fd3a2d","name":"South Bimini Marina","city":"Bimini","note":null,"mrgid":8404,"zone_name":"Bahamas","country_iso2":"BS","validated":true,"distance_km":0.4,"geocode_source":"nominatim","source_urls":["https://www.bahamascustoms.gov.bs/accordions/about-ecas-2/"],"extracted_at":"2026-08-26T10:47:03Z"}},{"type":"Feature","geometry":{"type":"Point","coordinates":[-79.295835,25.7260343]},"properties":{"id":"c3d89c90-cbf2-496b-b183-8e01dca46423","name":"Big Game Marina","city":"Bimini","note":null,"mrgid":8404,"zone_name":"Bahamas","country_iso2":"BS","validated":true,"distance_km":0.0,"geocode_source":"nominatim","source_urls":["https://www.bahamascustoms.gov.bs/accordions/about-ecas-2/"],"extracted_at":"2026-08-26T10:47:04Z"}},{"type":"Feature","geometry":{"type":"Point","coordinates":[-79.2744573,25.720065]},"properties":{"id":"899e9d06-17cb-4aa0-b9b2-6c8af7d9a15d","name":"Blue Waters Marina","city":"Bimini","note":null,"mrgid":8404,"zone_name":"Bahamas","country_iso2":"BS","validated":true,"distance_km":0.0,"geocode_source":"nominatim","source_urls":["https://www.bahamascustoms.gov.bs/accordions/about-ecas-2/"],"extracted_at":"2026-08-26T10:47:08Z"}},{"type":"Feature","geometry":{"type":"Point","coordinates":[-75.7455119,23.4718804]},"properties":{"id":"c324c0ab-d46f-49fd-98aa-8cdf9b375d4f","name":"Brown Marina","city":"Bimini","note":null,"mrgid":8404,"zone_name":"Bahamas","country_iso2":"BS","validated":true,"distance_km":0.2,"geocode_source":"nominatim","source_urls":["https://www.bahamascustoms.gov.bs/accordions/about-ecas-2/"],"extracted_at":"2026-08-26T10:47:12Z"}},{"type":"Feature","geometry":{"type":"Point","coordinates":[-79.2744573,25.720065]},"properties":{"id":"04ec83ac-08c9-4fc4-9678-70f9804db810","name":"Resort World Marina","city":"Bimini","note":null,"mrgid":8404,"zone_name":"Bahamas","country_iso2":"BS","validated":true,"distance_km":0.0,"geocode_source":"nominatim","source_urls":["https://www.bahamascustoms.gov.bs/accordions/about-ecas-2/"],"extracted_at":"2026-08-26T10:47:16Z"}},{"type":"Feature","geometry":{"type":"Point","coordinates":[-79.2981441,25.7242317]},"properties":{"id":"90b2443a-474c-4e42-abc2-5380c2b3206b","name":"Sea Crest Marina","city":"Bimini","note":null,"mrgid":8404,"zone_name":"Bahamas","country_iso2":"BS","validated":true,"distance_km":0.0,"geocode_source":"nominatim","source_urls":["https://www.bahamascustoms.gov.bs/accordions/about-ecas-2/"],"extracted_at":"2026-08-26T10:47:17Z"}},{"type":"Feature","geometry":{"type":"Point","coordinates":[-79.2744573,25.720065]},"properties":{"id":"2ff4c979-62c3-44e8-94e2-00fbac4515db","name":"Weech Marina","city":"Bimini","note":null,"mrgid":8404,"zone_name":"Bahamas","country_iso2":"BS","validated":true,"distance_km":0.0,"geocode_source":"nominatim","source_urls":["https://www.bahamascustoms.gov.bs/accordions/about-ecas-2/"],"extracted_at":"2026-08-26T10:47:22Z"}},{"type":"Feature","geometry":{"type":"Point","coordinates":[-79.2744573,25.720065]},"properties":{"id":"49b4b23e-1cb4-4192-89cf-2f3c7f5ca2ab","name":"Bimini Public Dock","city":"Bimini","note":null,"mrgid":8404,"zone_name":"Bahamas","country_iso2":"BS","validated":true,"distance_km":0.0,"geocode_source":"nominatim","source_urls":["https://www.bahamascustoms.gov.bs/accordions/about-ecas-2/"],"extracted_at":"2026-08-26T10:47:29Z"}},{"type":"Feature","geometry":{"type":"Point","coordinates":[91.7892303,22.3357242]},"properties":{"id":"810770d6-e4a8-401e-b705-9ab778671085","name":"Port of Chattogram","city":"Chattogram","note":"Port officiel pour formalités de dédouanement et immigration (CPA / Bangladesh Customs).","mrgid":8481,"zone_name":"Bangladesh","country_iso2":"BD","validated":true,"distance_km":3.2,"geocode_source":"nominatim","source_urls":["https://bangladeshcustoms.gov.bd/trade_info/fees_charges","http://bdlaws.minlaw.gov.bd/act-354/chapter-details-643.html"],"extracted_at":"2026-08-26T10:47:22Z"}},{"type":"Feature","geometry":{"type":"Point","coordinates":[89.5996326,22.4774147]},"properties":{"id":"dadeff7e-0a5e-4abd-98c2-6f31ce76e837","name":"Port of Mongla","city":"Mongla","note":"Port officiel pour formalités de dédouanement et immigration (MPA / Bangladesh Customs).","mrgid":8481,"zone_name":"Bangladesh","country_iso2":"BD","validated":true,"distance_km":0.0,"geocode_source":"nominatim","source_urls":["https://bangladeshcustoms.gov.bd/trade_info/fees_charges","http://bdlaws.minlaw.gov.bd/act-354/chapter-details-643.html"],"extracted_at":"2026-08-26T10:47:28Z"}},{"type":"Feature","geometry":{"type":"Point","coordinates":[91.8655693,24.9037895]},"properties":{"id":"403c5f6b-e68c-4c45-99fd-eac7f9dfc641","name":"Port of Payra","city":"Kalapara","note":"Port officiel pour formalités d'entrée maritime et douanière (PPA / Payra Customs).","mrgid":8481,"zone_name":"Bangladesh","country_iso2":"BD","validated":false,"distance_km":171.7,"geocode_source":"nominatim","source_urls":["https://bangladeshcustoms.gov.bd/trade_info/fees_charges","http://bdlaws.minlaw.gov.bd/act-354/chapter-details-643.html"],"extracted_at":"2026-08-26T10:47:32Z"}},{"type":"Feature","geometry":{"type":"Point","coordinates":[-59.6184184,13.0977832]},"properties":{"id":"284efeaf-6c88-4ea2-a300-2c1e5fda9d5f","name":"BRIDGETOWN PORT","city":"Bridgetown","note":"Port d'entrée officiel pour les formalités d'immigration et de douane (Deep Water Harbour).","mrgid":8418,"zone_name":"Barbados","country_iso2":"BB","validated":true,"distance_km":0.3,"geocode_source":"nominatim","source_urls":["https://immigration.gov.bb/pages/contactus.aspx"],"extracted_at":"2026-08-26T10:47:53Z"}},{"type":"Feature","geometry":{"type":"Point","coordinates":[-59.6421707,13.2617954]},"properties":{"id":"dfb8c9e1-bf75-4ef0-af41-ba7fe00d6fde","name":"PORT ST. CHARLES MARINA","city":"Heywoods","note":"Marina officielle équipée pour les formalités de clearance des navires de plaisance.","mrgid":8418,"zone_name":"Barbados","country_iso2":"BB","validated":true,"distance_km":0.5,"geocode_source":"nominatim","source_urls":["https://immigration.gov.bb/pages/contactus.aspx"],"extracted_at":"2026-08-26T10:47:56Z"}},{"type":"Feature","geometry":{"type":"Point","coordinates":[4.3097669,51.0669817]},"properties":{"id":"3961359b-51af-403f-bd25-544bbc97ab81","name":"Antwerp (Antwerpen)","city":"Antwerp (Antwerpen)","note":"Point de passage frontalier maritime officiel (SPN Haven Antwerpen).","mrgid":3293,"zone_name":"Belgium","country_iso2":"BE","validated":true,"distance_km":3.3,"geocode_source":"nominatim","source_urls":["https://ibz.be/"],"extracted_at":"2026-08-26T10:48:24Z"}},{"type":"Feature","geometry":{"type":"Point","coordinates":[3.133658,51.3170028]},"properties":{"id":"51e93001-bb2c-44eb-823e-52593c122153","name":"Blankenberge","city":"Blankenberge","note":"Point de passage frontalier maritime officiel (SPN Blankenberge).","mrgid":3293,"zone_name":"Belgium","country_iso2":"BE","validated":true,"distance_km":2.4,"geocode_source":"nominatim","source_urls":["https://ibz.be/"],"extracted_at":"2026-08-26T10:48:25Z"}},{"type":"Feature","geometry":{"type":"Point","coordinates":[3.7245719,51.016287]},"properties":{"id":"8a4d3f00-2e2b-4092-8573-0e7ce4dd1e2e","name":"Ghent (Gent)","city":"Ghent (Gent)","note":"Point de passage frontalier maritime officiel (SPN Haven Gent).","mrgid":3293,"zone_name":"Belgium","country_iso2":"BE","validated":true,"distance_km":50.3,"geocode_source":"nominatim","source_urls":["https://ibz.be/"],"extracted_at":"2026-08-26T10:48:26Z"}},{"type":"Feature","geometry":{"type":"Point","coordinates":[2.7281523,51.144198]},"properties":{"id":"752e2805-c5f5-4f96-8246-2922e9c674e2","name":"Nieuwpoort","city":"Nieuwpoort","note":"Point de passage frontalier maritime officiel (SPN Nieuwpoort).","mrgid":3293,"zone_name":"Belgium","country_iso2":"BE","validated":true,"distance_km":2.3,"geocode_source":"nominatim","source_urls":["https://ibz.be/"],"extracted_at":"2026-08-26T10:48:27Z"}},{"type":"Feature","geometry":{"type":"Point","coordinates":[2.9467041,51.2179656]},"properties":{"id":"6c1c0589-e6cb-478c-b4c4-0f1c74a6bb39","name":"Ostend (Oostende)","city":"Ostend (Oostende)","note":"Point de passage frontalier maritime officiel (SPN Haven Oostende).","mrgid":3293,"zone_name":"Belgium","country_iso2":"BE","validated":true,"distance_km":4.3,"geocode_source":"nominatim","source_urls":["https://ibz.be/"],"extracted_at":"2026-08-26T10:48:29Z"}},{"type":"Feature","geometry":{"type":"Point","coordinates":[3.1752642,51.3253584]},"properties":{"id":"28ac2593-dfea-497e-a7a6-53a40f9324e9","name":"Zeebrugge","city":"Zeebrugge (Bruges / Brugge)","note":"Point de passage frontalier maritime officiel (SPN Haven Zeebrugge).","mrgid":3293,"zone_name":"Belgium","country_iso2":"BE","validated":true,"distance_km":2.1,"geocode_source":"nominatim","source_urls":["https://ibz.be/"],"extracted_at":"2026-08-26T10:48:30Z"}},{"type":"Feature","geometry":{"type":"Point","coordinates":[-87.9615436,17.9192814]},"properties":{"id":"9c372e70-c3c8-42c2-8ddf-65199f166238","name":"San Pedro","city":"San Pedro Town","note":"San Pedro Terminal / Amigos del Mar, Ambergris Caye","mrgid":8457,"zone_name":"Belize","country_iso2":"BZ","validated":true,"distance_km":0.1,"geocode_source":"nominatim","source_urls":[],"extracted_at":"2026-08-26T10:48:36Z"}},{"type":"Feature","geometry":{"type":"Point","coordinates":[-88.2002912,17.5000723]},"properties":{"id":"16733143-3c50-48ca-8b2a-4e99c6a353ed","name":"Belize City","city":"Belize City","note":"Radisson Fort George Marina, Old Belize (Cucumber Beach) ou Port of Belize Ltd","mrgid":8457,"zone_name":"Belize","country_iso2":"BZ","validated":true,"distance_km":0.5,"geocode_source":"nominatim","source_urls":[],"extracted_at":"2026-08-26T10:48:37Z"}},{"type":"Feature","geometry":{"type":"Point","coordinates":[-88.3671785,16.5156113]},"properties":{"id":"40b60baf-e346-4708-ba14-3ccbb9ffe617","name":"Placencia","city":"Placencia Village","note":"Roberts Grove Marina / Placencia Pier","mrgid":8457,"zone_name":"Belize","country_iso2":"BZ","validated":true,"distance_km":0.0,"geocode_source":"nominatim","source_urls":[],"extracted_at":"2026-08-26T10:48:39Z"}},{"type":"Feature","geometry":{"type":"Point","coordinates":[-88.8068853,16.1007898]},"properties":{"id":"99871e97-879c-49a7-bb89-f4abfa10e002","name":"Punta Gorda","city":"Punta Gorda Town","note":"Punta Gorda Port","mrgid":8457,"zone_name":"Belize","country_iso2":"BZ","validated":true,"distance_km":0.9,"geocode_source":"nominatim","source_urls":[],"extracted_at":"2026-08-26T10:48:40Z"}},{"type":"Feature","geometry":{"type":"Point","coordinates":[-88.4103792,16.5203083]},"properties":{"id":"8cc2e985-6088-46e2-a192-008a57bf98f5","name":"Big Creek","city":"Big Creek","note":"Port of Big Creek","mrgid":8457,"zone_name":"Belize","country_iso2":"BZ","validated":true,"distance_km":1.8,"geocode_source":"nominatim","source_urls":[],"extracted_at":"2026-08-26T10:48:41Z"}},{"type":"Feature","geometry":{"type":"Point","coordinates":[-87.9615436,17.9192814]},"properties":{"id":"ef664d9b-32bb-41aa-9a8b-addecc358c6d","name":"San Pedro","city":"San Pedro Town","note":"Ambergris Caye. San Pedro Terminal / BPA San Pedro Marine Branch.","mrgid":64431,"zone_name":"Belize","country_iso2":"BZ","validated":false,"distance_km":183.6,"geocode_source":"nominatim","source_urls":[],"extracted_at":"2026-08-26T10:48:52Z"}},{"type":"Feature","geometry":{"type":"Point","coordinates":[-88.2002912,17.5000723]},"properties":{"id":"ee769cf4-d6d0-48b8-b94a-2860ecb8d25a","name":"Belize City","city":"Belize City","note":"Port of Belize / Siège BPA, Fort George / Radisson Pier ou Old Belize.","mrgid":64431,"zone_name":"Belize","country_iso2":"BZ","validated":false,"distance_km":136.1,"geocode_source":"nominatim","source_urls":[],"extracted_at":"2026-08-26T10:48:53Z"}},{"type":"Feature","geometry":{"type":"Point","coordinates":[-88.3671785,16.5156113]},"properties":{"id":"e08e15c0-b4b6-490a-8bd2-65e42e16e986","name":"Placencia","city":"Placencia Village","note":"BPA Placencia Sub-Office (Placencia Municipal Pier).","mrgid":64431,"zone_name":"Belize","country_iso2":"BZ","validated":true,"distance_km":27.2,"geocode_source":"nominatim","source_urls":[],"extracted_at":"2026-08-26T10:48:56Z"}},{"type":"Feature","geometry":{"type":"Point","coordinates":[-88.8068853,16.1007898]},"properties":{"id":"97162b64-b8c6-4920-a886-ecef9a191504","name":"Punta Gorda","city":"Punta Gorda Town","note":"Punta Gorda Municipal Pier / Punta Gorda Port.","mrgid":64431,"zone_name":"Belize","country_iso2":"BZ","validated":true,"distance_km":41.0,"geocode_source":"nominatim","source_urls":[],"extracted_at":"2026-08-26T10:48:57Z"}},{"type":"Feature","geometry":{"type":"Point","coordinates":[-88.4311652,16.5111392]},"properties":{"id":"14766bff-7a75-460d-a8f4-e37c73f36f33","name":"Big Creek","city":"Big Creek / Independence Village","note":"Port of Big Creek / BPA Big Creek Branch.","mrgid":64431,"zone_name":"Belize","country_iso2":"BZ","validated":true,"distance_km":28.2,"geocode_source":"nominatim","source_urls":[],"extracted_at":"2026-08-26T10:48:59Z"}},{"type":"Feature","geometry":{"type":"Point","coordinates":[-64.676717,32.3810447]},"properties":{"id":"9b7ce825-c818-4496-8fa2-c36bbdeeb555","name":"Port of St. George’s","city":"Town of St. George","note":"Port d'arrivée principal et obligatoire pour la plaisance (Yacht Reporting Centre à Ordnance Island).","mrgid":8402,"zone_name":"Bermuda","country_iso2":"BM","validated":true,"distance_km":0.4,"geocode_source":"nominatim","source_urls":[],"extracted_at":"2026-08-26T10:49:23Z"}},{"type":"Feature","geometry":{"type":"Point","coordinates":[-64.7792374,32.2923908]},"properties":{"id":"ffade598-eb52-40e4-92c3-71e1f05331df","name":"Port of Hamilton","city":"City of Hamilton","note":"Port d'entrée officiel, clearance autorisée pour la plaisance uniquement sur autorisation préalable.","mrgid":8402,"zone_name":"Bermuda","country_iso2":"BM","validated":true,"distance_km":0.0,"geocode_source":"nominatim","source_urls":[],"extracted_at":"2026-08-26T10:49:24Z"}},{"type":"Feature","geometry":{"type":"Point","coordinates":[2.4187131,6.3443587]},"properties":{"id":"13533c23-05a3-4b72-85d6-8d2183771140","name":"Port Autonome de Cotonou","city":"Cotonou","note":"Seul point d'entrée maritime officiel du Bénin pour les arrivées internationales et la plaisance.","mrgid":8393,"zone_name":"Benin","country_iso2":"BJ","validated":true,"distance_km":0.4,"geocode_source":"nominatim","source_urls":[],"extracted_at":"2026-08-26T10:49:37Z"}},{"type":"Feature","geometry":{"type":"Point","coordinates":[18.8205143,44.8756731]},"properties":{"id":"844af260-2922-4129-9601-646bccdaef85","name":"Luka Brčko","city":"Brčko","note":"Port fluvial international sur la Save avec poste de douane et police aux frontières.","mrgid":22491,"zone_name":"Bosnia and Herzegovina","country_iso2":"BA","validated":false,"distance_km":255.3,"geocode_source":"nominatim","source_urls":["https://www.uino.gov.ba/portal/hr/kontakt-hr/regionalni-ured-tuzla/"],"extracted_at":"2026-08-26T10:49:59Z"}},{"type":"Feature","geometry":{"type":"Point","coordinates":[19.294097,43.7864291]},"properties":{"id":"5c91dad8-664e-4f86-85ac-f8dfbfa622a7","name":"Perućac – Višegrad","city":"Višegrad","note":"Point de passage frontalier fluvial international sur la rivière Drina / lac Perućac.","mrgid":22491,"zone_name":"Bosnia and Herzegovina","country_iso2":"BA","validated":false,"distance_km":208.8,"geocode_source":"nominatim","source_urls":["https://www.uino.gov.ba/portal/hr/kontakt-hr/regionalni-ured-tuzla/"],"extracted_at":"2026-08-26T10:50:02Z"}},{"type":"Feature","geometry":{"type":"Point","coordinates":[19.1480726,44.8562052]},"properties":{"id":"2df0fd8f-13a6-48b0-aa46-c7d95460bc3e","name":"Jamena – Donje Crnjelovo","city":"Donje Crnjelovo","note":"Point de passage frontalier fluvial local par bac sur la rivière Save.","mrgid":22491,"zone_name":"Bosnia and Herzegovina","country_iso2":"BA","validated":false,"distance_km":274.9,"geocode_source":"nominatim","source_urls":["https://www.uino.gov.ba/portal/hr/kontakt-hr/regionalni-ured-tuzla/"],"extracted_at":"2026-08-26T10:50:05Z"}},{"type":"Feature","geometry":{"type":"Point","coordinates":[19.0460211,44.6864436]},"properties":{"id":"05cc122d-0751-48f1-8d55-bf77484f8403","name":"Lešnica – Janja","city":"Janja","note":"Point de passage frontalier fluvial local par bac sur la rivière Drina.","mrgid":22491,"zone_name":"Bosnia and Herzegovina","country_iso2":"BA","validated":false,"distance_km":253.2,"geocode_source":"nominatim","source_urls":["https://www.uino.gov.ba/portal/hr/kontakt-hr/regionalni-ured-tuzla/"],"extracted_at":"2026-08-26T10:50:09Z"}},{"type":"Feature","geometry":{"type":"Point","coordinates":[-64.6230914,18.425766]},"properties":{"id":"eaae5788-f777-4041-90bb-370360eefaa4","name":"Road Town Jetty / Port of Road Town","city":"Road Town, Tortola","note":null,"mrgid":8411,"zone_name":"British Virgin Islands","country_iso2":"VG","validated":true,"distance_km":0.0,"geocode_source":"nominatim","source_urls":[],"extracted_at":"2026-08-26T10:50:39Z"}},{"type":"Feature","geometry":{"type":"Point","coordinates":[-64.7033916,18.3875292]},"properties":{"id":"bb9f7386-5861-42c2-980d-03f8cda3d433","name":"Soper’s Hole Dock / West End Ferry Terminal","city":"West End, Tortola","note":null,"mrgid":8411,"zone_name":"British Virgin Islands","country_iso2":"VG","validated":true,"distance_km":0.0,"geocode_source":"nominatim","source_urls":[],"extracted_at":"2026-08-26T10:50:44Z"}},{"type":"Feature","geometry":{"type":"Point","coordinates":[-64.7388412,18.4365934]},"properties":{"id":"c4158db1-4c2a-40b6-962c-295cca96fe37","name":"Great Harbour Jetty (Dog Hole Dock)","city":"Great Harbour, Jost Van Dyke","note":null,"mrgid":8411,"zone_name":"British Virgin Islands","country_iso2":"VG","validated":true,"distance_km":0.0,"geocode_source":"nominatim","source_urls":[],"extracted_at":"2026-08-26T10:50:50Z"}},{"type":"Feature","geometry":{"type":"Point","coordinates":[115.0732004,5.0296228]},"properties":{"id":"a6d8c608-d527-4cc9-b865-813041a85229","name":"Muara Port","city":"Muara","note":"Port officiel d'entrée maritime et de dédouanement.","mrgid":26521,"zone_name":"Brunei","country_iso2":"BN","validated":true,"distance_km":0.4,"geocode_source":"nominatim","source_urls":["https://msw.mpabd.gov.bn/MSW/UI/EntityRegistration.aspx","https://www.mofe.gov.bn/legal-entry-and-exit-points/","https://www.mindef.gov.bn/rbn-personnel-competes-in-rbyc-regatta-2018-competition/"],"extracted_at":"2026-08-26T10:50:47Z"}},{"type":"Feature","geometry":{"type":"Point","coordinates":[115.0585533,5.0138106]},"properties":{"id":"5912a495-1e69-4d5e-aad3-7f27ecfffdb0","name":"Serasa Passengers and Vehicle Ferry Terminal","city":"Serasa","note":"Point d'entrée maritime officiel pour les passagers et navires de plaisance (proche Serasa/RBYC).","mrgid":26521,"zone_name":"Brunei","country_iso2":"BN","validated":true,"distance_km":1.0,"geocode_source":"nominatim","source_urls":["https://msw.mpabd.gov.bn/MSW/UI/EntityRegistration.aspx","https://www.mofe.gov.bn/legal-entry-and-exit-points/","https://www.mindef.gov.bn/rbn-personnel-competes-in-rbyc-regatta-2018-competition/"],"extracted_at":"2026-08-26T10:50:56Z"}},{"type":"Feature","geometry":{"type":"Point","coordinates":[114.4946524,4.4349939]},"properties":{"id":"c82dd9b4-04c9-4c93-b34f-ca2242fe6683","name":"Belait Wharf","city":"Kuala Belait","note":"Quai et poste de contrôle douanier officiel pour les arrivées maritimes dans le district de Belait.","mrgid":26521,"zone_name":"Brunei","country_iso2":"BN","validated":true,"distance_km":25.7,"geocode_source":"nominatim","source_urls":["https://msw.mpabd.gov.bn/MSW/UI/EntityRegistration.aspx","https://www.mofe.gov.bn/legal-entry-and-exit-points/","https://www.mindef.gov.bn/rbn-personnel-competes-in-rbyc-regatta-2018-competition/"],"extracted_at":"2026-08-26T10:51:03Z"}},{"type":"Feature","geometry":{"type":"Point","coordinates":[114.9760889,4.8340151]},"properties":{"id":"fc0da4c6-9cc7-4d74-b896-3b762796319d","name":"Putat Control Post","city":"Putat","note":"Poste de contrôle douanier officiel par voie maritime/fluviale.","mrgid":26521,"zone_name":"Brunei","country_iso2":"BN","validated":true,"distance_km":1.1,"geocode_source":"nominatim","source_urls":["https://msw.mpabd.gov.bn/MSW/UI/EntityRegistration.aspx","https://www.mofe.gov.bn/legal-entry-and-exit-points/","https://www.mindef.gov.bn/rbn-personnel-competes-in-rbyc-regatta-2018-competition/"],"extracted_at":"2026-08-26T10:51:09Z"}},{"type":"Feature","geometry":{"type":"Point","coordinates":[103.5083828,10.6457221]},"properties":{"id":"a27eadf6-a39f-4b1c-9fbe-d4fa20f92672","name":"Sihanoukville Autonomous Port (PAS)","city":"Sihanoukville","note":"Port d'entrée maritime principal pour navires et yachts de plaisance dans le Golfe de Thaïlande.","mrgid":8331,"zone_name":"Cambodia","country_iso2":"KH","validated":true,"distance_km":0.0,"geocode_source":"nominatim","source_urls":["https://www.pas.gov.kh/en/page/navigation-pilotage-facility"],"extracted_at":"2026-08-26T10:51:37Z"}},{"type":"Feature","geometry":{"type":"Point","coordinates":[104.921484,11.5833033]},"properties":{"id":"823c3c80-f6b8-4d52-99b8-480b7b2cafc4","name":"Phnom Penh Autonomous Port (PPAP)","city":"Phnom Penh","note":"Port d'entrée fluvial international sur le Mékong pour la navigation et la plaisance.","mrgid":8331,"zone_name":"Cambodia","country_iso2":"KH","validated":false,"distance_km":131.3,"geocode_source":"nominatim","source_urls":["https://www.pas.gov.kh/en/page/navigation-pilotage-facility"],"extracted_at":"2026-08-26T10:51:39Z"}},{"type":"Feature","geometry":{"type":"Point","coordinates":[105.2277136,11.1778929]},"properties":{"id":"0b9b930c-46c8-428e-aca4-6d10ef1b9893","name":"Kaoam Samnor International Waterway Checkpoint","city":"Leuk Daek","note":"Poste frontière fluvial officiel sur le Mékong (frontière Cambodge–Vietnam).","mrgid":8331,"zone_name":"Cambodia","country_iso2":"KH","validated":false,"distance_km":115.1,"geocode_source":"nominatim","source_urls":["https://www.pas.gov.kh/en/page/navigation-pilotage-facility"],"extracted_at":"2026-08-26T10:51:43Z"}},{"type":"Feature","geometry":{"type":"Point","coordinates":[103.0258043,11.6813417]},"properties":{"id":"0d97cb32-32da-4582-ac10-1f4102a75c9c","name":"Koh Kong / Cham Yeam (Pak Klong)","city":"Koh Kong","note":"Point de contrôle frontalier côtier et maritime près de la frontière thaïlandaise.","mrgid":8331,"zone_name":"Cambodia","country_iso2":"KH","validated":true,"distance_km":2.1,"geocode_source":"nominatim","source_urls":["https://www.pas.gov.kh/en/page/navigation-pilotage-facility"],"extracted_at":"2026-08-26T10:51:47Z"}},{"type":"Feature","geometry":{"type":"Point","coordinates":[28.1681094,43.4049361]},"properties":{"id":"6b92a878-46d3-4b12-9576-86d241f6a120","name":"Port of Balchik (ГКПП Балчик)","city":"Balchik","note":"Port maritime d'entrée en mer Noire avec marina.","mrgid":5672,"zone_name":"Bulgaria","country_iso2":"BG","validated":true,"distance_km":0.0,"geocode_source":"nominatim","source_urls":["https://visitsofia.bg/bg/%D0%BF%D0%BE%D0%BB%D0%B5%D0%B7%D0%BD%D0%B0-%D0%B8%D0%BD%D1%84%D0%BE%D1%80%D0%BC%D0%B0%D1%86%D0%B8%D1%8F/%D0%B2%D0%B8%D0%B7%D0%B8"],"extracted_at":"2026-08-26T10:51:57Z"}},{"type":"Feature","geometry":{"type":"Point","coordinates":[27.9095742,43.1939546]},"properties":{"id":"c4764bbb-9f7e-4054-850a-e3baa7d8c929","name":"Port of Varna (ГКПП Варна)","city":"Varna","note":"Port maritime d'entrée, clearance à la gare maritime (Varna Sea Station).","mrgid":5672,"zone_name":"Bulgaria","country_iso2":"BG","validated":true,"distance_km":0.1,"geocode_source":"nominatim","source_urls":["https://visitsofia.bg/bg/%D0%BF%D0%BE%D0%BB%D0%B5%D0%B7%D0%BD%D0%B0-%D0%B8%D0%BD%D1%84%D0%BE%D1%80%D0%BC%D0%B0%D1%86%D0%B8%D1%8F/%D0%B2%D0%B8%D0%B7%D0%B8"],"extracted_at":"2026-08-26T10:51:59Z"}},{"type":"Feature","geometry":{"type":"Point","coordinates":[27.4721276,42.4936616]},"properties":{"id":"4cff4a26-f2dc-4231-a58e-d7a5905371a6","name":"Port of Burgas (ГКПП Бургас)","city":"Burgas","note":"Port maritime d'entrée, clearance à la gare maritime (Burgas Sea Station).","mrgid":5672,"zone_name":"Bulgaria","country_iso2":"BG","validated":true,"distance_km":0.0,"geocode_source":"nominatim","source_urls":["https://visitsofia.bg/bg/%D0%BF%D0%BE%D0%BB%D0%B5%D0%B7%D0%BD%D0%B0-%D0%B8%D0%BD%D1%84%D0%BE%D1%80%D0%BC%D0%B0%D1%86%D0%B8%D1%8F/%D0%B2%D0%B8%D0%B7%D0%B8"],"extracted_at":"2026-08-26T10:52:04Z"}},{"type":"Feature","geometry":{"type":"Point","coordinates":[27.8482856,42.1702827]},"properties":{"id":"78ff0e3e-4db1-4874-9117-d0fb68a8292d","name":"Port of Tsarevo (ГКПП Царево)","city":"Tsarevo","note":"Port maritime d'entrée en mer Noire, proche de la frontière turque.","mrgid":5672,"zone_name":"Bulgaria","country_iso2":"BG","validated":true,"distance_km":0.4,"geocode_source":"nominatim","source_urls":["https://visitsofia.bg/bg/%D0%BF%D0%BE%D0%BB%D0%B5%D0%B7%D0%BD%D0%B0-%D0%B8%D0%BD%D1%84%D0%BE%D1%80%D0%BC%D0%B0%D1%86%D0%B8%D1%8F/%D0%B2%D0%B8%D0%B7%D0%B8"],"extracted_at":"2026-08-26T10:52:10Z"}},{"type":"Feature","geometry":{"type":"Point","coordinates":[25.3509536,43.6158817]},"properties":{"id":"46ff9376-5eaf-4d79-a775-8f7d5fc675c8","name":"ГКПП Свищов (Svishtov)","city":"Svishtov","note":"Port fluvial d'entrée sur le Danube.","mrgid":5672,"zone_name":"Bulgaria","country_iso2":"BG","validated":false,"distance_km":259.3,"geocode_source":"nominatim","source_urls":["https://visitsofia.bg/bg/%D0%BF%D0%BE%D0%BB%D0%B5%D0%B7%D0%BD%D0%B0-%D0%B8%D0%BD%D1%84%D0%BE%D1%80%D0%BC%D0%B0%D1%86%D0%B8%D1%8F/%D0%B2%D0%B8%D0%B7%D0%B8"],"extracted_at":"2026-08-26T10:52:31Z"}},{"type":"Feature","geometry":{"type":"Point","coordinates":[25.9542057,43.8480413]},"properties":{"id":"ce9009c4-d988-4823-9173-23db7e84d75c","name":"ГКПП Русе (Ruse)","city":"Ruse","note":"Port fluvial et gare maritime sur le Danube.","mrgid":5672,"zone_name":"Bulgaria","country_iso2":"BG","validated":false,"distance_km":201.7,"geocode_source":"nominatim","source_urls":["https://visitsofia.bg/bg/%D0%BF%D0%BE%D0%BB%D0%B5%D0%B7%D0%BD%D0%B0-%D0%B8%D0%BD%D1%84%D0%BE%D1%80%D0%BC%D0%B0%D1%86%D0%B8%D1%8F/%D0%B2%D0%B8%D0%B7%D0%B8"],"extracted_at":"2026-08-26T10:52:40Z"}},{"type":"Feature","geometry":{"type":"Point","coordinates":[26.6162765,44.04596]},"properties":{"id":"83dd8971-199d-48a9-b846-fe7c8ca1239c","name":"ГКПП Тутракан (Tutrakan)","city":"Tutrakan","note":"Port fluvial d'entrée sur le Danube.","mrgid":5672,"zone_name":"Bulgaria","country_iso2":"BG","validated":false,"distance_km":148.8,"geocode_source":"nominatim","source_urls":["https://visitsofia.bg/bg/%D0%BF%D0%BE%D0%BB%D0%B5%D0%B7%D0%BD%D0%B0-%D0%B8%D0%BD%D1%84%D0%BE%D1%80%D0%BC%D0%B0%D1%86%D0%B8%D1%8F/%D0%B2%D0%B8%D0%B7%D0%B8"],"extracted_at":"2026-08-26T10:52:48Z"}},{"type":"Feature","geometry":{"type":"Point","coordinates":[27.5701437,44.0150155]},"properties":{"id":"900eea99-6caf-4823-a5bc-cb88ab55a6dc","name":"ГКПП Силистра (Silistra)","city":"Silistra","note":"Port fluvial d'entrée sur le Danube.","mrgid":5672,"zone_name":"Bulgaria","country_iso2":"BG","validated":false,"distance_km":92.0,"geocode_source":"nominatim","source_urls":["https://visitsofia.bg/bg/%D0%BF%D0%BE%D0%BB%D0%B5%D0%B7%D0%BD%D0%B0-%D0%B8%D0%BD%D1%84%D0%BE%D1%80%D0%BC%D0%B0%D1%86%D0%B8%D1%8F/%D0%B2%D0%B8%D0%B7%D0%B8"],"extracted_at":"2026-08-26T10:52:51Z"}},{"type":"Feature","geometry":{"type":"Point","coordinates":[9.7062018,4.0429389]},"properties":{"id":"8ba21491-1f4a-4fb4-a368-ede28cd7badc","name":"Port of Douala (Port Autonome de Douala)","city":"Douala","note":"Port d'entrée principal avec capitainerie, douanes, police des frontières et contrôle sanitaire.","mrgid":8475,"zone_name":"Cameroon","country_iso2":"CM","validated":true,"distance_km":2.2,"geocode_source":"nominatim","source_urls":["https://www.spm.gov.cm/site/?q=fr/node/41","https://minfi.gov.cm/forum-economique-de-douala-bilan-et-perspectives/"],"extracted_at":"2026-08-26T10:52:32Z"}},{"type":"Feature","geometry":{"type":"Point","coordinates":[9.9126989,2.9434098]},"properties":{"id":"06da1053-ad30-48d1-b9e3-05f079e0c11d","name":"Port of Kribi (Port Autonome de Kribi)","city":"Kribi","note":"Port en eau profonde avec guichet unique intégrant douanes, immigration (DGSN) et capitainerie.","mrgid":8475,"zone_name":"Cameroon","country_iso2":"CM","validated":true,"distance_km":0.8,"geocode_source":"nominatim","source_urls":["https://www.spm.gov.cm/site/?q=fr/node/41","https://minfi.gov.cm/forum-economique-de-douala-bilan-et-perspectives/"],"extracted_at":"2026-08-26T10:52:43Z"}},{"type":"Feature","geometry":{"type":"Point","coordinates":[9.2099735,4.0059009]},"properties":{"id":"4034a67e-ff2a-4f4b-9dcb-7c1309e2c480","name":"Port of Limbe (Port Autonome de Limbé)","city":"Limbe","note":"Port d'entrée désigné desservi par le bureau des douanes (Cap Limboh / Bota) et la police des frontières.","mrgid":8475,"zone_name":"Cameroon","country_iso2":"CM","validated":true,"distance_km":1.0,"geocode_source":"nominatim","source_urls":["https://www.spm.gov.cm/site/?q=fr/node/41","https://minfi.gov.cm/forum-economique-de-douala-bilan-et-perspectives/"],"extracted_at":"2026-08-26T10:52:47Z"}},{"type":"Feature","geometry":{"type":"Point","coordinates":[9.3604058,4.0900417]},"properties":{"id":"f337c9eb-4f86-4bb1-b2ed-4a9d67e66690","name":"Tiko","city":"Tiko","note":"Point d'entrée maritime secondaire avec poste frontière et bureau des douanes.","mrgid":8475,"zone_name":"Cameroon","country_iso2":"CM","validated":true,"distance_km":3.1,"geocode_source":"nominatim","source_urls":["https://www.spm.gov.cm/site/?q=fr/node/41","https://minfi.gov.cm/forum-economique-de-douala-bilan-et-perspectives/"],"extracted_at":"2026-08-26T10:52:49Z"}},{"type":"Feature","geometry":{"type":"Point","coordinates":[8.9870275,4.2166191]},"properties":{"id":"b4f63569-21c0-4670-a9ac-0c7510e1e299","name":"Idenau","city":"Idenau","note":"Point d'entrée maritime secondaire avec poste frontière et bureau des douanes.","mrgid":8475,"zone_name":"Cameroon","country_iso2":"CM","validated":true,"distance_km":0.3,"geocode_source":"nominatim","source_urls":["https://www.spm.gov.cm/site/?q=fr/node/41","https://minfi.gov.cm/forum-economique-de-douala-bilan-et-perspectives/"],"extracted_at":"2026-08-26T10:52:52Z"}},{"type":"Feature","geometry":{"type":"Point","coordinates":[-123.938122,49.163877]},"properties":{"id":"8b66f971-08cb-489a-a550-f93de9313fe8","name":"Nanaimo Boat Basin - E Dock","city":"Nanaimo","note":"Site de déclaration par téléphone pour bateaux privés (TRS/M, NEXUS/Marine, CANPASS).","mrgid":8493,"zone_name":"Canada","country_iso2":"CA","validated":true,"distance_km":0.0,"geocode_source":"nominatim","source_urls":["https://www.cbsa-asfc.gc.ca/travel-voyage/pb-pp-eng.html","https://www.canada.ca/en/border-services-agency/news/2020/04/fact-sheet-covid-19--list-of-cbsa-locations-that-remain-open-during-temporary-service-suspension-at-canadian-airports-and-private-boat-reporting-sites.html"],"extracted_at":"2026-08-26T10:53:20Z"}},{"type":"Feature","geometry":{"type":"Point","coordinates":[-123.403364,48.6830765]},"properties":{"id":"3ca75e33-6bcd-4029-a742-ed532e0cc91c","name":"Canoe Cove Marina","city":"North Saanich","note":"Site de déclaration par téléphone pour bateaux privés (TRS/M, NEXUS/Marine, CANPASS).","mrgid":8493,"zone_name":"Canada","country_iso2":"CA","validated":true,"distance_km":0.0,"geocode_source":"nominatim","source_urls":["https://www.cbsa-asfc.gc.ca/travel-voyage/pb-pp-eng.html","https://www.canada.ca/en/border-services-agency/news/2020/04/fact-sheet-covid-19--list-of-cbsa-locations-that-remain-open-during-temporary-service-suspension-at-canadian-airports-and-private-boat-reporting-sites.html"],"extracted_at":"2026-08-26T10:53:21Z"}},{"type":"Feature","geometry":{"type":"Point","coordinates":[-130.3193573,54.3196547]},"properties":{"id":"eb3f6cbb-67c7-4395-a550-46515da3480f","name":"Cow Bay Marina","city":"Prince Rupert","note":"Site de déclaration par téléphone pour bateaux privés (TRS/M, NEXUS/Marine, CANPASS).","mrgid":8493,"zone_name":"Canada","country_iso2":"CA","validated":true,"distance_km":0.0,"geocode_source":"nominatim","source_urls":["https://www.cbsa-asfc.gc.ca/travel-voyage/pb-pp-eng.html","https://www.canada.ca/en/border-services-agency/news/2020/04/fact-sheet-covid-19--list-of-cbsa-locations-that-remain-open-during-temporary-service-suspension-at-canadian-airports-and-private-boat-reporting-sites.html"],"extracted_at":"2026-08-26T10:53:27Z"}},{"type":"Feature","geometry":{"type":"Point","coordinates":[-130.32549,54.3126572]},"properties":{"id":"60dd804b-081c-442c-95d9-aee7c07bbeeb","name":"Fairview Government Dock","city":"Prince Rupert","note":"Site de déclaration par téléphone pour bateaux privés (TRS/M, NEXUS/Marine, CANPASS).","mrgid":8493,"zone_name":"Canada","country_iso2":"CA","validated":true,"distance_km":0.0,"geocode_source":"nominatim","source_urls":["https://www.cbsa-asfc.gc.ca/travel-voyage/pb-pp-eng.html","https://www.canada.ca/en/border-services-agency/news/2020/04/fact-sheet-covid-19--list-of-cbsa-locations-that-remain-open-during-temporary-service-suspension-at-canadian-airports-and-private-boat-reporting-sites.html"],"extracted_at":"2026-08-26T10:53:32Z"}},{"type":"Feature","geometry":{"type":"Point","coordinates":[-130.32549,54.3126572]},"properties":{"id":"7f3b0c0f-5595-411a-a651-5fcccde5b343","name":"Rushbrook Government Dock","city":"Prince Rupert","note":"Site de déclaration par téléphone pour bateaux privés (TRS/M, NEXUS/Marine, CANPASS).","mrgid":8493,"zone_name":"Canada","country_iso2":"CA","validated":true,"distance_km":0.0,"geocode_source":"nominatim","source_urls":["https://www.cbsa-asfc.gc.ca/travel-voyage/pb-pp-eng.html","https://www.canada.ca/en/border-services-agency/news/2020/04/fact-sheet-covid-19--list-of-cbsa-locations-that-remain-open-during-temporary-service-suspension-at-canadian-airports-and-private-boat-reporting-sites.html"],"extracted_at":"2026-08-26T10:53:37Z"}},{"type":"Feature","geometry":{"type":"Point","coordinates":[-123.137414,49.163168]},"properties":{"id":"03f83915-6bb1-40c5-baed-e44162a9ebe1","name":"Steveston Harbour Authority","city":"Richmond","note":"Site de déclaration pour bateaux privés.","mrgid":8493,"zone_name":"Canada","country_iso2":"CA","validated":true,"distance_km":2.0,"geocode_source":"nominatim","source_urls":["https://www.cbsa-asfc.gc.ca/travel-voyage/pb-pp-eng.html","https://www.canada.ca/en/border-services-agency/news/2020/04/fact-sheet-covid-19--list-of-cbsa-locations-that-remain-open-during-temporary-service-suspension-at-canadian-airports-and-private-boat-reporting-sites.html"],"extracted_at":"2026-08-26T10:53:44Z"}},{"type":"Feature","geometry":{"type":"Point","coordinates":[-123.4059762,48.6690449]},"properties":{"id":"92d2512c-ef6b-4781-8aa6-124726837c2d","name":"Van Isle Marina","city":"Sidney","note":"Site de déclaration par téléphone pour bateaux privés (TRS/M, NEXUS/Marine, CANPASS).","mrgid":8493,"zone_name":"Canada","country_iso2":"CA","validated":true,"distance_km":0.0,"geocode_source":"nominatim","source_urls":["https://www.cbsa-asfc.gc.ca/travel-voyage/pb-pp-eng.html","https://www.canada.ca/en/border-services-agency/news/2020/04/fact-sheet-covid-19--list-of-cbsa-locations-that-remain-open-during-temporary-service-suspension-at-canadian-airports-and-private-boat-reporting-sites.html"],"extracted_at":"2026-08-26T10:53:46Z"}},{"type":"Feature","geometry":{"type":"Point","coordinates":[-123.398324,48.6505788]},"properties":{"id":"c190e635-2799-4ae3-a6e3-ca874dc481af","name":"Port of Sidney","city":"Sidney","note":"Site de déclaration par téléphone pour bateaux privés (TRS/M, NEXUS/Marine, CANPASS).","mrgid":8493,"zone_name":"Canada","country_iso2":"CA","validated":true,"distance_km":0.0,"geocode_source":"nominatim","source_urls":["https://www.cbsa-asfc.gc.ca/travel-voyage/pb-pp-eng.html","https://www.canada.ca/en/border-services-agency/news/2020/04/fact-sheet-covid-19--list-of-cbsa-locations-that-remain-open-during-temporary-service-suspension-at-canadian-airports-and-private-boat-reporting-sites.html"],"extracted_at":"2026-08-26T10:53:52Z"}},{"type":"Feature","geometry":{"type":"Point","coordinates":[-123.4022548,48.674289]},"properties":{"id":"bda1a813-1a2b-474a-9d88-d7df21f80d07","name":"Tsehum Harbour","city":"Sidney","note":"Site de déclaration par téléphone pour bateaux privés (TRS/M, NEXUS/Marine, CANPASS).","mrgid":8493,"zone_name":"Canada","country_iso2":"CA","validated":true,"distance_km":0.0,"geocode_source":"nominatim","source_urls":["https://www.cbsa-asfc.gc.ca/travel-voyage/pb-pp-eng.html","https://www.canada.ca/en/border-services-agency/news/2020/04/fact-sheet-covid-19--list-of-cbsa-locations-that-remain-open-during-temporary-service-suspension-at-canadian-airports-and-private-boat-reporting-sites.html"],"extracted_at":"2026-08-26T10:53:55Z"}},{"type":"Feature","geometry":{"type":"Point","coordinates":[-122.8700502,49.0564318]},"properties":{"id":"1389e587-9827-4038-9b1b-d8f14b306e00","name":"Crescent Beach Marina","city":"Surrey","note":"Site de déclaration par téléphone pour bateaux privés (TRS/M, NEXUS/Marine, CANPASS).","mrgid":8493,"zone_name":"Canada","country_iso2":"CA","validated":true,"distance_km":0.0,"geocode_source":"nominatim","source_urls":["https://www.cbsa-asfc.gc.ca/travel-voyage/pb-pp-eng.html","https://www.canada.ca/en/border-services-agency/news/2020/04/fact-sheet-covid-19--list-of-cbsa-locations-that-remain-open-during-temporary-service-suspension-at-canadian-airports-and-private-boat-reporting-sites.html"],"extracted_at":"2026-08-26T10:53:57Z"}},{"type":"Feature","geometry":{"type":"Point","coordinates":[-123.113952,49.2608724]},"properties":{"id":"b8830fc3-459e-471b-aec5-ee3212f2c0f5","name":"False Creek Fisherman's Wharf","city":"Vancouver","note":"Site de déclaration par téléphone pour bateaux privés (TRS/M, NEXUS/Marine, CANPASS).","mrgid":8493,"zone_name":"Canada","country_iso2":"CA","validated":true,"distance_km":1.1,"geocode_source":"nominatim","source_urls":["https://www.cbsa-asfc.gc.ca/travel-voyage/pb-pp-eng.html","https://www.canada.ca/en/border-services-agency/news/2020/04/fact-sheet-covid-19--list-of-cbsa-locations-that-remain-open-during-temporary-service-suspension-at-canadian-airports-and-private-boat-reporting-sites.html"],"extracted_at":"2026-08-26T10:54:06Z"}},{"type":"Feature","geometry":{"type":"Point","coordinates":[-123.113952,49.2608724]},"properties":{"id":"b46ce52b-b6da-477b-ae4a-1fd37f3a4079","name":"Harbour Green Dock","city":"Vancouver","note":"Site de déclaration par téléphone pour bateaux privés (TRS/M, NEXUS/Marine, CANPASS).","mrgid":8493,"zone_name":"Canada","country_iso2":"CA","validated":true,"distance_km":1.1,"geocode_source":"nominatim","source_urls":["https://www.cbsa-asfc.gc.ca/travel-voyage/pb-pp-eng.html","https://www.canada.ca/en/border-services-agency/news/2020/04/fact-sheet-covid-19--list-of-cbsa-locations-that-remain-open-during-temporary-service-suspension-at-canadian-airports-and-private-boat-reporting-sites.html"],"extracted_at":"2026-08-26T10:54:12Z"}},{"type":"Feature","geometry":{"type":"Point","coordinates":[-123.1274129,49.2953343]},"properties":{"id":"c9384b05-e9ab-46dd-b2c5-bef067a27d1d","name":"Royal Vancouver Yacht Club Coal Harbour","city":"Vancouver","note":"Site de déclaration par téléphone pour bateaux privés (TRS/M, NEXUS/Marine, CANPASS).","mrgid":8493,"zone_name":"Canada","country_iso2":"CA","validated":true,"distance_km":0.0,"geocode_source":"nominatim","source_urls":["https://www.cbsa-asfc.gc.ca/travel-voyage/pb-pp-eng.html","https://www.canada.ca/en/border-services-agency/news/2020/04/fact-sheet-covid-19--list-of-cbsa-locations-that-remain-open-during-temporary-service-suspension-at-canadian-airports-and-private-boat-reporting-sites.html"],"extracted_at":"2026-08-26T10:54:14Z"}},{"type":"Feature","geometry":{"type":"Point","coordinates":[-123.113952,49.2608724]},"properties":{"id":"9193df48-6e56-4381-828c-9d6f5664babd","name":"Royal Vancouver Yacht Club Jericho Dock","city":"Vancouver","note":"Site de déclaration par téléphone pour bateaux privés (TRS/M, NEXUS/Marine, CANPASS).","mrgid":8493,"zone_name":"Canada","country_iso2":"CA","validated":true,"distance_km":1.1,"geocode_source":"nominatim","source_urls":["https://www.cbsa-asfc.gc.ca/travel-voyage/pb-pp-eng.html","https://www.canada.ca/en/border-services-agency/news/2020/04/fact-sheet-covid-19--list-of-cbsa-locations-that-remain-open-during-temporary-service-suspension-at-canadian-airports-and-private-boat-reporting-sites.html"],"extracted_at":"2026-08-26T10:54:21Z"}},{"type":"Feature","geometry":{"type":"Point","coordinates":[-123.3019727,48.4253896]},"properties":{"id":"c50becf8-6202-483b-80f6-8241101bcdde","name":"Oak Bay Marina","city":"Victoria","note":"Site de déclaration par téléphone pour bateaux privés (TRS/M, NEXUS/Marine, CANPASS).","mrgid":8493,"zone_name":"Canada","country_iso2":"CA","validated":true,"distance_km":0.0,"geocode_source":"nominatim","source_urls":["https://www.cbsa-asfc.gc.ca/travel-voyage/pb-pp-eng.html","https://www.canada.ca/en/border-services-agency/news/2020/04/fact-sheet-covid-19--list-of-cbsa-locations-that-remain-open-during-temporary-service-suspension-at-canadian-airports-and-private-boat-reporting-sites.html"],"extracted_at":"2026-08-26T10:54:25Z"}},{"type":"Feature","geometry":{"type":"Point","coordinates":[-123.364953,48.4283182]},"properties":{"id":"c848e99f-8061-458e-a444-e77d2249ebdf","name":"Raymur Point CBSA Boat Dock","city":"Victoria","note":"Site de déclaration par téléphone pour bateaux privés (TRS/M, NEXUS/Marine, CANPASS).","mrgid":8493,"zone_name":"Canada","country_iso2":"CA","validated":true,"distance_km":0.0,"geocode_source":"nominatim","source_urls":["https://www.cbsa-asfc.gc.ca/travel-voyage/pb-pp-eng.html","https://www.canada.ca/en/border-services-agency/news/2020/04/fact-sheet-covid-19--list-of-cbsa-locations-that-remain-open-during-temporary-service-suspension-at-canadian-airports-and-private-boat-reporting-sites.html"],"extracted_at":"2026-08-26T10:54:32Z"}},{"type":"Feature","geometry":{"type":"Point","coordinates":[-123.2952096,48.4525644]},"properties":{"id":"2222d6cc-442f-4fed-8d20-dfd44c89f950","name":"Royal Victoria Yacht Club","city":"Victoria","note":"Site de déclaration par téléphone pour bateaux privés (TRS/M, NEXUS/Marine, CANPASS).","mrgid":8493,"zone_name":"Canada","country_iso2":"CA","validated":true,"distance_km":0.1,"geocode_source":"nominatim","source_urls":["https://www.cbsa-asfc.gc.ca/travel-voyage/pb-pp-eng.html","https://www.canada.ca/en/border-services-agency/news/2020/04/fact-sheet-covid-19--list-of-cbsa-locations-that-remain-open-during-temporary-service-suspension-at-canadian-airports-and-private-boat-reporting-sites.html"],"extracted_at":"2026-08-26T10:54:36Z"}},{"type":"Feature","geometry":{"type":"Point","coordinates":[-122.797924,49.0235357]},"properties":{"id":"df2515c5-0ff5-4b53-aebe-ac02b9ae06ea","name":"White Rock Government Dock","city":"White Rock","note":"Site de déclaration par téléphone pour bateaux privés (TRS/M, NEXUS/Marine, CANPASS).","mrgid":8493,"zone_name":"Canada","country_iso2":"CA","validated":true,"distance_km":0.0,"geocode_source":"nominatim","source_urls":["https://www.cbsa-asfc.gc.ca/travel-voyage/pb-pp-eng.html","https://www.canada.ca/en/border-services-agency/news/2020/04/fact-sheet-covid-19--list-of-cbsa-locations-that-remain-open-during-temporary-service-suspension-at-canadian-airports-and-private-boat-reporting-sites.html"],"extracted_at":"2026-08-26T10:54:43Z"}},{"type":"Feature","geometry":{"type":"Point","coordinates":[-15.4145173,28.1431641]},"properties":{"id":"13fc1a57-6814-4010-bed2-0dbc688b6815","name":"Puerto de Las Palmas","city":"Las Palmas de Gran Canaria","note":"Poste frontière maritime officiel Schengen (Puesto Fronterizo) et dédouanement.","mrgid":8364,"zone_name":"Canary Islands","country_iso2":null,"validated":true,"distance_km":0.4,"geocode_source":"nominatim","source_urls":["https://www.boe.es/buscar/doc.php?id=BOE-A-2007-16729","https://www.puertosdetenerife.org/puertos/"],"extracted_at":"2026-08-26T10:55:21Z"}},{"type":"Feature","geometry":{"type":"Point","coordinates":[-16.2177802,28.4919087]},"properties":{"id":"8f78dbb7-a6a2-4cc5-93d1-69cf532a7a79","name":"Puerto de Santa Cruz de Tenerife","city":"Santa Cruz de Tenerife","note":"Poste frontière maritime officiel Schengen (Puesto Fronterizo) et dédouanement.","mrgid":8364,"zone_name":"Canary Islands","country_iso2":null,"validated":true,"distance_km":0.0,"geocode_source":"nominatim","source_urls":["https://www.boe.es/buscar/doc.php?id=BOE-A-2007-16729","https://www.puertosdetenerife.org/puertos/"],"extracted_at":"2026-08-26T10:55:22Z"}},{"type":"Feature","geometry":{"type":"Point","coordinates":[-13.5369948,28.9708165]},"properties":{"id":"92b46c47-8d44-4f0e-9261-9411e9a4c399","name":"Puerto de Arrecife","city":"Arrecife","note":"Poste frontière maritime officiel Schengen (Puesto Fronterizo) et dédouanement.","mrgid":8364,"zone_name":"Canary Islands","country_iso2":null,"validated":true,"distance_km":0.0,"geocode_source":"nominatim","source_urls":["https://www.boe.es/buscar/doc.php?id=BOE-A-2007-16729","https://www.puertosdetenerife.org/puertos/"],"extracted_at":"2026-08-26T10:55:24Z"}},{"type":"Feature","geometry":{"type":"Point","coordinates":[-13.8567826,28.4947858]},"properties":{"id":"adb8d046-8857-4a55-83a2-04dd11c3f8d4","name":"Puerto del Rosario","city":"Puerto del Rosario","note":"Habilité comme poste frontière extérieur Schengen (BOE Orden PRE/2729/2007).","mrgid":8364,"zone_name":"Canary Islands","country_iso2":null,"validated":true,"distance_km":1.6,"geocode_source":"nominatim","source_urls":["https://www.boe.es/buscar/doc.php?id=BOE-A-2007-16729","https://www.puertosdetenerife.org/puertos/"],"extracted_at":"2026-08-26T10:55:25Z"}},{"type":"Feature","geometry":{"type":"Point","coordinates":[-17.7693034,28.6760756]},"properties":{"id":"bfb32040-8051-4a99-a67c-0e13a2c00322","name":"Puerto de Santa Cruz de La Palma","city":"Santa Cruz de La Palma","note":"Poste frontière maritime officiel Schengen (Puesto Fronterizo) et dédouanement.","mrgid":8364,"zone_name":"Canary Islands","country_iso2":null,"validated":true,"distance_km":2.0,"geocode_source":"nominatim","source_urls":["https://www.boe.es/buscar/doc.php?id=BOE-A-2007-16729","https://www.puertosdetenerife.org/puertos/"],"extracted_at":"2026-08-26T10:55:26Z"}},{"type":"Feature","geometry":{"type":"Point","coordinates":[-25.0028882,16.8831878]},"properties":{"id":"192bb62c-9ea3-4832-ab73-16834154068c","name":"Porto Grande","city":"Mindelo","note":"Poste frontière maritime officiel, île de São Vicente.","mrgid":8362,"zone_name":"Cape Verde","country_iso2":"CV","validated":true,"distance_km":1.6,"geocode_source":"nominatim","source_urls":["https://aai.gov.cv/cat-geral/56-os-postos-habilitados-de-fronteiras-phf-de-cabo-verde-sao"],"extracted_at":"2026-08-26T10:55:37Z"}},{"type":"Feature","geometry":{"type":"Point","coordinates":[-23.5111941,14.9185382]},"properties":{"id":"479cac8c-70e0-4809-8577-e7aef7e79784","name":"Porto da Cidade da Praia","city":"Praia","note":"Poste frontière maritime officiel, île de Santiago.","mrgid":8362,"zone_name":"Cape Verde","country_iso2":"CV","validated":true,"distance_km":0.2,"geocode_source":"nominatim","source_urls":["https://aai.gov.cv/cat-geral/56-os-postos-habilitados-de-fronteiras-phf-de-cabo-verde-sao"],"extracted_at":"2026-08-26T10:55:42Z"}},{"type":"Feature","geometry":{"type":"Point","coordinates":[-24.9794361,16.8572662]},"properties":{"id":"53ad8fce-13ea-4936-bcc6-a87aceaa90cc","name":"Porto de Palmeiras","city":"Palmeira","note":"Poste frontière maritime officiel, île de Sal.","mrgid":8362,"zone_name":"Cape Verde","country_iso2":"CV","validated":true,"distance_km":5.1,"geocode_source":"nominatim","source_urls":["https://aai.gov.cv/cat-geral/56-os-postos-habilitados-de-fronteiras-phf-de-cabo-verde-sao"],"extracted_at":"2026-08-26T10:55:49Z"}},{"type":"Feature","geometry":{"type":"Point","coordinates":[-81.3807776,19.2953549]},"properties":{"id":"4c94b142-3cc4-4f48-8e8d-1b0af4dc2d97","name":"George Town Port","city":"George Town","note":"Port d'entrée officiel sur Grand Cayman. Contacter les autorités sur VHF 16.","mrgid":8407,"zone_name":"Cayman Islands","country_iso2":"KY","validated":true,"distance_km":1.2,"geocode_source":"nominatim","source_urls":["https://gov.ky/web/cbc/trade/ocean-vessel"],"extracted_at":"2026-08-26T10:55:45Z"}},{"type":"Feature","geometry":{"type":"Point","coordinates":[-79.79314,19.7198862]},"properties":{"id":"99f2b2c9-b410-473c-a044-80d561778e0d","name":"Cayman Brac Port","city":"Cayman Brac","note":"Port d'entrée officiel pour les arrivées directes sur Cayman Brac.","mrgid":8407,"zone_name":"Cayman Islands","country_iso2":"KY","validated":true,"distance_km":0.0,"geocode_source":"nominatim","source_urls":["https://gov.ky/web/cbc/trade/ocean-vessel"],"extracted_at":"2026-08-26T10:55:51Z"}},{"type":"Feature","geometry":{"type":"Point","coordinates":[-5.3139077,35.8889672]},"properties":{"id":"c0dd2a70-b59b-45d9-be61-4ef75a18db3f","name":"Puerto de Ceuta","city":"Ceuta","note":"Port d'entrée officiel incluant le port de plaisance (Puerto Deportivo Marina Hércules).","mrgid":49002,"zone_name":"Ceuta","country_iso2":null,"validated":true,"distance_km":1.1,"geocode_source":"nominatim","source_urls":["https://sede.agenciatributaria.gob.es/Sede/deudas-apremios-embargos-subastas/otras-subastas/subasta-n-1-2026-dependencia-melilla.html"],"extracted_at":"2026-08-26T10:56:04Z"}},{"type":"Feature","geometry":{"type":"Point","coordinates":[-70.3214246,-18.4792205]},"properties":{"id":"5a8da59b-39d4-410f-bcd0-e56332a785c7","name":"Arica","city":"Arica","note":"Capitanía de Puerto et bureau de douane (Aduana)","mrgid":8465,"zone_name":"Chile","country_iso2":"CL","validated":true,"distance_km":0.0,"geocode_source":"nominatim","source_urls":["https://www.sag.gob.cl/ambitos-de-accion/puertos-habilitados-ingreso-chile"],"extracted_at":"2026-08-26T10:56:46Z"}},{"type":"Feature","geometry":{"type":"Point","coordinates":[-70.1376793,-20.2125573]},"properties":{"id":"0bd29a47-7335-4501-90ed-aa3090848c90","name":"Iquique","city":"Iquique","note":"Capitanía de Puerto et bureau de douane (Aduana)","mrgid":8465,"zone_name":"Chile","country_iso2":"CL","validated":true,"distance_km":1.2,"geocode_source":"nominatim","source_urls":["https://www.sag.gob.cl/ambitos-de-accion/puertos-habilitados-ingreso-chile"],"extracted_at":"2026-08-26T10:56:47Z"}},{"type":"Feature","geometry":{"type":"Point","coordinates":[-70.1960657,-22.0887189]},"properties":{"id":"b06b0014-ed78-4b4f-8b2f-9d81e6417c82","name":"Tocopilla","city":"Tocopilla","note":"Capitanía de Puerto et bureau de douane (Aduana)","mrgid":8465,"zone_name":"Chile","country_iso2":"CL","validated":true,"distance_km":2.5,"geocode_source":"nominatim","source_urls":["https://www.sag.gob.cl/ambitos-de-accion/puertos-habilitados-ingreso-chile"],"extracted_at":"2026-08-26T10:56:48Z"}},{"type":"Feature","geometry":{"type":"Point","coordinates":[-70.3980033,-23.6463741]},"properties":{"id":"619c8e60-c863-4e3e-8f5c-4a4cbbd01c5f","name":"Antofagasta","city":"Antofagasta","note":"Capitanía de Puerto et bureau de douane (Aduana)","mrgid":8465,"zone_name":"Chile","country_iso2":"CL","validated":true,"distance_km":1.2,"geocode_source":"nominatim","source_urls":["https://www.sag.gob.cl/ambitos-de-accion/puertos-habilitados-ingreso-chile"],"extracted_at":"2026-08-26T10:56:49Z"}},{"type":"Feature","geometry":{"type":"Point","coordinates":[-70.8571184,-27.1027663]},"properties":{"id":"c211c5eb-1b28-48b7-97b8-c383c257f380","name":"Caldera / Chañaral","city":"Caldera / Chañaral","note":"Capitanía de Puerto de Caldera / Aduana de Chañaral","mrgid":8465,"zone_name":"Chile","country_iso2":"CL","validated":true,"distance_km":0.0,"geocode_source":"nominatim","source_urls":["https://www.sag.gob.cl/ambitos-de-accion/puertos-habilitados-ingreso-chile"],"extracted_at":"2026-08-26T10:56:50Z"}},{"type":"Feature","geometry":{"type":"Point","coordinates":[-71.3379503,-29.9531851]},"properties":{"id":"e38c6447-ece5-4fef-8a74-1775b43dbcdf","name":"Coquimbo","city":"Coquimbo","note":"Capitanía de Puerto et bureau de douane (Aduana)","mrgid":8465,"zone_name":"Chile","country_iso2":"CL","validated":true,"distance_km":1.9,"geocode_source":"nominatim","source_urls":["https://www.sag.gob.cl/ambitos-de-accion/puertos-habilitados-ingreso-chile"],"extracted_at":"2026-08-26T10:56:51Z"}},{"type":"Feature","geometry":{"type":"Point","coordinates":[-71.6196749,-33.0458456]},"properties":{"id":"978255ca-9458-4ae3-8c9b-53769ff786bc","name":"Valparaíso","city":"Valparaíso","note":"Capitanía de Puerto et bureau de douane (Aduana)","mrgid":8465,"zone_name":"Chile","country_iso2":"CL","validated":true,"distance_km":3.1,"geocode_source":"nominatim","source_urls":["https://www.sag.gob.cl/ambitos-de-accion/puertos-habilitados-ingreso-chile"],"extracted_at":"2026-08-26T10:56:53Z"}},{"type":"Feature","geometry":{"type":"Point","coordinates":[-71.5315518,-32.7828987]},"properties":{"id":"9f54fd3f-895d-4559-ab23-800006e7cdda","name":"Quintero","city":"Quintero","note":"Capitanía de Puerto de Quintero","mrgid":8465,"zone_name":"Chile","country_iso2":"CL","validated":true,"distance_km":0.4,"geocode_source":"nominatim","source_urls":["https://www.sag.gob.cl/ambitos-de-accion/puertos-habilitados-ingreso-chile"],"extracted_at":"2026-08-26T10:56:53Z"}},{"type":"Feature","geometry":{"type":"Point","coordinates":[-71.6116811,-33.5852695]},"properties":{"id":"2ff8e3e7-bbb0-4966-a076-9b8f4b52f606","name":"San Antonio","city":"San Antonio","note":"Capitanía de Puerto et bureau de douane (Aduana)","mrgid":8465,"zone_name":"Chile","country_iso2":"CL","validated":true,"distance_km":0.8,"geocode_source":"nominatim","source_urls":["https://www.sag.gob.cl/ambitos-de-accion/puertos-habilitados-ingreso-chile"],"extracted_at":"2026-08-26T10:56:55Z"}},{"type":"Feature","geometry":{"type":"Point","coordinates":[-73.1192096,-36.723265]},"properties":{"id":"fc40a393-c77b-449e-8370-b9706820bec3","name":"Talcahuano / San Vicente","city":"Talcahuano / Concepción","note":"Capitanía de Puerto et bureau de douane (Aduana)","mrgid":8465,"zone_name":"Chile","country_iso2":"CL","validated":true,"distance_km":1.7,"geocode_source":"nominatim","source_urls":["https://www.sag.gob.cl/ambitos-de-accion/puertos-habilitados-ingreso-chile"],"extracted_at":"2026-08-26T10:56:55Z"}},{"type":"Feature","geometry":{"type":"Point","coordinates":[-73.3842048,-39.8728786]},"properties":{"id":"fd525ec1-6b0f-4368-8109-561b66fc1320","name":"Corral / Niebla / Valdivia","city":"Valdivia / Corral","note":"Capitanía de Puerto de Valdivia & Corral / Aduana Valdivia-Osorno","mrgid":8465,"zone_name":"Chile","country_iso2":"CL","validated":true,"distance_km":0.0,"geocode_source":"nominatim","source_urls":["https://www.sag.gob.cl/ambitos-de-accion/puertos-habilitados-ingreso-chile"],"extracted_at":"2026-08-26T10:56:58Z"}},{"type":"Feature","geometry":{"type":"Point","coordinates":[-72.9050737,-41.4849593]},"properties":{"id":"07d7c75f-5931-446e-8de1-caf1ff71ec92","name":"Puerto Montt","city":"Puerto Montt","note":"Capitanía de Puerto et bureau de douane (Aduana)","mrgid":8465,"zone_name":"Chile","country_iso2":"CL","validated":true,"distance_km":0.0,"geocode_source":"nominatim","source_urls":["https://www.sag.gob.cl/ambitos-de-accion/puertos-habilitados-ingreso-chile"],"extracted_at":"2026-08-26T10:56:59Z"}},{"type":"Feature","geometry":{"type":"Point","coordinates":[-73.7767706,-42.4667572]},"properties":{"id":"1ad2a21e-d0a1-4f1d-a37d-96f6914f7de7","name":"Ancud / Castro","city":"Isla de Chiloé","note":"Capitanía de Puerto de Ancud / Castro","mrgid":8465,"zone_name":"Chile","country_iso2":"CL","validated":true,"distance_km":1.3,"geocode_source":"nominatim","source_urls":["https://www.sag.gob.cl/ambitos-de-accion/puertos-habilitados-ingreso-chile"],"extracted_at":"2026-08-26T10:57:01Z"}},{"type":"Feature","geometry":{"type":"Point","coordinates":[-72.8150226,-45.4643889]},"properties":{"id":"f61a2a11-e51d-4f5b-84dd-6c8845b93b76","name":"Puerto Chacabuco","city":"Puerto Aysén / Chacabuco","note":"Capitanía de Puerto de Chacabuco / Aduana de Puerto Aysén","mrgid":8465,"zone_name":"Chile","country_iso2":"CL","validated":true,"distance_km":0.0,"geocode_source":"nominatim","source_urls":["https://www.sag.gob.cl/ambitos-de-accion/puertos-habilitados-ingreso-chile"],"extracted_at":"2026-08-26T10:57:02Z"}},{"type":"Feature","geometry":{"type":"Point","coordinates":[-72.4904239,-51.735838]},"properties":{"id":"b67f0ae9-e498-42b3-8b0b-4739b8622cf2","name":"Puerto Natales","city":"Puerto Natales","note":"Capitanía de Puerto de Puerto Natales","mrgid":8465,"zone_name":"Chile","country_iso2":"CL","validated":true,"distance_km":0.0,"geocode_source":"nominatim","source_urls":["https://www.sag.gob.cl/ambitos-de-accion/puertos-habilitados-ingreso-chile"],"extracted_at":"2026-08-26T10:57:03Z"}},{"type":"Feature","geometry":{"type":"Point","coordinates":[-70.907822,-53.1625688]},"properties":{"id":"5c453dc8-726e-4c81-8c01-0d882b23705d","name":"Punta Arenas","city":"Punta Arenas","note":"Capitanía de Puerto et bureau régional des douanes","mrgid":8465,"zone_name":"Chile","country_iso2":"CL","validated":true,"distance_km":1.4,"geocode_source":"nominatim","source_urls":["https://www.sag.gob.cl/ambitos-de-accion/puertos-habilitados-ingreso-chile"],"extracted_at":"2026-08-26T10:57:06Z"}},{"type":"Feature","geometry":{"type":"Point","coordinates":[-67.6062504,-54.9357749]},"properties":{"id":"d6c8b3c9-ab47-4c4b-a845-a6e521aaac67","name":"Puerto Williams","city":"Isla Navarino","note":"Port d'entrée principal via le canal Beagle / Argentine","mrgid":8465,"zone_name":"Chile","country_iso2":"CL","validated":true,"distance_km":1.0,"geocode_source":"nominatim","source_urls":["https://www.sag.gob.cl/ambitos-de-accion/puertos-habilitados-ingreso-chile"],"extracted_at":"2026-08-26T10:57:10Z"}},{"type":"Feature","geometry":{"type":"Point","coordinates":[-78.8206039,-33.6351676]},"properties":{"id":"c1846448-0678-4437-8dea-d9d378963d41","name":"Bahía Cumberland","city":"Robinson Crusoe Island","note":"Archipel Juan Fernández","mrgid":8465,"zone_name":"Chile","country_iso2":"CL","validated":true,"distance_km":0.0,"geocode_source":"nominatim","source_urls":["https://www.sag.gob.cl/ambitos-de-accion/puertos-habilitados-ingreso-chile"],"extracted_at":"2026-08-26T10:57:16Z"}},{"type":"Feature","geometry":{"type":"Point","coordinates":[113.2589581,23.1288429]},"properties":{"id":"c274c8b0-3e10-4e53-a4ae-b00b06887923","name":"广州南沙客运港口岸 (Guangzhou Nansha Passenger Port / Nansha Marina)","city":"Guangzhou","note":"Port d'entrée désigné pour la plaisance (Grand Bay Area / Guangdong).","mrgid":8486,"zone_name":"China","country_iso2":"CN","validated":true,"distance_km":1.4,"geocode_source":"nominatim","source_urls":["https://xxgk.mot.gov.cn/jigou/haishi/202605/t20260520_4205839.html","https://gwj.gz.gov.cn/ghzt/saggly/content/post_10839994.html"],"extracted_at":"2026-08-26T10:57:11Z"}},{"type":"Feature","geometry":{"type":"Point","coordinates":[114.0545429,22.5445741]},"properties":{"id":"77938524-9a77-44b2-89fa-f4f2efc75ef5","name":"深圳蛇口邮轮母港口岸 (Shenzhen Shekou Cruise Homeport / Taizi Bay)","city":"Shenzhen","note":"Port d'entrée officiel pour les yachts et navires de plaisance.","mrgid":8486,"zone_name":"China","country_iso2":"CN","validated":true,"distance_km":3.0,"geocode_source":"nominatim","source_urls":["https://xxgk.mot.gov.cn/jigou/haishi/202605/t20260520_4205839.html","https://gwj.gz.gov.cn/ghzt/saggly/content/post_10839994.html"],"extracted_at":"2026-08-26T10:57:19Z"}},{"type":"Feature","geometry":{"type":"Point","coordinates":[114.0545429,22.5445741]},"properties":{"id":"449f1844-9b64-4947-8473-31c1c3f8ed4f","name":"深圳机场码头口岸 (Shenzhen Airport Ferry Terminal)","city":"Shenzhen","note":"Port d'entrée désigné pour les yachts dans la région de la baie de Shenzhen.","mrgid":8486,"zone_name":"China","country_iso2":"CN","validated":true,"distance_km":3.0,"geocode_source":"nominatim","source_urls":["https://xxgk.mot.gov.cn/jigou/haishi/202605/t20260520_4205839.html","https://gwj.gz.gov.cn/ghzt/saggly/content/post_10839994.html"],"extracted_at":"2026-08-26T10:57:23Z"}},{"type":"Feature","geometry":{"type":"Point","coordinates":[113.5721327,22.273734]},"properties":{"id":"f180a309-9b43-4042-ab47-5f2a2c336458","name":"珠海九洲港口岸 (Zhuhai Jiuzhou Port)","city":"Zhuhai","note":"Port d'entrée officiel pour la plaisance (Guangdong-Hong Kong-Macao).","mrgid":8486,"zone_name":"China","country_iso2":"CN","validated":true,"distance_km":0.0,"geocode_source":"nominatim","source_urls":["https://xxgk.mot.gov.cn/jigou/haishi/202605/t20260520_4205839.html","https://gwj.gz.gov.cn/ghzt/saggly/content/post_10839994.html"],"extracted_at":"2026-08-26T10:57:27Z"}},{"type":"Feature","geometry":{"type":"Point","coordinates":[113.5721327,22.273734]},"properties":{"id":"0adae0e0-5596-4362-b92f-61e4910de726","name":"珠海万山港口岸 (Zhuhai Wanshan Port / Guishan Terminal)","city":"Zhuhai","note":"Point d'entrée insulaire désigné pour les yachts de plaisance.","mrgid":8486,"zone_name":"China","country_iso2":"CN","validated":true,"distance_km":0.0,"geocode_source":"nominatim","source_urls":["https://xxgk.mot.gov.cn/jigou/haishi/202605/t20260520_4205839.html","https://gwj.gz.gov.cn/ghzt/saggly/content/post_10839994.html"],"extracted_at":"2026-08-26T10:57:32Z"}},{"type":"Feature","geometry":{"type":"Point","coordinates":[118.4132323,39.6587994]},"properties":{"id":"f0a71a0b-0ea8-420f-aeb3-4e2dd02a13c6","name":"中山港口岸 (Zhongshan Port / Shenwan Marina)","city":"Zhongshan","note":"Port d'entrée désigné pour la plaisance (marina de Shenwan).","mrgid":8486,"zone_name":"China","country_iso2":"CN","validated":false,"distance_km":58.3,"geocode_source":"nominatim","source_urls":["https://xxgk.mot.gov.cn/jigou/haishi/202605/t20260520_4205839.html","https://gwj.gz.gov.cn/ghzt/saggly/content/post_10839994.html"],"extracted_at":"2026-08-26T10:57:34Z"}},{"type":"Feature","geometry":{"type":"Point","coordinates":[109.5034392,18.2534658]},"properties":{"id":"e82578d5-8014-431d-92ce-6cdeac0b2425","name":"三亚港口岸 (Sanya Port)","city":"Sanya","note":"Port de clearance officiel (marinas Serenity Peninsula et Hongzhou Yacht Club).","mrgid":8486,"zone_name":"China","country_iso2":"CN","validated":true,"distance_km":0.8,"geocode_source":"nominatim","source_urls":["https://xxgk.mot.gov.cn/jigou/haishi/202605/t20260520_4205839.html","https://gwj.gz.gov.cn/ghzt/saggly/content/post_10839994.html"],"extracted_at":"2026-08-26T10:57:38Z"}},{"type":"Feature","geometry":{"type":"Point","coordinates":[109.947222,18.568333]},"properties":{"id":"a9599f51-885b-441e-a19f-cb55a1baf5eb","name":"三亚港口岸清水湾港区 (Sanya Port – Lingshui Clearwater Bay Marina Area)","city":"Lingshui","note":"Zone portuaire d'entrée approuvée pour les yachts internationaux.","mrgid":8486,"zone_name":"China","country_iso2":"CN","validated":true,"distance_km":16.5,"geocode_source":"nominatim","source_urls":["https://xxgk.mot.gov.cn/jigou/haishi/202605/t20260520_4205839.html","https://gwj.gz.gov.cn/ghzt/saggly/content/post_10839994.html"],"extracted_at":"2026-08-26T10:57:43Z"}},{"type":"Feature","geometry":{"type":"Point","coordinates":[113.5756372,22.2073967]},"properties":{"id":"6a8a5520-d14e-4f12-86af-2a4166086e62","name":"海口港口岸 (Haikou Port)","city":"Haikou","note":"Port de clearance incluant la marina publique National Sailing Base à Xiuying.","mrgid":8486,"zone_name":"China","country_iso2":"CN","validated":true,"distance_km":0.0,"geocode_source":"nominatim","source_urls":["https://xxgk.mot.gov.cn/jigou/haishi/202605/t20260520_4205839.html","https://gwj.gz.gov.cn/ghzt/saggly/content/post_10839994.html"],"extracted_at":"2026-08-26T10:57:46Z"}},{"type":"Feature","geometry":{"type":"Point","coordinates":[109.404444,19.568889]},"properties":{"id":"434398e1-8795-4305-a94b-8b2c7e2fcd86","name":"洋浦港口岸 (Yangpu Port)","city":"Danzhou","note":"Port ouvert désigné pour les formalités de clearance à Hainan.","mrgid":8486,"zone_name":"China","country_iso2":"CN","validated":true,"distance_km":20.5,"geocode_source":"nominatim","source_urls":["https://xxgk.mot.gov.cn/jigou/haishi/202605/t20260520_4205839.html","https://gwj.gz.gov.cn/ghzt/saggly/content/post_10839994.html"],"extracted_at":"2026-08-26T10:57:50Z"}},{"type":"Feature","geometry":{"type":"Point","coordinates":[110.7932208,19.5452604]},"properties":{"id":"93df27c3-2624-46fa-a0ea-b740b899bf58","name":"清澜港口岸 (Qinglan Port)","city":"Wenchang","note":"Port d'entrée désigné pour les navires de plaisance à Hainan.","mrgid":8486,"zone_name":"China","country_iso2":"CN","validated":true,"distance_km":3.8,"geocode_source":"nominatim","source_urls":["https://xxgk.mot.gov.cn/jigou/haishi/202605/t20260520_4205839.html","https://gwj.gz.gov.cn/ghzt/saggly/content/post_10839994.html"],"extracted_at":"2026-08-26T10:57:56Z"}},{"type":"Feature","geometry":{"type":"Point","coordinates":[-75.5277479,10.341718]},"properties":{"id":"cc9eddf8-1f97-45be-9486-7fe3146a9637","name":"Cartagena","city":"Cartagena de Indias","note":"Capitanía de Puerto de Cartagena et PCMM Cartagena.","mrgid":8426,"zone_name":"Colombia","country_iso2":"CO","validated":true,"distance_km":0.0,"geocode_source":"nominatim","source_urls":["https://portal.migracioncolombia.gov.co/planeacion-y-estadistica/observatorio-om3/dinamicas-migratorias/migracion-regular"],"extracted_at":"2026-08-26T10:59:59Z"}},{"type":"Feature","geometry":{"type":"Point","coordinates":[-74.1950916,11.2320944]},"properties":{"id":"4f4422db-3671-47a4-b99d-eb0d4d5b9331","name":"Santa Marta","city":"Santa Marta","note":"Capitanía de Puerto de Santa Marta et PCMM Santa Marta.","mrgid":8426,"zone_name":"Colombia","country_iso2":"CO","validated":true,"distance_km":3.1,"geocode_source":"nominatim","source_urls":["https://portal.migracioncolombia.gov.co/planeacion-y-estadistica/observatorio-om3/dinamicas-migratorias/migracion-regular"],"extracted_at":"2026-08-26T11:00:00Z"}},{"type":"Feature","geometry":{"type":"Point","coordinates":[-81.7204155,12.5375979]},"properties":{"id":"71eb913b-f962-4c48-a587-24c37b26a478","name":"San Andrés","city":"San Andrés","note":"Capitanía de Puerto de San Andrés et PCMM San Andrés.","mrgid":8426,"zone_name":"Colombia","country_iso2":"CO","validated":true,"distance_km":0.0,"geocode_source":"nominatim","source_urls":["https://portal.migracioncolombia.gov.co/planeacion-y-estadistica/observatorio-om3/dinamicas-migratorias/migracion-regular"],"extracted_at":"2026-08-26T11:00:01Z"}},{"type":"Feature","geometry":{"type":"Point","coordinates":[-81.3749889,13.3531166]},"properties":{"id":"45da3258-ffc9-45df-91f6-5432a6f8fe51","name":"Providencia","city":"Providencia y Santa Catalina","note":"Capitanía de Puerto de Providencia et PCMM Providencia.","mrgid":8426,"zone_name":"Colombia","country_iso2":"CO","validated":true,"distance_km":0.5,"geocode_source":"nominatim","source_urls":["https://portal.migracioncolombia.gov.co/planeacion-y-estadistica/observatorio-om3/dinamicas-migratorias/migracion-regular"],"extracted_at":"2026-08-26T11:00:02Z"}},{"type":"Feature","geometry":{"type":"Point","coordinates":[-74.8621739,11.0168151]},"properties":{"id":"541c6425-aab0-494a-871b-f8b2ac77f239","name":"Barranquilla / Puerto Colombia","city":"Barranquilla","note":"Capitanía de Puerto de Barranquilla et PCMM Barranquilla.","mrgid":8426,"zone_name":"Colombia","country_iso2":"CO","validated":true,"distance_km":3.6,"geocode_source":"nominatim","source_urls":["https://portal.migracioncolombia.gov.co/planeacion-y-estadistica/observatorio-om3/dinamicas-migratorias/migracion-regular"],"extracted_at":"2026-08-26T11:00:03Z"}},{"type":"Feature","geometry":{"type":"Point","coordinates":[-75.6787017,9.4017581]},"properties":{"id":"b96b8f7c-4b94-4a96-9d51-b3a75c2430a4","name":"Coveñas","city":"Coveñas","note":"Capitanía de Puerto de Coveñas et PCMM Coveñas.","mrgid":8426,"zone_name":"Colombia","country_iso2":"CO","validated":true,"distance_km":2.5,"geocode_source":"nominatim","source_urls":["https://portal.migracioncolombia.gov.co/planeacion-y-estadistica/observatorio-om3/dinamicas-migratorias/migracion-regular"],"extracted_at":"2026-08-26T11:00:04Z"}},{"type":"Feature","geometry":{"type":"Point","coordinates":[-76.7276455,8.093922]},"properties":{"id":"3345832b-4578-408e-88da-6a4a63c3f07f","name":"Turbo","city":"Turbo","note":"Capitanía de Puerto de Turbo et PCMM Turbo.","mrgid":8426,"zone_name":"Colombia","country_iso2":"CO","validated":true,"distance_km":0.0,"geocode_source":"nominatim","source_urls":["https://portal.migracioncolombia.gov.co/planeacion-y-estadistica/observatorio-om3/dinamicas-migratorias/migracion-regular"],"extracted_at":"2026-08-26T11:00:05Z"}},{"type":"Feature","geometry":{"type":"Point","coordinates":[-77.3471324,8.6373027]},"properties":{"id":"f324a4d0-6882-4c33-8e91-0c15d1689aec","name":"Capurganá","city":"Acandí / Capurganá","note":"Puesto de Control Migratorio Marítimo (PCMM Capurganá).","mrgid":8426,"zone_name":"Colombia","country_iso2":"CO","validated":true,"distance_km":0.0,"geocode_source":"nominatim","source_urls":["https://portal.migracioncolombia.gov.co/planeacion-y-estadistica/observatorio-om3/dinamicas-migratorias/migracion-regular"],"extracted_at":"2026-08-26T11:00:06Z"}},{"type":"Feature","geometry":{"type":"Point","coordinates":[-72.265783,11.7148608]},"properties":{"id":"9973d355-06d6-4ee2-852b-ba0a094102f5","name":"Puerto Bolívar / Puerto Nuevo","city":"Uribia","note":"Capitanía de Puerto de Puerto Bolívar et PCMM Puerto Bolívar.","mrgid":8426,"zone_name":"Colombia","country_iso2":"CO","validated":true,"distance_km":16.4,"geocode_source":"nominatim","source_urls":["https://portal.migracioncolombia.gov.co/planeacion-y-estadistica/observatorio-om3/dinamicas-migratorias/migracion-regular"],"extracted_at":"2026-08-26T11:00:10Z"}},{"type":"Feature","geometry":{"type":"Point","coordinates":[-77.0587715,3.8860099]},"properties":{"id":"fb14a6db-c169-4d6b-84ed-dd3d8aaf5cb9","name":"Buenaventura","city":"Buenaventura","note":"Capitanía de Puerto de Buenaventura et PCMM Buenaventura.","mrgid":8426,"zone_name":"Colombia","country_iso2":"CO","validated":true,"distance_km":0.0,"geocode_source":"nominatim","source_urls":["https://portal.migracioncolombia.gov.co/planeacion-y-estadistica/observatorio-om3/dinamicas-migratorias/migracion-regular"],"extracted_at":"2026-08-26T11:00:11Z"}},{"type":"Feature","geometry":{"type":"Point","coordinates":[-78.6363511,1.2882697]},"properties":{"id":"d505767c-20a1-4b93-95a1-747e107dcf4e","name":"Tumaco","city":"San Andrés de Tumaco","note":"Capitanía de Puerto de Tumaco et PCMM Tumaco.","mrgid":8426,"zone_name":"Colombia","country_iso2":"CO","validated":true,"distance_km":11.3,"geocode_source":"nominatim","source_urls":["https://portal.migracioncolombia.gov.co/planeacion-y-estadistica/observatorio-om3/dinamicas-migratorias/migracion-regular"],"extracted_at":"2026-08-26T11:00:12Z"}},{"type":"Feature","geometry":{"type":"Point","coordinates":[-77.4066693,6.2264656]},"properties":{"id":"11155cd2-9f81-4479-8ed6-0af2c421869d","name":"Bahía Solano","city":"Bahía Solano","note":"Capitanía de Puerto de Bahía Solano et PCMM Bahía Solano.","mrgid":8426,"zone_name":"Colombia","country_iso2":"CO","validated":true,"distance_km":0.7,"geocode_source":"nominatim","source_urls":["https://portal.migracioncolombia.gov.co/planeacion-y-estadistica/observatorio-om3/dinamicas-migratorias/migracion-regular"],"extracted_at":"2026-08-26T11:00:13Z"}},{"type":"Feature","geometry":{"type":"Point","coordinates":[-77.7620776,7.1556068]},"properties":{"id":"f4e61be5-9d85-49c0-ac62-9a0d6ad6198c","name":"Juradó","city":"Juradó","note":"Puesto de Control Migratorio Marítimo (PCMM Juradó).","mrgid":8426,"zone_name":"Colombia","country_iso2":"CO","validated":true,"distance_km":3.9,"geocode_source":"nominatim","source_urls":["https://portal.migracioncolombia.gov.co/planeacion-y-estadistica/observatorio-om3/dinamicas-migratorias/migracion-regular"],"extracted_at":"2026-08-26T11:00:15Z"}},{"type":"Feature","geometry":{"type":"Point","coordinates":[43.251909,-11.7040306]},"properties":{"id":"f454a672-d8d5-43f7-8a48-ee84d5fb29ab","name":"Port of Moroni","city":"Moroni","note":"Port d'entrée principal pour Grande Comore (douane, immigration et capitainerie).","mrgid":8334,"zone_name":"Comores","country_iso2":"KM","validated":true,"distance_km":1.5,"geocode_source":"nominatim","source_urls":["https://finances.gouv.km/directions/direction-generale-des-douanes/","https://www.douane.gov.km/"],"extracted_at":"2026-08-26T11:00:38Z"}},{"type":"Feature","geometry":{"type":"Point","coordinates":[44.3942831,-12.168846]},"properties":{"id":"af49c9fe-9280-4dd4-898d-77466829a3f4","name":"Port of Mutsamudu","city":"Mutsamudu","note":"Port d'entrée sur l'île d'Anjouan avec postes de douane et d'immigration.","mrgid":8334,"zone_name":"Comores","country_iso2":"KM","validated":true,"distance_km":0.7,"geocode_source":"nominatim","source_urls":["https://finances.gouv.km/directions/direction-generale-des-douanes/","https://www.douane.gov.km/"],"extracted_at":"2026-08-26T11:00:42Z"}},{"type":"Feature","geometry":{"type":"Point","coordinates":[43.742727,-12.284054]},"properties":{"id":"143bf16e-58bf-4d5c-9c40-36076aae5221","name":"Port of Fomboni","city":"Fomboni","note":"Port d'entrée secondaire pour l'île de Mohéli.","mrgid":8334,"zone_name":"Comores","country_iso2":"KM","validated":true,"distance_km":0.6,"geocode_source":"nominatim","source_urls":["https://finances.gouv.km/directions/direction-generale-des-douanes/","https://www.douane.gov.km/"],"extracted_at":"2026-08-26T11:00:48Z"}},{"type":"Feature","geometry":{"type":"Point","coordinates":[-159.7894541,-21.2086088]},"properties":{"id":"0f8e6ee5-d141-416c-a549-1893d8d41c98","name":"Avatiu Wharf (Avatiu Harbour)","city":"Avatiu","note":"Port d'entrée officiel sur l'île de Rarotonga.","mrgid":8446,"zone_name":"Cook Islands","country_iso2":"CK","validated":true,"distance_km":0.7,"geocode_source":"nominatim","source_urls":["https://www.mfem.gov.ck/marine-crafts","https://www.ports.gov.ck/vessel-clearance"],"extracted_at":"2026-08-26T11:01:32Z"}},{"type":"Feature","geometry":{"type":"Point","coordinates":[-159.7708145,-21.2074736]},"properties":{"id":"3123a5c9-1778-4bab-8c58-9d1f51e8c8cb","name":"Avarua Wharf","city":"Avarua","note":"Port d'entrée officiel sur l'île de Rarotonga.","mrgid":8446,"zone_name":"Cook Islands","country_iso2":"CK","validated":true,"distance_km":0.1,"geocode_source":"nominatim","source_urls":["https://www.mfem.gov.ck/marine-crafts","https://www.ports.gov.ck/vessel-clearance"],"extracted_at":"2026-08-26T11:01:35Z"}},{"type":"Feature","geometry":{"type":"Point","coordinates":[-159.7978245,-18.8640829]},"properties":{"id":"27e05e22-158e-44ff-8074-e3e67eb8cee5","name":"Arutanga Wharf","city":"Arutanga","note":"Port d'entrée officiel sur l'île d'Aitutaki.","mrgid":8446,"zone_name":"Cook Islands","country_iso2":"CK","validated":true,"distance_km":0.3,"geocode_source":"nominatim","source_urls":["https://www.mfem.gov.ck/marine-crafts","https://www.ports.gov.ck/vessel-clearance"],"extracted_at":"2026-08-26T11:01:38Z"}},{"type":"Feature","geometry":{"type":"Point","coordinates":[-158.1411142,-19.9785323]},"properties":{"id":"c06e2435-479a-4b06-8e37-21de12432c37","name":"Taunganui Wharf","city":"Taunganui","note":"Port d'entrée officiel sur l'île d'Atiu.","mrgid":8446,"zone_name":"Cook Islands","country_iso2":"CK","validated":true,"distance_km":0.0,"geocode_source":"nominatim","source_urls":["https://www.mfem.gov.ck/marine-crafts","https://www.ports.gov.ck/vessel-clearance"],"extracted_at":"2026-08-26T11:01:42Z"}},{"type":"Feature","geometry":{"type":"Point","coordinates":[-158.0540363,-8.9763883]},"properties":{"id":"80377242-95fa-4d3f-b53f-e5eb84ecde25","name":"Omoka Wharf","city":"Omoka","note":"Port d'entrée officiel sur l'atoll de Penrhyn (Tongareva).","mrgid":8446,"zone_name":"Cook Islands","country_iso2":"CK","validated":true,"distance_km":0.0,"geocode_source":"nominatim","source_urls":["https://www.mfem.gov.ck/marine-crafts","https://www.ports.gov.ck/vessel-clearance"],"extracted_at":"2026-08-26T11:01:45Z"}},{"type":"Feature","geometry":{"type":"Point","coordinates":[-161.0340151,-10.4230213]},"properties":{"id":"0bae76eb-8935-4ce9-bb75-52c4a7d5944d","name":"Tauhunu Wharf","city":"Tauhunu","note":"Port d'entrée officiel sur l'atoll de Manihiki.","mrgid":8446,"zone_name":"Cook Islands","country_iso2":"CK","validated":true,"distance_km":0.2,"geocode_source":"nominatim","source_urls":["https://www.mfem.gov.ck/marine-crafts","https://www.ports.gov.ck/vessel-clearance"],"extracted_at":"2026-08-26T11:01:55Z"}},{"type":"Feature","geometry":{"type":"Point","coordinates":[-161.0101248,-10.3749039]},"properties":{"id":"fc94974b-94e6-416e-bcf7-16304b6247f2","name":"Tukao Wharf","city":"Tukao","note":"Port d'entrée officiel sur l'atoll de Manihiki.","mrgid":8446,"zone_name":"Cook Islands","country_iso2":"CK","validated":true,"distance_km":0.0,"geocode_source":"nominatim","source_urls":["https://www.mfem.gov.ck/marine-crafts","https://www.ports.gov.ck/vessel-clearance"],"extracted_at":"2026-08-26T11:01:58Z"}},{"type":"Feature","geometry":{"type":"Point","coordinates":[13.5200183,45.4411996]},"properties":{"id":"a0c5f984-28a7-4a73-ba43-ea679f17a321","name":"Umag","city":"Umag","note":"Port d'entrée permanent (ouvert toute l'année)","mrgid":5673,"zone_name":"Croatia","country_iso2":"HR","validated":true,"distance_km":1.6,"geocode_source":"nominatim","source_urls":["https://mmpi.gov.hr/sea/nautics/8462"],"extracted_at":"2026-08-26T11:02:24Z"}},{"type":"Feature","geometry":{"type":"Point","coordinates":[13.6121228,45.2314864]},"properties":{"id":"25c5c3bf-a872-4891-9967-72acd321b8a2","name":"Poreč","city":"Poreč","note":"Port d'entrée permanent (ouvert toute l'année)","mrgid":5673,"zone_name":"Croatia","country_iso2":"HR","validated":true,"distance_km":1.8,"geocode_source":"nominatim","source_urls":["https://mmpi.gov.hr/sea/nautics/8462"],"extracted_at":"2026-08-26T11:02:25Z"}},{"type":"Feature","geometry":{"type":"Point","coordinates":[13.6854034,45.0766534]},"properties":{"id":"951b15c5-7083-4ccc-89ba-5912ce1299b0","name":"Rovinj","city":"Rovinj","note":"Port d'entrée permanent (ouvert toute l'année)","mrgid":5673,"zone_name":"Croatia","country_iso2":"HR","validated":true,"distance_km":4.5,"geocode_source":"nominatim","source_urls":["https://mmpi.gov.hr/sea/nautics/8462"],"extracted_at":"2026-08-26T11:02:27Z"}},{"type":"Feature","geometry":{"type":"Point","coordinates":[13.8471441,44.8797858]},"properties":{"id":"082905e6-de2b-473e-ba0f-36dd246cbe84","name":"Pula","city":"Pula","note":"Port d'entrée permanent (ouvert toute l'année)","mrgid":5673,"zone_name":"Croatia","country_iso2":"HR","validated":true,"distance_km":0.1,"geocode_source":"nominatim","source_urls":["https://mmpi.gov.hr/sea/nautics/8462"],"extracted_at":"2026-08-26T11:02:28Z"}},{"type":"Feature","geometry":{"type":"Point","coordinates":[14.0838455,45.080594]},"properties":{"id":"d809535e-039e-4699-8c42-218769c7d205","name":"Raša – Bršica","city":"Raša","note":"Port d'entrée permanent (ouvert toute l'année)","mrgid":5673,"zone_name":"Croatia","country_iso2":"HR","validated":true,"distance_km":7.4,"geocode_source":"nominatim","source_urls":["https://mmpi.gov.hr/sea/nautics/8462"],"extracted_at":"2026-08-26T11:02:31Z"}},{"type":"Feature","geometry":{"type":"Point","coordinates":[14.4302889,45.3300035]},"properties":{"id":"bce680cc-121b-4ee1-9d9c-62b14051ea6a","name":"Rijeka","city":"Rijeka","note":"Port d'entrée permanent (ouvert toute l'année)","mrgid":5673,"zone_name":"Croatia","country_iso2":"HR","validated":true,"distance_km":0.0,"geocode_source":"nominatim","source_urls":["https://mmpi.gov.hr/sea/nautics/8462"],"extracted_at":"2026-08-26T11:02:32Z"}},{"type":"Feature","geometry":{"type":"Point","coordinates":[14.4660403,44.5352765]},"properties":{"id":"9db94a46-67bc-4578-b864-08ae883fe6d0","name":"Mali Lošinj","city":"Mali Lošinj","note":"Port d'entrée permanent (ouvert toute l'année)","mrgid":5673,"zone_name":"Croatia","country_iso2":"HR","validated":true,"distance_km":0.0,"geocode_source":"nominatim","source_urls":["https://mmpi.gov.hr/sea/nautics/8462"],"extracted_at":"2026-08-26T11:02:33Z"}},{"type":"Feature","geometry":{"type":"Point","coordinates":[15.2353257,44.1168594]},"properties":{"id":"737b956e-6a00-48d1-9a23-fd178ea9c9c2","name":"Zadar","city":"Zadar","note":"Port d'entrée permanent (ouvert toute l'année)","mrgid":5673,"zone_name":"Croatia","country_iso2":"HR","validated":true,"distance_km":0.2,"geocode_source":"nominatim","source_urls":["https://mmpi.gov.hr/sea/nautics/8462"],"extracted_at":"2026-08-26T11:02:34Z"}},{"type":"Feature","geometry":{"type":"Point","coordinates":[15.8985074,43.7411745]},"properties":{"id":"18209ba3-46a8-4c03-9258-3a0b2de55242","name":"Šibenik","city":"Šibenik","note":"Port d'entrée permanent (ouvert toute l'année)","mrgid":5673,"zone_name":"Croatia","country_iso2":"HR","validated":true,"distance_km":1.3,"geocode_source":"nominatim","source_urls":["https://mmpi.gov.hr/sea/nautics/8462"],"extracted_at":"2026-08-26T11:02:35Z"}},{"type":"Feature","geometry":{"type":"Point","coordinates":[16.4399659,43.5116383]},"properties":{"id":"3991044a-4f9c-4826-af8c-62477a23b784","name":"Split","city":"Split","note":"Port d'entrée permanent (ouvert toute l'année)","mrgid":5673,"zone_name":"Croatia","country_iso2":"HR","validated":true,"distance_km":1.2,"geocode_source":"nominatim","source_urls":["https://mmpi.gov.hr/sea/nautics/8462"],"extracted_at":"2026-08-26T11:02:36Z"}},{"type":"Feature","geometry":{"type":"Point","coordinates":[17.4522035,43.053232]},"properties":{"id":"86002d4f-7e53-4748-8225-256236decd97","name":"Ploče","city":"Ploče","note":"Port d'entrée permanent (ouvert toute l'année)","mrgid":5673,"zone_name":"Croatia","country_iso2":"HR","validated":true,"distance_km":0.8,"geocode_source":"nominatim","source_urls":["https://mmpi.gov.hr/sea/nautics/8462"],"extracted_at":"2026-08-26T11:02:38Z"}},{"type":"Feature","geometry":{"type":"Point","coordinates":[17.6341235,43.0463647]},"properties":{"id":"a2c42d8b-7f0f-4fa4-b528-3449933c264b","name":"Metković","city":"Metković","note":"Port d'entrée fluvial permanent (ouvert toute l'année)","mrgid":5673,"zone_name":"Croatia","country_iso2":"HR","validated":true,"distance_km":0.0,"geocode_source":"nominatim","source_urls":["https://mmpi.gov.hr/sea/nautics/8462"],"extracted_at":"2026-08-26T11:02:39Z"}},{"type":"Feature","geometry":{"type":"Point","coordinates":[17.1608682,42.9543088]},"properties":{"id":"15053e8e-f406-4200-a89e-0635be2bc8c2","name":"Korčula","city":"Korčula","note":"Port d'entrée permanent (ouvert toute l'année)","mrgid":5673,"zone_name":"Croatia","country_iso2":"HR","validated":true,"distance_km":0.0,"geocode_source":"nominatim","source_urls":["https://mmpi.gov.hr/sea/nautics/8462"],"extracted_at":"2026-08-26T11:02:40Z"}},{"type":"Feature","geometry":{"type":"Point","coordinates":[16.7139563,42.9544045]},"properties":{"id":"211d743c-8e12-4a3c-ac62-b3179f679937","name":"Vela Luka","city":"Vela Luka","note":"Port d'entrée permanent (ouvert toute l'année)","mrgid":5673,"zone_name":"Croatia","country_iso2":"HR","validated":true,"distance_km":0.7,"geocode_source":"nominatim","source_urls":["https://mmpi.gov.hr/sea/nautics/8462"],"extracted_at":"2026-08-26T11:02:41Z"}},{"type":"Feature","geometry":{"type":"Point","coordinates":[16.8270812,42.7432703]},"properties":{"id":"516f654b-8543-469f-b4e2-6ad00995b2ab","name":"Ubli","city":"Ubli","note":"Port d'entrée permanent (ouvert toute l'année)","mrgid":5673,"zone_name":"Croatia","country_iso2":"HR","validated":true,"distance_km":0.2,"geocode_source":"nominatim","source_urls":["https://mmpi.gov.hr/sea/nautics/8462"],"extracted_at":"2026-08-26T11:02:42Z"}},{"type":"Feature","geometry":{"type":"Point","coordinates":[16.1655097,43.0434206]},"properties":{"id":"b3802fd3-48ee-4c95-8bfb-e7a552cfe84f","name":"Vis","city":"Vis","note":"Port d'entrée permanent (ouvert toute l'année)","mrgid":5673,"zone_name":"Croatia","country_iso2":"HR","validated":true,"distance_km":1.7,"geocode_source":"nominatim","source_urls":["https://mmpi.gov.hr/sea/nautics/8462"],"extracted_at":"2026-08-26T11:02:43Z"}},{"type":"Feature","geometry":{"type":"Point","coordinates":[18.086368,42.6577768]},"properties":{"id":"85f974b2-16a0-4739-93b6-5881b750aaaa","name":"Dubrovnik (Gruž)","city":"Dubrovnik","note":"Port d'entrée permanent (ouvert toute l'année)","mrgid":5673,"zone_name":"Croatia","country_iso2":"HR","validated":true,"distance_km":0.0,"geocode_source":"nominatim","source_urls":["https://mmpi.gov.hr/sea/nautics/8462"],"extracted_at":"2026-08-26T11:02:44Z"}},{"type":"Feature","geometry":{"type":"Point","coordinates":[13.515207,45.4394588]},"properties":{"id":"57b9d410-51db-44ba-9ae1-000e7426fc66","name":"ACI Marina Umag","city":"Umag","note":"Port d'entrée saisonnier (généralement du 1er avril au 31 octobre)","mrgid":5673,"zone_name":"Croatia","country_iso2":"HR","validated":true,"distance_km":1.0,"geocode_source":"nominatim","source_urls":["https://mmpi.gov.hr/sea/nautics/8462"],"extracted_at":"2026-08-26T11:02:45Z"}},{"type":"Feature","geometry":{"type":"Point","coordinates":[13.5645363,45.3250512]},"properties":{"id":"b1f152f0-3a7c-4972-b6d1-35e7a0058129","name":"Novigrad","city":"Novigrad","note":"Port d'entrée saisonnier (généralement du 1er avril au 31 octobre)","mrgid":5673,"zone_name":"Croatia","country_iso2":"HR","validated":true,"distance_km":0.2,"geocode_source":"nominatim","source_urls":["https://mmpi.gov.hr/sea/nautics/8462"],"extracted_at":"2026-08-26T11:02:46Z"}},{"type":"Feature","geometry":{"type":"Point","coordinates":[15.1875435,43.907916]},"properties":{"id":"d0509dfa-09c5-439c-a088-84654d830e8e","name":"Sali","city":"Sali","note":"Port d'entrée saisonnier (généralement du 1er avril au 31 octobre)","mrgid":5673,"zone_name":"Croatia","country_iso2":"HR","validated":true,"distance_km":1.4,"geocode_source":"nominatim","source_urls":["https://mmpi.gov.hr/sea/nautics/8462"],"extracted_at":"2026-08-26T11:02:49Z"}},{"type":"Feature","geometry":{"type":"Point","coordinates":[14.9064248,44.1405853]},"properties":{"id":"a5ecf61c-bf29-44ed-a5d3-97c5b2c25ded","name":"Božava","city":"Božava","note":"Port d'entrée saisonnier (généralement du 1er avril au 31 octobre)","mrgid":5673,"zone_name":"Croatia","country_iso2":"HR","validated":true,"distance_km":0.0,"geocode_source":"nominatim","source_urls":["https://mmpi.gov.hr/sea/nautics/8462"],"extracted_at":"2026-08-26T11:02:51Z"}},{"type":"Feature","geometry":{"type":"Point","coordinates":[15.922777,43.5863257]},"properties":{"id":"33578031-2a52-4665-b37a-51f117de7cca","name":"Primošten – Kremik","city":"Primošten","note":"Port d'entrée saisonnier (généralement du 1er avril au 31 octobre)","mrgid":5673,"zone_name":"Croatia","country_iso2":"HR","validated":true,"distance_km":0.3,"geocode_source":"nominatim","source_urls":["https://mmpi.gov.hr/sea/nautics/8462"],"extracted_at":"2026-08-26T11:02:57Z"}},{"type":"Feature","geometry":{"type":"Point","coordinates":[16.6071842,43.190675]},"properties":{"id":"3d307cbb-fa40-4f58-917e-8248edf62701","name":"Stari Grad","city":"Stari Grad","note":"Port d'entrée saisonnier (généralement du 1er avril au 31 octobre)","mrgid":5673,"zone_name":"Croatia","country_iso2":"HR","validated":true,"distance_km":1.8,"geocode_source":"nominatim","source_urls":["https://mmpi.gov.hr/sea/nautics/8462"],"extracted_at":"2026-08-26T11:02:59Z"}},{"type":"Feature","geometry":{"type":"Point","coordinates":[16.4401526,43.1797775]},"properties":{"id":"f0dd1a0d-a27c-4244-a20a-a838c54ebe46","name":"Hvar","city":"Hvar","note":"Port d'entrée saisonnier (généralement du 1er avril au 31 octobre)","mrgid":5673,"zone_name":"Croatia","country_iso2":"HR","validated":true,"distance_km":0.4,"geocode_source":"nominatim","source_urls":["https://mmpi.gov.hr/sea/nautics/8462"],"extracted_at":"2026-08-26T11:03:02Z"}},{"type":"Feature","geometry":{"type":"Point","coordinates":[16.1141622,43.0413407]},"properties":{"id":"6c2d1e38-8e0d-4606-a6ce-8c7363ee48aa","name":"Komiža","city":"Komiža","note":"Port d'entrée saisonnier (généralement du 1er avril au 31 octobre)","mrgid":5673,"zone_name":"Croatia","country_iso2":"HR","validated":true,"distance_km":2.4,"geocode_source":"nominatim","source_urls":["https://mmpi.gov.hr/sea/nautics/8462"],"extracted_at":"2026-08-26T11:03:04Z"}},{"type":"Feature","geometry":{"type":"Point","coordinates":[13.5200183,45.4411996]},"properties":{"id":"aaf6798e-699c-455d-a5b1-2f0298200b08","name":"Umag","city":"Umag","note":"Port d'entrée permanent ouvert toute l'année.","mrgid":50167,"zone_name":"Croatia","country_iso2":"HR","validated":true,"distance_km":13.3,"geocode_source":"nominatim","source_urls":["https://gov.hr/en/nautics/1558"],"extracted_at":"2026-08-26T11:02:47Z"}},{"type":"Feature","geometry":{"type":"Point","coordinates":[13.6121228,45.2314864]},"properties":{"id":"42c12438-1ed5-4f46-a4d1-03b5f473d33d","name":"Poreč","city":"Poreč","note":"Port d'entrée permanent ouvert toute l'année.","mrgid":50167,"zone_name":"Croatia","country_iso2":"HR","validated":true,"distance_km":38.5,"geocode_source":"nominatim","source_urls":["https://gov.hr/en/nautics/1558"],"extracted_at":"2026-08-26T11:02:49Z"}},{"type":"Feature","geometry":{"type":"Point","coordinates":[13.6854034,45.0766534]},"properties":{"id":"57088e33-2c2a-4bf3-83a0-70268e622b18","name":"Rovinj","city":"Rovinj","note":"Port d'entrée permanent ouvert toute l'année.","mrgid":50167,"zone_name":"Croatia","country_iso2":"HR","validated":false,"distance_km":57.5,"geocode_source":"nominatim","source_urls":["https://gov.hr/en/nautics/1558"],"extracted_at":"2026-08-26T11:02:52Z"}},{"type":"Feature","geometry":{"type":"Point","coordinates":[13.8471441,44.8797858]},"properties":{"id":"484f4625-8b7e-4b11-bc6c-e59f60add2a5","name":"Pula","city":"Pula","note":"Port d'entrée permanent ouvert toute l'année.","mrgid":50167,"zone_name":"Croatia","country_iso2":"HR","validated":false,"distance_km":85.4,"geocode_source":"nominatim","source_urls":["https://gov.hr/en/nautics/1558"],"extracted_at":"2026-08-26T11:02:54Z"}},{"type":"Feature","geometry":{"type":"Point","coordinates":[14.0838455,45.080594]},"properties":{"id":"62183092-8665-4810-8652-52a4b87c44c6","name":"Raša – Bršica","city":"Raša","note":"Port d'entrée permanent ouvert toute l'année.","mrgid":50167,"zone_name":"Croatia","country_iso2":"HR","validated":false,"distance_km":86.7,"geocode_source":"nominatim","source_urls":["https://gov.hr/en/nautics/1558"],"extracted_at":"2026-08-26T11:03:00Z"}},{"type":"Feature","geometry":{"type":"Point","coordinates":[14.4302889,45.3300035]},"properties":{"id":"d2ad7d9a-078c-440e-9859-139f7369eca2","name":"Rijeka","city":"Rijeka","note":"Port d'entrée permanent ouvert toute l'année.","mrgid":50167,"zone_name":"Croatia","country_iso2":"HR","validated":false,"distance_km":111.0,"geocode_source":"nominatim","source_urls":["https://gov.hr/en/nautics/1558"],"extracted_at":"2026-08-26T11:03:03Z"}},{"type":"Feature","geometry":{"type":"Point","coordinates":[14.4660403,44.5352765]},"properties":{"id":"8a926047-6172-4d30-ac92-1a89ad692635","name":"Mali Lošinj","city":"Mali Lošinj","note":"Port d'entrée permanent ouvert toute l'année.","mrgid":50167,"zone_name":"Croatia","country_iso2":"HR","validated":false,"distance_km":158.4,"geocode_source":"nominatim","source_urls":["https://gov.hr/en/nautics/1558"],"extracted_at":"2026-08-26T11:03:05Z"}},{"type":"Feature","geometry":{"type":"Point","coordinates":[15.2353257,44.1168594]},"properties":{"id":"d73866b0-ce95-49df-8c0b-cbb9e82232f3","name":"Zadar","city":"Zadar","note":"Port d'entrée permanent ouvert toute l'année (Gaženica / port de la ville).","mrgid":50167,"zone_name":"Croatia","country_iso2":"HR","validated":false,"distance_km":253.2,"geocode_source":"nominatim","source_urls":["https://gov.hr/en/nautics/1558"],"extracted_at":"2026-08-26T11:03:06Z"}},{"type":"Feature","geometry":{"type":"Point","coordinates":[13.515207,45.4394588]},"properties":{"id":"05fd3a23-f9ff-41f1-a2ef-4aa9ed4e0d2c","name":"ACI Marina Umag","city":"Umag","note":"Port d'entrée saisonnier (généralement ouvert du 1er avril au 31 octobre).","mrgid":50167,"zone_name":"Croatia","country_iso2":"HR","validated":true,"distance_km":13.1,"geocode_source":"nominatim","source_urls":["https://gov.hr/en/nautics/1558"],"extracted_at":"2026-08-26T11:03:16Z"}},{"type":"Feature","geometry":{"type":"Point","coordinates":[13.5645363,45.3250512]},"properties":{"id":"187a1ec8-38fe-4fd3-a4eb-15965c3da865","name":"Novigrad","city":"Novigrad","note":"Port d'entrée saisonnier (généralement ouvert du 1er avril au 31 octobre).","mrgid":50167,"zone_name":"Croatia","country_iso2":"HR","validated":true,"distance_km":26.9,"geocode_source":"nominatim","source_urls":["https://gov.hr/en/nautics/1558"],"extracted_at":"2026-08-26T11:03:17Z"}},{"type":"Feature","geometry":{"type":"Point","coordinates":[15.1875435,43.907916]},"properties":{"id":"9cfdc8a8-5150-4db2-90fe-1b32bf9adb72","name":"Sali","city":"Sali","note":"Port d'entrée saisonnier (généralement ouvert du 1er avril au 31 octobre).","mrgid":50167,"zone_name":"Croatia","country_iso2":"HR","validated":false,"distance_km":264.4,"geocode_source":"nominatim","source_urls":["https://gov.hr/en/nautics/1558"],"extracted_at":"2026-08-26T11:03:18Z"}},{"type":"Feature","geometry":{"type":"Point","coordinates":[14.9064248,44.1405853]},"properties":{"id":"c634b76d-78fc-4b78-8a80-7efb237f4f6c","name":"Božava","city":"Božava","note":"Port d'entrée saisonnier (généralement ouvert du 1er avril au 31 octobre).","mrgid":50167,"zone_name":"Croatia","country_iso2":"HR","validated":false,"distance_km":224.0,"geocode_source":"nominatim","source_urls":["https://gov.hr/en/nautics/1558"],"extracted_at":"2026-08-26T11:03:19Z"}},{"type":"Feature","geometry":{"type":"Point","coordinates":[33.639822,34.9255833]},"properties":{"id":"fb7707f7-3cff-4106-a927-0f7e33801bf4","name":"Larnaca Port & Larnaca Marina","city":"Larnaca","note":"Installations complètes de dédouanement et d'immigration 24/7.","mrgid":8376,"zone_name":"Cyprus","country_iso2":"CY","validated":true,"distance_km":1.7,"geocode_source":"nominatim","source_urls":[],"extracted_at":"2026-08-26T11:04:36Z"}},{"type":"Feature","geometry":{"type":"Point","coordinates":[33.0332657,34.6852901]},"properties":{"id":"b72d9a1f-aee8-4dda-9a50-cdb8e9d0186b","name":"Limassol Port & Limassol Marina / St. Raphael Marina","city":"Limassol","note":"Installations dédiées aux yachts avec douane et contrôle aux frontières sur place.","mrgid":8376,"zone_name":"Cyprus","country_iso2":"CY","validated":true,"distance_km":1.9,"geocode_source":"nominatim","source_urls":[],"extracted_at":"2026-08-26T11:04:41Z"}},{"type":"Feature","geometry":{"type":"Point","coordinates":[32.4231586,34.7743988]},"properties":{"id":"c0f307f2-7c6b-4fb8-a634-2125f491decc","name":"Pafos Port (Paphos Harbour)","city":"Paphos","note":"Port d'entrée officiel désigné pour l'ouest de Chypre.","mrgid":8376,"zone_name":"Cyprus","country_iso2":"CY","validated":true,"distance_km":2.8,"geocode_source":"nominatim","source_urls":[],"extracted_at":"2026-08-26T11:04:45Z"}},{"type":"Feature","geometry":{"type":"Point","coordinates":[32.426471,35.034477]},"properties":{"id":"63624d63-3562-4dd2-949d-56ea7226894e","name":"Latchi Port (Latsi)","city":"Polis Chrysochous","note":"Port d'entrée et point de contrôle désigné sur la côte nord-ouest.","mrgid":8376,"zone_name":"Cyprus","country_iso2":"CY","validated":true,"distance_km":2.0,"geocode_source":"nominatim","source_urls":[],"extracted_at":"2026-08-26T11:04:49Z"}},{"type":"Feature","geometry":{"type":"Point","coordinates":[33.9454767,34.9812863]},"properties":{"id":"824ca198-d527-4b52-8aed-886e1cdc0705","name":"Ayia Napa Marina","city":"Ayia Napa","note":"Marina officielle d'entrée avec services de douane et contrôle frontalier sur place.","mrgid":8376,"zone_name":"Cyprus","country_iso2":"CY","validated":true,"distance_km":2.2,"geocode_source":"nominatim","source_urls":[],"extracted_at":"2026-08-26T11:04:51Z"}},{"type":"Feature","geometry":{"type":"Point","coordinates":[-82.4927303,23.09167]},"properties":{"id":"11349c47-d7f6-43ec-8470-de2d53b037ce","name":"Marina Hemingway (Marlin)","city":"La Habana","note":"Port d'entrée principal pour la plaisance dans l'ouest de Cuba.","mrgid":8406,"zone_name":"Cuba","country_iso2":"CU","validated":true,"distance_km":0.0,"geocode_source":"nominatim","source_urls":[],"extracted_at":"2026-08-26T11:05:06Z"}},{"type":"Feature","geometry":{"type":"Point","coordinates":[-81.2979816,23.1296048]},"properties":{"id":"62102a67-41b2-4e79-a4e5-60be0d71584e","name":"Marina Dársena de Varadero (Marlin)","city":"Varadero","note":"Marina touristique internationale habilitée pour la clearance.","mrgid":8406,"zone_name":"Cuba","country_iso2":"CU","validated":true,"distance_km":1.2,"geocode_source":"nominatim","source_urls":[],"extracted_at":"2026-08-26T11:05:08Z"}},{"type":"Feature","geometry":{"type":"Point","coordinates":[-81.128663,23.1917506]},"properties":{"id":"07ba412f-b86f-4278-a3ae-92d5f0c3b392","name":"Marina Gaviota Varadero","city":"Varadero","note":"Située à Punta Hicacos, marina internationale habilitée.","mrgid":8406,"zone_name":"Cuba","country_iso2":"CU","validated":true,"distance_km":0.0,"geocode_source":"nominatim","source_urls":[],"extracted_at":"2026-08-26T11:05:09Z"}},{"type":"Feature","geometry":{"type":"Point","coordinates":[-79.4468118,22.4868127]},"properties":{"id":"5f932b21-39ea-47e9-8024-d77d33b36375","name":"Marina Gaviota Cayo Las Brujas / Cayo Santa María","city":"Caibarién / Cayo Santa María","note":"Marina internationale habilitée pour le trafic international.","mrgid":8406,"zone_name":"Cuba","country_iso2":"CU","validated":true,"distance_km":2.6,"geocode_source":"nominatim","source_urls":[],"extracted_at":"2026-08-26T11:05:18Z"}},{"type":"Feature","geometry":{"type":"Point","coordinates":[-78.6433664,22.5680644]},"properties":{"id":"e82ef732-a5d1-490a-b354-7003a131c474","name":"Marina Marlin Cayo Guillermo","city":"Morón","note":"Située aux Jardines del Rey, province de Ciego de Ávila.","mrgid":8406,"zone_name":"Cuba","country_iso2":"CU","validated":true,"distance_km":0.2,"geocode_source":"nominatim","source_urls":[],"extracted_at":"2026-08-26T11:05:19Z"}},{"type":"Feature","geometry":{"type":"Point","coordinates":[-75.9877914,21.0222905]},"properties":{"id":"ad54c06c-b4d4-4649-8488-d371bf35522f","name":"Marina Gaviota Puerto de Vita","city":"Rafael Freyre / Guardalavaca","note":"Port d'entrée officiel dans la province de Holguín.","mrgid":8406,"zone_name":"Cuba","country_iso2":"CU","validated":true,"distance_km":5.1,"geocode_source":"nominatim","source_urls":[],"extracted_at":"2026-08-26T11:05:22Z"}},{"type":"Feature","geometry":{"type":"Point","coordinates":[-80.4524442,22.1247581]},"properties":{"id":"c01a8fb7-08fc-499e-9208-4f3ad10baf47","name":"Marina Marlin Cienfuegos","city":"Cienfuegos","note":"Port d'entrée situé sur la côte sud (Bahía de Cienfuegos).","mrgid":8406,"zone_name":"Cuba","country_iso2":"CU","validated":true,"distance_km":0.0,"geocode_source":"nominatim","source_urls":[],"extracted_at":"2026-08-26T11:05:24Z"}},{"type":"Feature","geometry":{"type":"Point","coordinates":[-75.8725991,19.9836454]},"properties":{"id":"ef7d60d9-eb46-422b-a25f-31a4b8aea4fc","name":"Marina Marlin Santiago de Cuba (Punta Gorda)","city":"Santiago de Cuba","note":"Port d'entrée officiel sur la côte sud.","mrgid":8406,"zone_name":"Cuba","country_iso2":"CU","validated":true,"distance_km":0.0,"geocode_source":"nominatim","source_urls":[],"extracted_at":"2026-08-26T11:05:25Z"}},{"type":"Feature","geometry":{"type":"Point","coordinates":[-81.5640291,21.6246924]},"properties":{"id":"f2ed2a0a-828c-4a84-9273-62f536f6377c","name":"Marina Marlin Cayo Largo del Sur","city":"Cayo Largo del Sur","note":"Marina internationale habilitée (Isla de la Juventud).","mrgid":8406,"zone_name":"Cuba","country_iso2":"CU","validated":true,"distance_km":0.5,"geocode_source":"nominatim","source_urls":[],"extracted_at":"2026-08-26T11:05:28Z"}},{"type":"Feature","geometry":{"type":"Point","coordinates":[12.4002815,-6.0062686]},"properties":{"id":"d91c1a8e-b455-4a4f-ad31-f5cfd2db8aa4","name":"Port of Banana","city":"Banana","note":"Point d'entrée atlantique officiel à l'embouchure du fleuve Congo.","mrgid":8477,"zone_name":"Democratic Republic of the Congo","country_iso2":"CD","validated":true,"distance_km":0.2,"geocode_source":"nominatim","source_urls":["https://douane.gouv.cd/particulier/vous-voyagez/informations-generales-voyages/"],"extracted_at":"2026-08-26T11:05:45Z"}},{"type":"Feature","geometry":{"type":"Point","coordinates":[13.05,-5.85]},"properties":{"id":"0126d6f5-ba79-45e9-8df7-bc18b65c8f47","name":"Port of Boma","city":"Boma","note":"Port d'entrée officiel sur le fleuve Congo accessible depuis l'océan.","mrgid":8477,"zone_name":"Democratic Republic of the Congo","country_iso2":"CD","validated":true,"distance_km":0.9,"geocode_source":"nominatim","source_urls":["https://douane.gouv.cd/particulier/vous-voyagez/informations-generales-voyages/"],"extracted_at":"2026-08-26T11:05:48Z"}},{"type":"Feature","geometry":{"type":"Point","coordinates":[13.4548944,-5.8227105]},"properties":{"id":"2bb2a960-3b25-41cf-87dc-1e55d9b209c3","name":"Port of Matadi","city":"Matadi","note":"Port d'entrée principal en eau profonde sur le fleuve Congo.","mrgid":8477,"zone_name":"Democratic Republic of the Congo","country_iso2":"CD","validated":true,"distance_km":0.3,"geocode_source":"nominatim","source_urls":["https://douane.gouv.cd/particulier/vous-voyagez/informations-generales-voyages/"],"extracted_at":"2026-08-26T11:05:49Z"}},{"type":"Feature","geometry":{"type":"Point","coordinates":[15.3169238,-4.2995758]},"properties":{"id":"8472bc97-6289-4842-8b4e-060d384fcc02","name":"Port of Kinshasa / Beach Ngobila","city":"Kinshasa","note":"Port fluvial d'entrée internationale.","mrgid":8477,"zone_name":"Democratic Republic of the Congo","country_iso2":"CD","validated":false,"distance_km":230.3,"geocode_source":"nominatim","source_urls":["https://douane.gouv.cd/particulier/vous-voyagez/informations-generales-voyages/"],"extracted_at":"2026-08-26T11:05:53Z"}},{"type":"Feature","geometry":{"type":"Point","coordinates":[43.1354538,11.6070057]},"properties":{"id":"0b16a591-843b-425e-a776-4c33b002318c","name":"Port of Djibouti","city":"Djibouti City","note":"Port d'entrée officiel et de clearance internationale pour les navires de plaisance étrangers.","mrgid":8352,"zone_name":"Djibouti","country_iso2":"DJ","validated":true,"distance_km":0.0,"geocode_source":"nominatim","source_urls":[],"extracted_at":"2026-08-26T11:06:37Z"}},{"type":"Feature","geometry":{"type":"Point","coordinates":[9.9215263,57.0462626]},"properties":{"id":"c97d571e-a48d-4774-a846-a1c2f2a86edc","name":"Aalborg Havn A/S & Aalborg Portland","city":"Aalborg","note":"Point de passage frontalier maritime officiel.","mrgid":5674,"zone_name":"Denmark","country_iso2":"DK","validated":true,"distance_km":0.2,"geocode_source":"nominatim","source_urls":["https://toldst.dk/en-us"],"extracted_at":"2026-08-26T11:06:14Z"}},{"type":"Feature","geometry":{"type":"Point","coordinates":[9.2619587,56.9625246]},"properties":{"id":"570ad80d-3b39-4a2d-86ff-8bb97b65e41a","name":"Aggersund Kalkværks Udskibningsbro","city":"Løgstør","note":"Point de passage frontalier maritime officiel.","mrgid":5674,"zone_name":"Denmark","country_iso2":"DK","validated":true,"distance_km":1.2,"geocode_source":"nominatim","source_urls":["https://toldst.dk/en-us"],"extracted_at":"2026-08-26T11:06:18Z"}},{"type":"Feature","geometry":{"type":"Point","coordinates":[9.976727,56.6488769]},"properties":{"id":"cf2eba54-c125-4733-a8ce-7725efcd48c5","name":"Dansk Salt A/S’ Anlægskaj","city":"Mariager","note":"Point de passage frontalier maritime officiel.","mrgid":5674,"zone_name":"Denmark","country_iso2":"DK","validated":true,"distance_km":0.6,"geocode_source":"nominatim","source_urls":["https://toldst.dk/en-us"],"extracted_at":"2026-08-26T11:06:21Z"}},{"type":"Feature","geometry":{"type":"Point","coordinates":[10.5336225,57.4412134]},"properties":{"id":"67eba8ad-83cb-406f-b668-84ea022d672e","name":"Frederikshavn Havn","city":"Frederikshavn","note":"Point de passage frontalier maritime officiel.","mrgid":5674,"zone_name":"Denmark","country_iso2":"DK","validated":true,"distance_km":2.0,"geocode_source":"nominatim","source_urls":["https://toldst.dk/en-us"],"extracted_at":"2026-08-26T11:06:24Z"}},{"type":"Feature","geometry":{"type":"Point","coordinates":[10.1151108,56.7193519]},"properties":{"id":"2f7e3ecf-0db9-4d0c-afa1-e9cda38f905a","name":"H.J. Hansen Hadsund A/S Havn","city":"Hadsund","note":"Point de passage frontalier maritime officiel.","mrgid":5674,"zone_name":"Denmark","country_iso2":"DK","validated":true,"distance_km":0.7,"geocode_source":"nominatim","source_urls":["https://toldst.dk/en-us"],"extracted_at":"2026-08-26T11:06:28Z"}},{"type":"Feature","geometry":{"type":"Point","coordinates":[10.3080275,56.9905968]},"properties":{"id":"d5e186c7-feab-4c69-836c-ea47a850c1dc","name":"Hals Havn","city":"Hals","note":"Point de passage frontalier maritime officiel.","mrgid":5674,"zone_name":"Denmark","country_iso2":"DK","validated":true,"distance_km":0.1,"geocode_source":"nominatim","source_urls":["https://toldst.dk/en-us"],"extracted_at":"2026-08-26T11:06:29Z"}},{"type":"Feature","geometry":{"type":"Point","coordinates":[9.9593022,57.5950578]},"properties":{"id":"980ba621-8119-4782-8724-21cc3fa82f8c","name":"Hirtshals Havn","city":"Hirtshals","note":"Point de passage frontalier maritime officiel.","mrgid":5674,"zone_name":"Denmark","country_iso2":"DK","validated":true,"distance_km":0.0,"geocode_source":"nominatim","source_urls":["https://toldst.dk/en-us"],"extracted_at":"2026-08-26T11:06:30Z"}},{"type":"Feature","geometry":{"type":"Point","coordinates":[9.7939799,56.6371753]},"properties":{"id":"1fac3e35-a9ac-42a9-967f-dda471f0c8eb","name":"Hobro Havn","city":"Hobro","note":"Point de passage frontalier maritime officiel.","mrgid":5674,"zone_name":"Denmark","country_iso2":"DK","validated":true,"distance_km":0.6,"geocode_source":"nominatim","source_urls":["https://toldst.dk/en-us"],"extracted_at":"2026-08-26T11:06:33Z"}},{"type":"Feature","geometry":{"type":"Point","coordinates":[10.0729377,56.683372]},"properties":{"id":"fb0e8565-370c-4b39-a16e-33ef141373ac","name":"Kongsdal Havn","city":"Assens","note":"Mariagerfjord. Point de passage frontalier maritime officiel.","mrgid":5674,"zone_name":"Denmark","country_iso2":"DK","validated":true,"distance_km":0.0,"geocode_source":"nominatim","source_urls":["https://toldst.dk/en-us"],"extracted_at":"2026-08-26T11:06:35Z"}},{"type":"Feature","geometry":{"type":"Point","coordinates":[9.2619587,56.9625246]},"properties":{"id":"f2e1352d-283d-4b20-b549-31af62965fdb","name":"Løgstør Havn","city":"Løgstør","note":"Point de passage frontalier maritime officiel.","mrgid":5674,"zone_name":"Denmark","country_iso2":"DK","validated":true,"distance_km":1.2,"geocode_source":"nominatim","source_urls":["https://toldst.dk/en-us"],"extracted_at":"2026-08-26T11:06:40Z"}},{"type":"Feature","geometry":{"type":"Point","coordinates":[10.0228291,57.1095604]},"properties":{"id":"47586ed4-714a-450a-99db-f80e9f75e0c6","name":"Nordjyllandsværkets Havn","city":"Vodskov","note":"Point de passage frontalier maritime officiel.","mrgid":5674,"zone_name":"Denmark","country_iso2":"DK","validated":true,"distance_km":2.7,"geocode_source":"nominatim","source_urls":["https://toldst.dk/en-us"],"extracted_at":"2026-08-26T11:06:43Z"}},{"type":"Feature","geometry":{"type":"Point","coordinates":[10.5946936,57.7168821]},"properties":{"id":"50b724e1-c28a-48ec-89b8-2762bf4f2519","name":"Skagen Havn","city":"Skagen","note":"Point de passage frontalier maritime officiel.","mrgid":5674,"zone_name":"Denmark","country_iso2":"DK","validated":true,"distance_km":0.9,"geocode_source":"nominatim","source_urls":["https://toldst.dk/en-us"],"extracted_at":"2026-08-26T11:06:44Z"}},{"type":"Feature","geometry":{"type":"Point","coordinates":[10.5324811,57.333162]},"properties":{"id":"24ed2c98-26ce-4f54-8eb0-427ac07b17fd","name":"Sæby Havn","city":"Sæby","note":"Point de passage frontalier maritime officiel.","mrgid":5674,"zone_name":"Denmark","country_iso2":"DK","validated":true,"distance_km":0.0,"geocode_source":"nominatim","source_urls":["https://toldst.dk/en-us"],"extracted_at":"2026-08-26T11:06:45Z"}},{"type":"Feature","geometry":{"type":"Point","coordinates":[10.2328816,56.143113]},"properties":{"id":"3aa79ff1-9746-4597-b6fd-7668ada4e0b4","name":"Aarhus Havn","city":"Aarhus","note":"Point de passage frontalier maritime officiel.","mrgid":5674,"zone_name":"Denmark","country_iso2":"DK","validated":true,"distance_km":0.0,"geocode_source":"nominatim","source_urls":["https://toldst.dk/en-us"],"extracted_at":"2026-08-26T11:06:46Z"}},{"type":"Feature","geometry":{"type":"Point","coordinates":[10.9060055,56.412787]},"properties":{"id":"df77d4cf-7572-411a-89fd-ea42cf8cb58b","name":"Grenaa Havn","city":"Grenaa","note":"Point de passage frontalier maritime officiel.","mrgid":5674,"zone_name":"Denmark","country_iso2":"DK","validated":true,"distance_km":4.0,"geocode_source":"nominatim","source_urls":["https://toldst.dk/en-us"],"extracted_at":"2026-08-26T11:06:48Z"}},{"type":"Feature","geometry":{"type":"Point","coordinates":[10.7090015,56.5313355]},"properties":{"id":"3a6e394c-5d13-4513-8043-61fbbce1af3e","name":"Bønnerup Havn","city":"Glesborg","note":"Norddjurs. Point de passage frontalier maritime officiel.","mrgid":5674,"zone_name":"Denmark","country_iso2":"DK","validated":true,"distance_km":0.0,"geocode_source":"nominatim","source_urls":["https://toldst.dk/en-us"],"extracted_at":"2026-08-26T11:06:50Z"}},{"type":"Feature","geometry":{"type":"Point","coordinates":[10.2551792,55.9097889]},"properties":{"id":"2c790d2e-2496-4a82-8610-5efb74da2cc9","name":"Hou Havn","city":"Odder","note":"Point de passage frontalier maritime officiel.","mrgid":5674,"zone_name":"Denmark","country_iso2":"DK","validated":true,"distance_km":0.0,"geocode_source":"nominatim","source_urls":["https://toldst.dk/en-us"],"extracted_at":"2026-08-26T11:06:51Z"}},{"type":"Feature","geometry":{"type":"Point","coordinates":[10.0371476,56.4617545]},"properties":{"id":"8f42dd97-f4f9-4591-b1ec-6139012d1a64","name":"Randers Havn","city":"Randers","note":"Point de passage frontalier maritime officiel.","mrgid":5674,"zone_name":"Denmark","country_iso2":"DK","validated":true,"distance_km":18.9,"geocode_source":"nominatim","source_urls":["https://toldst.dk/en-us"],"extracted_at":"2026-08-26T11:06:54Z"}},{"type":"Feature","geometry":{"type":"Point","coordinates":[8.6011451,57.1198479]},"properties":{"id":"6781875b-bbd9-4049-9ded-ea82ea425382","name":"Hanstholm Havn","city":"Hanstholm","note":"Point de passage frontalier maritime officiel.","mrgid":5674,"zone_name":"Denmark","country_iso2":"DK","validated":true,"distance_km":0.1,"geocode_source":"nominatim","source_urls":["https://toldst.dk/en-us"],"extracted_at":"2026-08-26T11:07:00Z"}},{"type":"Feature","geometry":{"type":"Point","coordinates":[8.5972853,56.493874]},"properties":{"id":"818c170c-085b-48aa-98b7-99ecc92c06a9","name":"Holstebro-Struer Havn","city":"Struer","note":"Point de passage frontalier maritime officiel.","mrgid":5674,"zone_name":"Denmark","country_iso2":"DK","validated":true,"distance_km":0.0,"geocode_source":"nominatim","source_urls":["https://toldst.dk/en-us"],"extracted_at":"2026-08-26T11:07:01Z"}},{"type":"Feature","geometry":{"type":"Point","coordinates":[8.3025601,56.551331]},"properties":{"id":"0010efda-828e-4365-b527-506d54d67b10","name":"Lemvig Havn","city":"Lemvig","note":"Point de passage frontalier maritime officiel.","mrgid":5674,"zone_name":"Denmark","country_iso2":"DK","validated":true,"distance_km":0.1,"geocode_source":"nominatim","source_urls":["https://toldst.dk/en-us"],"extracted_at":"2026-08-26T11:07:02Z"}},{"type":"Feature","geometry":{"type":"Point","coordinates":[8.2390673,56.0870108]},"properties":{"id":"f04dc1f4-fd89-4008-9715-83ccad7c18fa","name":"Ringkøbing Havn","city":"Ringkøbing","note":"Point de passage frontalier maritime officiel.","mrgid":5674,"zone_name":"Denmark","country_iso2":"DK","validated":true,"distance_km":15.6,"geocode_source":"nominatim","source_urls":["https://toldst.dk/en-us"],"extracted_at":"2026-08-26T11:07:03Z"}},{"type":"Feature","geometry":{"type":"Point","coordinates":[9.0531447,56.570666]},"properties":{"id":"80e90752-5dbf-43d9-8aaf-fcec56d9d49d","name":"Skive Havn","city":"Skive","note":"Point de passage frontalier maritime officiel.","mrgid":5674,"zone_name":"Denmark","country_iso2":"DK","validated":true,"distance_km":0.0,"geocode_source":"nominatim","source_urls":["https://toldst.dk/en-us"],"extracted_at":"2026-08-26T11:07:04Z"}},{"type":"Feature","geometry":{"type":"Point","coordinates":[8.6964083,56.9524562]},"properties":{"id":"9a95c3c7-ef2e-4c47-bd65-d7926687f64c","name":"Thisted Havn","city":"Thisted","note":"Point de passage frontalier maritime officiel.","mrgid":5674,"zone_name":"Denmark","country_iso2":"DK","validated":true,"distance_km":0.0,"geocode_source":"nominatim","source_urls":["https://toldst.dk/en-us"],"extracted_at":"2026-08-26T11:07:05Z"}},{"type":"Feature","geometry":{"type":"Point","coordinates":[-61.455588,15.575915]},"properties":{"id":"7c1ec738-57b2-4161-822f-7102a37697fb","name":"Portsmouth (Prince Rupert Bay / Cabrits)","city":"Portsmouth","note":"Port de clearance principal pour la plaisance, formalités à Cabrits / Longhouse Jetty.","mrgid":8417,"zone_name":"Dominica","country_iso2":"DM","validated":true,"distance_km":1.9,"geocode_source":"nominatim","source_urls":["https://edcard.dominica.gov.dm/"],"extracted_at":"2026-08-26T11:07:09Z"}},{"type":"Feature","geometry":{"type":"Point","coordinates":[-61.3872868,15.2991923]},"properties":{"id":"04467629-55c7-490e-9209-a71ccd4f198a","name":"Roseau (Roseau Bayfront / Ferry Terminal / Woodbridge Bay)","city":"Roseau","note":"Clearance plaisance au terminal de ferry / Roseau Bayfront.","mrgid":8417,"zone_name":"Dominica","country_iso2":"DM","validated":true,"distance_km":0.3,"geocode_source":"nominatim","source_urls":["https://edcard.dominica.gov.dm/"],"extracted_at":"2026-08-26T11:07:11Z"}},{"type":"Feature","geometry":{"type":"Point","coordinates":[125.5784093,-8.5536809]},"properties":{"id":"16133dd8-2a37-428d-99b4-8e9bab50ce71","name":"Port of Dili","city":"Dili","note":"Port d'entrée principal pour la plaisance avec services complets de douane, immigration et quarantaine.","mrgid":8758,"zone_name":"East Timor","country_iso2":"TL","validated":true,"distance_km":2.5,"geocode_source":"nominatim","source_urls":["https://customs.gov.tl/other-gov-agencies/custom-authority-timor-leste/","https://migracao.gov.tl/wp/at-the-border/"],"extracted_at":"2026-08-26T11:08:16Z"}},{"type":"Feature","geometry":{"type":"Point","coordinates":[124.3427251,-9.2696552]},"properties":{"id":"00ce743e-b943-40fc-b8c2-7963ab159a5f","name":"Port of Pante Macassar","city":"Pante Macassar","note":"Port régional avec contrôle frontalier ; autorisation préalable requise pour une première entrée en plaisance.","mrgid":8758,"zone_name":"East Timor","country_iso2":"TL","validated":false,"distance_km":75.7,"geocode_source":"nominatim","source_urls":["https://customs.gov.tl/other-gov-agencies/custom-authority-timor-leste/","https://migracao.gov.tl/wp/at-the-border/"],"extracted_at":"2026-08-26T11:08:19Z"}},{"type":"Feature","geometry":{"type":"Point","coordinates":[-109.427344,-27.1481172]},"properties":{"id":"049c24d4-e072-4f8c-9cf7-4be700690ccf","name":"Puerto de Hanga Roa / Bahía de Hanga Roa","city":"Hanga Roa","note":"Comprend le mouillage de Caleta Hanga Roa et le quai de Caleta Hanga Piko.","mrgid":21787,"zone_name":"Easter Island","country_iso2":null,"validated":true,"distance_km":0.0,"geocode_source":"nominatim","source_urls":[],"extracted_at":"2026-08-26T11:08:24Z"}},{"type":"Feature","geometry":{"type":"Point","coordinates":[29.8951716,31.1991806]},"properties":{"id":"65bb5134-20ac-4ea4-bbd1-bb571c50f109","name":"Port of Alexandria / Alexandria Passenger & Yacht Berths","city":"Alexandria","note":"Port d'entrée sur la côte méditerranéenne","mrgid":8490,"zone_name":"Egypt","country_iso2":"EG","validated":true,"distance_km":0.4,"geocode_source":"nominatim","source_urls":["https://www.suezcanal.gov.eg/English/MarineProducts/Pages/Yachts.aspx"],"extracted_at":"2026-08-26T11:09:09Z"}},{"type":"Feature","geometry":{"type":"Point","coordinates":[32.305505,31.263235]},"properties":{"id":"ce609897-2ebf-4f6b-83dd-204e3427bac2","name":"Port of Port Said & Port Said Yacht Basin","city":"Port Said","note":"Entrée nord du canal de Suez","mrgid":8490,"zone_name":"Egypt","country_iso2":"EG","validated":true,"distance_km":0.7,"geocode_source":"nominatim","source_urls":["https://www.suezcanal.gov.eg/English/MarineProducts/Pages/Yachts.aspx"],"extracted_at":"2026-08-26T11:09:13Z"}},{"type":"Feature","geometry":{"type":"Point","coordinates":[28.9370109,30.8603049]},"properties":{"id":"6ff0bcb8-dd06-4eda-981a-ec3ac49f43d2","name":"Marassi Marina / New Alamein Yacht berths","city":"New Alamein / El Alamein","note":"Côte méditerranéenne","mrgid":8490,"zone_name":"Egypt","country_iso2":"EG","validated":true,"distance_km":1.8,"geocode_source":"nominatim","source_urls":["https://www.suezcanal.gov.eg/English/MarineProducts/Pages/Yachts.aspx"],"extracted_at":"2026-08-26T11:09:17Z"}},{"type":"Feature","geometry":{"type":"Point","coordinates":[32.537086,29.974498]},"properties":{"id":"a2f3d146-d19a-4ef2-bdf6-15a1d9d5a3da","name":"Port of Suez / Port Tawfik Yacht Basin","city":"Suez","note":"Entrée sud du canal de Suez","mrgid":8490,"zone_name":"Egypt","country_iso2":"EG","validated":true,"distance_km":4.4,"geocode_source":"nominatim","source_urls":["https://www.suezcanal.gov.eg/English/MarineProducts/Pages/Yachts.aspx"],"extracted_at":"2026-08-26T11:09:21Z"}},{"type":"Feature","geometry":{"type":"Point","coordinates":[32.2770825,30.6043775]},"properties":{"id":"83ba3ee3-1760-48fb-8873-72cb02f098f6","name":"Suez Canal Authority (SCA) Ismailia Yacht Marina","city":"Ismailia","note":"Situé sur le lac Timsah le long du canal de Suez","mrgid":8490,"zone_name":"Egypt","country_iso2":"EG","validated":true,"distance_km":0.6,"geocode_source":"nominatim","source_urls":["https://www.suezcanal.gov.eg/English/MarineProducts/Pages/Yachts.aspx"],"extracted_at":"2026-08-26T11:09:27Z"}},{"type":"Feature","geometry":{"type":"Point","coordinates":[33.8297995,27.25364]},"properties":{"id":"ec37b9cb-5be2-4964-b71a-86d524dbb590","name":"Port of Hurghada / Hurghada Marina","city":"Hurghada","note":"Mer Rouge","mrgid":8490,"zone_name":"Egypt","country_iso2":"EG","validated":true,"distance_km":0.1,"geocode_source":"nominatim","source_urls":["https://www.suezcanal.gov.eg/English/MarineProducts/Pages/Yachts.aspx"],"extracted_at":"2026-08-26T11:09:30Z"}},{"type":"Feature","geometry":{"type":"Point","coordinates":[34.586225,25.5567332]},"properties":{"id":"2cf44849-57dd-4e8e-9293-62fec067564c","name":"Port Ghalib International Marina","city":"Marsa Alam / Port Ghalib","note":"Marina internationale, Mer Rouge","mrgid":8490,"zone_name":"Egypt","country_iso2":"EG","validated":true,"distance_km":5.9,"geocode_source":"nominatim","source_urls":["https://www.suezcanal.gov.eg/English/MarineProducts/Pages/Yachts.aspx"],"extracted_at":"2026-08-26T11:09:34Z"}},{"type":"Feature","geometry":{"type":"Point","coordinates":[33.675984,27.4078505]},"properties":{"id":"9855b81f-f598-4793-ae4f-4ed0d32e3dc0","name":"Abu Tig Marina","city":"El Gouna","note":"Marina de plaisance, Mer Rouge","mrgid":8490,"zone_name":"Egypt","country_iso2":"EG","validated":true,"distance_km":0.4,"geocode_source":"nominatim","source_urls":["https://www.suezcanal.gov.eg/English/MarineProducts/Pages/Yachts.aspx"],"extracted_at":"2026-08-26T11:09:35Z"}},{"type":"Feature","geometry":{"type":"Point","coordinates":[33.9383817,26.7633325]},"properties":{"id":"440842d9-3f3a-4f39-b5b7-5bdd453d460d","name":"Port of Safaga","city":"Safaga","note":"Mer Rouge","mrgid":8490,"zone_name":"Egypt","country_iso2":"EG","validated":true,"distance_km":0.2,"geocode_source":"nominatim","source_urls":["https://www.suezcanal.gov.eg/English/MarineProducts/Pages/Yachts.aspx"],"extracted_at":"2026-08-26T11:09:39Z"}},{"type":"Feature","geometry":{"type":"Point","coordinates":[34.295447,27.8644422]},"properties":{"id":"6a1cdae6-157e-4dbf-a3a0-7538161f639b","name":"Port of Sharm El-Sheikh / Sharm International Marina","city":"Sharm El-Sheikh","note":"Sud Sinaï / Mer Rouge","mrgid":8490,"zone_name":"Egypt","country_iso2":"EG","validated":true,"distance_km":2.3,"geocode_source":"nominatim","source_urls":["https://www.suezcanal.gov.eg/English/MarineProducts/Pages/Yachts.aspx"],"extracted_at":"2026-08-26T11:09:44Z"}},{"type":"Feature","geometry":{"type":"Point","coordinates":[34.892366,29.492821]},"properties":{"id":"8472efba-ff42-4af3-995a-12c9cf6f9e97","name":"Taba Heights Marina / Port of Taba","city":"Taba","note":"Golfe d'Aqaba","mrgid":8490,"zone_name":"Egypt","country_iso2":"EG","validated":true,"distance_km":0.7,"geocode_source":"nominatim","source_urls":["https://www.suezcanal.gov.eg/English/MarineProducts/Pages/Yachts.aspx"],"extracted_at":"2026-08-26T11:09:48Z"}},{"type":"Feature","geometry":{"type":"Point","coordinates":[34.661667,29.035]},"properties":{"id":"27eeeb98-bc93-46f8-afc9-2b0374251d27","name":"Port of Nuweiba","city":"Nuweiba","note":"Golfe d'Aqaba","mrgid":8490,"zone_name":"Egypt","country_iso2":"EG","validated":true,"distance_km":0.5,"geocode_source":"nominatim","source_urls":["https://www.suezcanal.gov.eg/English/MarineProducts/Pages/Yachts.aspx"],"extracted_at":"2026-08-26T11:09:51Z"}},{"type":"Feature","geometry":{"type":"Point","coordinates":[-88.5702092,13.3266647]},"properties":{"id":"637b0d08-57f6-4080-bbad-0f59cbc1e92e","name":"Puerto Barillas","city":"Jiquilisco","note":"Marina avec contrôle douanier et migratoire officiel pour l'entrée et sortie des embarcations.","mrgid":8428,"zone_name":"El Salvador","country_iso2":"SV","validated":true,"distance_km":5.4,"geocode_source":"nominatim","source_urls":["https://www.migracion.gob.sv/sucursales/","https://sitio.aduana.gob.sv/ubicaciones/","https://www.mh.gob.sv/servicios/control-de-entrada-y-salida-de-embarcaciones-y-aeronaves-en-puerto-barillas/"],"extracted_at":"2026-08-26T11:10:23Z"}},{"type":"Feature","geometry":{"type":"Point","coordinates":[-88.951631,13.3502528]},"properties":{"id":"a385aacb-1af9-46e2-a9e2-3a9081282942","name":"Puerto Bahía del Sol","city":"San Luis La Herradura","note":"Marina principale et port d'entrée pour les navires de plaisance.","mrgid":8428,"zone_name":"El Salvador","country_iso2":"SV","validated":true,"distance_km":1.6,"geocode_source":"nominatim","source_urls":["https://www.migracion.gob.sv/sucursales/","https://sitio.aduana.gob.sv/ubicaciones/","https://www.mh.gob.sv/servicios/control-de-entrada-y-salida-de-embarcaciones-y-aeronaves-en-puerto-barillas/"],"extracted_at":"2026-08-26T11:10:27Z"}},{"type":"Feature","geometry":{"type":"Point","coordinates":[-89.8316801,13.5769677]},"properties":{"id":"5fcbf59f-038a-4c6e-96ac-5e06a92afb4b","name":"Puerto de Acajutla","city":"Acajutla","note":"Port maritime d'entrée avec services de douane et d'immigration.","mrgid":8428,"zone_name":"El Salvador","country_iso2":"SV","validated":true,"distance_km":0.4,"geocode_source":"nominatim","source_urls":["https://www.migracion.gob.sv/sucursales/","https://sitio.aduana.gob.sv/ubicaciones/","https://www.mh.gob.sv/servicios/control-de-entrada-y-salida-de-embarcaciones-y-aeronaves-en-puerto-barillas/"],"extracted_at":"2026-08-26T11:10:28Z"}},{"type":"Feature","geometry":{"type":"Point","coordinates":[-87.8233506,13.3325282]},"properties":{"id":"0df48794-e43f-43eb-91df-10c5886ff4a7","name":"Puerto de La Unión","city":"La Unión","note":"Port maritime officiel d'entrée avec contrôle douanier et migratoire.","mrgid":8428,"zone_name":"El Salvador","country_iso2":"SV","validated":true,"distance_km":0.0,"geocode_source":"nominatim","source_urls":["https://www.migracion.gob.sv/sucursales/","https://sitio.aduana.gob.sv/ubicaciones/","https://www.mh.gob.sv/servicios/control-de-entrada-y-salida-de-embarcaciones-y-aeronaves-en-puerto-barillas/"],"extracted_at":"2026-08-26T11:10:30Z"}},{"type":"Feature","geometry":{"type":"Point","coordinates":[-87.8126381,13.3252656]},"properties":{"id":"19476b34-41e6-4241-88b8-e7f69df06ba8","name":"Puerto CORSAIN / Punta Gorda","city":"Punta Gorda","note":"Poste de contrôle migratoire maritime.","mrgid":8428,"zone_name":"El Salvador","country_iso2":"SV","validated":true,"distance_km":0.0,"geocode_source":"nominatim","source_urls":["https://www.migracion.gob.sv/sucursales/","https://sitio.aduana.gob.sv/ubicaciones/","https://www.mh.gob.sv/servicios/control-de-entrada-y-salida-de-embarcaciones-y-aeronaves-en-puerto-barillas/"],"extracted_at":"2026-08-26T11:10:33Z"}},{"type":"Feature","geometry":{"type":"Point","coordinates":[-87.7649371,13.2315272]},"properties":{"id":"6a6a8ecf-e687-4400-805f-08c09105326a","name":"Puerto Meanguera del Golfo","city":"Isla Meanguera del Golfo","note":"Poste de contrôle migratoire maritime dans le golfe de Fonseca.","mrgid":8428,"zone_name":"El Salvador","country_iso2":"SV","validated":true,"distance_km":0.0,"geocode_source":"nominatim","source_urls":["https://www.migracion.gob.sv/sucursales/","https://sitio.aduana.gob.sv/ubicaciones/","https://www.mh.gob.sv/servicios/control-de-entrada-y-salida-de-embarcaciones-y-aeronaves-en-puerto-barillas/"],"extracted_at":"2026-08-26T11:10:36Z"}},{"type":"Feature","geometry":{"type":"Point","coordinates":[39.4636974,15.6031828]},"properties":{"id":"085b65a5-6776-4161-b5f5-161e35d5ec2e","name":"Port of Massawa","city":"Massawa","note":"Port d'entrée officiel et actif pour les navires de plaisance et yachts étrangers.","mrgid":8351,"zone_name":"Eritrea","country_iso2":"ER","validated":true,"distance_km":0.0,"geocode_source":"nominatim","source_urls":["https://www.ecoi.net/en/document/2032433.html"],"extracted_at":"2026-08-26T11:10:51Z"}},{"type":"Feature","geometry":{"type":"Point","coordinates":[24.8216465,59.4683297]},"properties":{"id":"780daa65-b2d7-49dd-b128-3902099b278f","name":"Pirita (Pirita sadam / Marina)","city":"Tallinn","note":"Dédié à la plaisance, contrôle 24h/24 sur appel.","mrgid":5675,"zone_name":"Estonia","country_iso2":"EE","validated":true,"distance_km":0.0,"geocode_source":"nominatim","source_urls":["https://www.politsei.ee/en/questions-about-crossing-the-border"],"extracted_at":"2026-08-26T11:11:27Z"}},{"type":"Feature","geometry":{"type":"Point","coordinates":[24.6051002,59.4514964]},"properties":{"id":"71a1c288-d100-430e-8cb1-ed8cd158a7ab","name":"Kakumäe (Haven Kakumäe)","city":"Tallinn","note":"Dédié à la plaisance, contrôle 24h/24 sur appel.","mrgid":5675,"zone_name":"Estonia","country_iso2":"EE","validated":true,"distance_km":0.0,"geocode_source":"nominatim","source_urls":["https://www.politsei.ee/en/questions-about-crossing-the-border"],"extracted_at":"2026-08-26T11:11:28Z"}},{"type":"Feature","geometry":{"type":"Point","coordinates":[22.5349099,59.0259899]},"properties":{"id":"8f2f34aa-099c-4dbd-a52e-85da3be87c89","name":"Vanasadam (Old City Harbour / Marina)","city":"Tallinn","note":"Contrôle frontalier 24h/24 sur appel.","mrgid":5675,"zone_name":"Estonia","country_iso2":"EE","validated":true,"distance_km":0.9,"geocode_source":"nominatim","source_urls":["https://www.politsei.ee/en/questions-about-crossing-the-border"],"extracted_at":"2026-08-26T11:11:30Z"}},{"type":"Feature","geometry":{"type":"Point","coordinates":[24.7072053,59.4601841]},"properties":{"id":"06f8aa04-95e8-4c8a-8a9e-d13e724ce787","name":"Paljassaare (Paljassaare sadam)","city":"Tallinn","note":"Contrôle frontalier 24h/24 sur appel.","mrgid":5675,"zone_name":"Estonia","country_iso2":"EE","validated":true,"distance_km":0.0,"geocode_source":"nominatim","source_urls":["https://www.politsei.ee/en/questions-about-crossing-the-border"],"extracted_at":"2026-08-26T11:11:31Z"}},{"type":"Feature","geometry":{"type":"Point","coordinates":[24.0783546,59.3357617]},"properties":{"id":"6c78766c-cd93-4f54-872c-e0ee5423116d","name":"Paldiski Lõunasadam (Paldiski South Harbour)","city":"Paldiski","note":"Contrôle frontalier 24h/24 sur appel.","mrgid":5675,"zone_name":"Estonia","country_iso2":"EE","validated":true,"distance_km":0.0,"geocode_source":"nominatim","source_urls":["https://www.politsei.ee/en/questions-about-crossing-the-border"],"extracted_at":"2026-08-26T11:11:34Z"}},{"type":"Feature","geometry":{"type":"Point","coordinates":[23.5000969,59.2100402]},"properties":{"id":"00a895e5-2639-412c-bb0d-02c0820d218b","name":"Dirhami (Dirhami sadam)","city":"Dirhami küla","note":"Contrôle frontalier 24h/24 sur appel.","mrgid":5675,"zone_name":"Estonia","country_iso2":"EE","validated":true,"distance_km":0.1,"geocode_source":"nominatim","source_urls":["https://www.politsei.ee/en/questions-about-crossing-the-border"],"extracted_at":"2026-08-26T11:11:35Z"}},{"type":"Feature","geometry":{"type":"Point","coordinates":[26.1016286,59.5991368]},"properties":{"id":"d83bf5cb-6e5c-4c53-96c9-9c2e5e263aaa","name":"Vergi (Vergi sadam)","city":"Vergi","note":"Contrôle sur appel de 08h00 à 20h00.","mrgid":5675,"zone_name":"Estonia","country_iso2":"EE","validated":true,"distance_km":0.0,"geocode_source":"nominatim","source_urls":["https://www.politsei.ee/en/questions-about-crossing-the-border"],"extracted_at":"2026-08-26T11:11:36Z"}},{"type":"Feature","geometry":{"type":"Point","coordinates":[28.0421001,59.4596435]},"properties":{"id":"a4fc20b3-cc2a-48da-8d18-38758026333e","name":"Narva-Jõesuu (Narva-Jõesuu sadam)","city":"Narva-Jõesuu","note":"Contrôle frontalier 24h/24 sur appel.","mrgid":5675,"zone_name":"Estonia","country_iso2":"EE","validated":true,"distance_km":0.9,"geocode_source":"nominatim","source_urls":["https://www.politsei.ee/en/questions-about-crossing-the-border"],"extracted_at":"2026-08-26T11:11:38Z"}},{"type":"Feature","geometry":{"type":"Point","coordinates":[26.0296356,57.771889]},"properties":{"id":"6499dc2e-a64f-4ee6-a579-778e1db8151f","name":"Pärnu 2 (Pärnu Port)","city":"Pärnu","note":"Contrôle frontalier 24h/24 sur appel.","mrgid":5675,"zone_name":"Estonia","country_iso2":"EE","validated":false,"distance_km":170.8,"geocode_source":"nominatim","source_urls":["https://www.politsei.ee/en/questions-about-crossing-the-border"],"extracted_at":"2026-08-26T11:11:41Z"}},{"type":"Feature","geometry":{"type":"Point","coordinates":[23.0457313,58.8654696]},"properties":{"id":"5b5da5fb-970d-4232-a66f-f08a8ffa05e0","name":"Heltermaa (Heltermaa sadam)","city":"Heltermaa","note":"Contrôle frontalier 24h/24 sur appel.","mrgid":5675,"zone_name":"Estonia","country_iso2":"EE","validated":true,"distance_km":0.0,"geocode_source":"nominatim","source_urls":["https://www.politsei.ee/en/questions-about-crossing-the-border"],"extracted_at":"2026-08-26T11:11:42Z"}},{"type":"Feature","geometry":{"type":"Point","coordinates":[22.699945,59.0676222]},"properties":{"id":"7f1bedaa-b345-4806-9956-dfca3e1a4986","name":"Lehtma (Lehtma sadam)","city":"Lehtma","note":"Contrôle frontalier 24h/24 sur appel.","mrgid":5675,"zone_name":"Estonia","country_iso2":"EE","validated":true,"distance_km":0.0,"geocode_source":"nominatim","source_urls":["https://www.politsei.ee/en/questions-about-crossing-the-border"],"extracted_at":"2026-08-26T11:11:42Z"}},{"type":"Feature","geometry":{"type":"Point","coordinates":[22.5063068,58.2171803]},"properties":{"id":"928a471c-4611-4b19-97ed-1d3fd81a795a","name":"Roomassaare (Roomassaare sadam)","city":"Kuressaare","note":"Contrôle frontalier 24h/24 sur appel.","mrgid":5675,"zone_name":"Estonia","country_iso2":"EE","validated":true,"distance_km":0.2,"geocode_source":"nominatim","source_urls":["https://www.politsei.ee/en/questions-about-crossing-the-border"],"extracted_at":"2026-08-26T11:11:44Z"}},{"type":"Feature","geometry":{"type":"Point","coordinates":[22.2771058,58.27382]},"properties":{"id":"8d09b8d0-8d34-4bf2-9a57-7497cc822209","name":"Saaremaa (Saaremaa sadam / Port)","city":"Ninase küla","note":"Contrôle frontalier 24h/24 sur appel.","mrgid":5675,"zone_name":"Estonia","country_iso2":"EE","validated":true,"distance_km":8.1,"geocode_source":"nominatim","source_urls":["https://www.politsei.ee/en/questions-about-crossing-the-border"],"extracted_at":"2026-08-26T11:11:46Z"}},{"type":"Feature","geometry":{"type":"Point","coordinates":[22.1233802,57.949463]},"properties":{"id":"565cc3ac-380f-44df-ae77-3a73094902a0","name":"Mõntu (Mõntu sadam)","city":"Mõntu küla","note":"Contrôle frontalier 24h/24 sur appel.","mrgid":5675,"zone_name":"Estonia","country_iso2":"EE","validated":true,"distance_km":0.7,"geocode_source":"nominatim","source_urls":["https://www.politsei.ee/en/questions-about-crossing-the-border"],"extracted_at":"2026-08-26T11:11:47Z"}},{"type":"Feature","geometry":{"type":"Point","coordinates":[22.0495393,58.4615255]},"properties":{"id":"c7934639-2543-45dc-ac72-7fe1e79bc0c8","name":"Veere (Veere sadam)","city":"Veere küla","note":"Contrôle frontalier 24h/24 sur appel.","mrgid":5675,"zone_name":"Estonia","country_iso2":"EE","validated":true,"distance_km":0.3,"geocode_source":"nominatim","source_urls":["https://www.politsei.ee/en/questions-about-crossing-the-border"],"extracted_at":"2026-08-26T11:11:48Z"}},{"type":"Feature","geometry":{"type":"Point","coordinates":[27.2412934,58.4367868]},"properties":{"id":"1b8c96b0-d104-412b-ba5b-59acc6703fe3","name":"Praaga","city":"Praaga küla","note":"Frontière intérieure/lacustre, ouvert selon les saisons à horaires fixés.","mrgid":5675,"zone_name":"Estonia","country_iso2":"EE","validated":false,"distance_km":111.7,"geocode_source":"nominatim","source_urls":["https://www.politsei.ee/en/questions-about-crossing-the-border"],"extracted_at":"2026-08-26T11:11:49Z"}},{"type":"Feature","geometry":{"type":"Point","coordinates":[-57.8651133,-51.6911662]},"properties":{"id":"821ea03b-c8e0-4852-9589-29cf8c88b63a","name":"Port of Stanley","city":"Stanley","note":"Unique port d'entrée officiel pour les formalités de douane et d'immigration.","mrgid":8389,"zone_name":"Falkland / Malvinas Islands","country_iso2":"FK","validated":true,"distance_km":0.1,"geocode_source":"nominatim","source_urls":["https://www.gov.fk/maritimeauthority/ports-harbours/cruise-ship-guidance/","https://www.assembly.gov.fk/jdownloads/Executive%20Council/Executive%20Council%20Papers/2020/23%20September%202020/135-20P.pdf"],"extracted_at":"2026-08-26T11:12:55Z"}},{"type":"Feature","geometry":{"type":"Point","coordinates":[45.3331038,2.0245321]},"properties":{"id":"48cbbb57-5c4c-4996-a829-f8640c159a66","name":"Mogadishu Port","city":"Mogadishu","note":"Port maritime international principal avec contrôles des frontières, douanes et santé portuaire.","mrgid":8350,"zone_name":"Federal Republic of Somalia","country_iso2":"SO","validated":true,"distance_km":0.0,"geocode_source":"nominatim","source_urls":[],"extracted_at":"2026-08-26T11:13:26Z"}},{"type":"Feature","geometry":{"type":"Point","coordinates":[44.9935659,10.4340103]},"properties":{"id":"2ee04bf5-8d5c-4555-aee7-33657d3871b4","name":"Berbera Port","city":"Berbera","note":"Port d'entrée maritime international sur le golfe d'Aden.","mrgid":8350,"zone_name":"Federal Republic of Somalia","country_iso2":"SO","validated":true,"distance_km":0.0,"geocode_source":"nominatim","source_urls":[],"extracted_at":"2026-08-26T11:13:28Z"}},{"type":"Feature","geometry":{"type":"Point","coordinates":[49.4107227,11.002615]},"properties":{"id":"fb6bd375-29d9-4d0e-af51-674a1208fab3","name":"Bosaso Port","city":"Bosaso","note":"Port officiel de dédouanement maritime au nord sur le golfe d'Aden.","mrgid":8350,"zone_name":"Federal Republic of Somalia","country_iso2":"SO","validated":true,"distance_km":36.0,"geocode_source":"nominatim","source_urls":[],"extracted_at":"2026-08-26T11:13:35Z"}},{"type":"Feature","geometry":{"type":"Point","coordinates":[42.5409025,-0.3602433]},"properties":{"id":"3210e679-206b-4a2b-982a-703b791a957d","name":"Kismayo Port","city":"Kismayo","note":"Port officiel de dédouanement maritime au sud sur l'océan Indien.","mrgid":8350,"zone_name":"Federal Republic of Somalia","country_iso2":"SO","validated":true,"distance_km":0.0,"geocode_source":"nominatim","source_urls":[],"extracted_at":"2026-08-26T11:13:41Z"}},{"type":"Feature","geometry":{"type":"Point","coordinates":[26.9459462,60.4672673]},"properties":{"id":"fe976d5e-48a7-42be-a45c-8f5c58bf6c49","name":"Haapasaari Coast Guard Station","city":"Kotka","note":"Poste frontière pour la plaisance, Golfe de Finlande.","mrgid":5676,"zone_name":"Finland","country_iso2":"FI","validated":true,"distance_km":0.2,"geocode_source":"nominatim","source_urls":["https://tulli.fi/en/restrictions/cars/leisure-boats"],"extracted_at":"2026-08-26T11:13:24Z"}},{"type":"Feature","geometry":{"type":"Point","coordinates":[24.9823052,60.1478726]},"properties":{"id":"3615dd92-bc48-44f0-ae09-b70889d5c188","name":"Helsinki Coast Guard Station","city":"Helsinki","note":"Poste frontière pour la plaisance, Golfe de Finlande.","mrgid":5676,"zone_name":"Finland","country_iso2":"FI","validated":true,"distance_km":0.0,"geocode_source":"nominatim","source_urls":["https://tulli.fi/en/restrictions/cars/leisure-boats"],"extracted_at":"2026-08-26T11:13:26Z"}},{"type":"Feature","geometry":{"type":"Point","coordinates":[22.9678907,59.824775]},"properties":{"id":"f9f26aa3-c9e8-4b9f-8f78-6f737a4bcd29","name":"Hanko Coast Guard Station","city":"Hanko","note":"Poste frontière pour la plaisance.","mrgid":5676,"zone_name":"Finland","country_iso2":"FI","validated":true,"distance_km":0.0,"geocode_source":"nominatim","source_urls":["https://tulli.fi/en/restrictions/cars/leisure-boats"],"extracted_at":"2026-08-26T11:13:32Z"}},{"type":"Feature","geometry":{"type":"Point","coordinates":[19.94126,60.102423]},"properties":{"id":"590cf9f5-ed8c-427d-8778-6aa2e33d3956","name":"Åland Coast Guard Station","city":"Mariehamn","note":"Poste frontière pour la plaisance aux îles Åland.","mrgid":5676,"zone_name":"Finland","country_iso2":"FI","validated":true,"distance_km":0.8,"geocode_source":"nominatim","source_urls":["https://tulli.fi/en/restrictions/cars/leisure-boats"],"extracted_at":"2026-08-26T11:13:38Z"}},{"type":"Feature","geometry":{"type":"Point","coordinates":[27.5877293,60.5096701]},"properties":{"id":"55adc75c-9f09-4aa8-b60b-0e5ae1dd1d86","name":"Santio Coast Guard Station","city":"Virolahti","note":"Poste frontière saisonnier pour la plaisance dans l'est du golfe de Finlande.","mrgid":5676,"zone_name":"Finland","country_iso2":"FI","validated":true,"distance_km":0.0,"geocode_source":"nominatim","source_urls":["https://tulli.fi/en/restrictions/cars/leisure-boats"],"extracted_at":"2026-08-26T11:13:44Z"}},{"type":"Feature","geometry":{"type":"Point","coordinates":[28.1862293,61.0583417]},"properties":{"id":"34c8e401-ff9f-4066-a1a4-8c795f15e630","name":"Port of Nuijamaa (Customs Quay)","city":"Lappeenranta","note":"Quai des douanes pour la plaisance sur le canal de Saimaa.","mrgid":5676,"zone_name":"Finland","country_iso2":"FI","validated":false,"distance_km":70.5,"geocode_source":"nominatim","source_urls":["https://tulli.fi/en/restrictions/cars/leisure-boats"],"extracted_at":"2026-08-26T11:13:49Z"}},{"type":"Feature","geometry":{"type":"Point","coordinates":[8.7376029,41.9263991]},"properties":{"id":"6f5fe17a-0790-433a-bf93-ccf1caa83212","name":"Ajaccio","city":"Ajaccio","note":"Point de passage frontalier maritime (PPF)","mrgid":5677,"zone_name":"France","country_iso2":"FR","validated":true,"distance_km":0.0,"geocode_source":"nominatim","source_urls":["https://www.douane.gouv.fr/particuliers/vous-naviguez/vous-naviguez-en-provenance-ou-destination-dun-pays-non-membre-de"],"extracted_at":"2026-08-26T11:14:21Z"}},{"type":"Feature","geometry":{"type":"Point","coordinates":[9.4497707,42.6974612]},"properties":{"id":"b2324bea-34f4-4f1d-af6d-b64dae2431ba","name":"Bastia","city":"Bastia","note":"Point de passage frontalier maritime (PPF)","mrgid":5677,"zone_name":"France","country_iso2":"FR","validated":true,"distance_km":1.1,"geocode_source":"nominatim","source_urls":["https://www.douane.gouv.fr/particuliers/vous-naviguez/vous-naviguez-en-provenance-ou-destination-dun-pays-non-membre-de"],"extracted_at":"2026-08-26T11:14:22Z"}},{"type":"Feature","geometry":{"type":"Point","coordinates":[-1.4736657,43.4945144]},"properties":{"id":"90b2c74a-5004-47a0-960e-84d05b6f5cb1","name":"Bayonne","city":"Bayonne / Anglet / Boucau","note":"Point de passage frontalier maritime (PPF)","mrgid":5677,"zone_name":"France","country_iso2":"FR","validated":true,"distance_km":0.1,"geocode_source":"nominatim","source_urls":["https://www.douane.gouv.fr/particuliers/vous-naviguez/vous-naviguez-en-provenance-ou-destination-dun-pays-non-membre-de"],"extracted_at":"2026-08-26T11:14:25Z"}},{"type":"Feature","geometry":{"type":"Point","coordinates":[-0.5800364,44.841225]},"properties":{"id":"e4f81363-4af5-4f43-96a8-690a7a208d7b","name":"Bordeaux","city":"Bordeaux / Bassens / Le Verdon","note":"Point de passage frontalier maritime (PPF)","mrgid":5677,"zone_name":"France","country_iso2":"FR","validated":true,"distance_km":1.3,"geocode_source":"nominatim","source_urls":["https://www.douane.gouv.fr/particuliers/vous-naviguez/vous-naviguez-en-provenance-ou-destination-dun-pays-non-membre-de"],"extracted_at":"2026-08-26T11:14:26Z"}},{"type":"Feature","geometry":{"type":"Point","coordinates":[1.6118771,50.7259985]},"properties":{"id":"685e8395-aeb9-467a-8a64-432b0f0e417a","name":"Boulogne","city":"Boulogne-sur-Mer","note":"Point de passage frontalier maritime (PPF)","mrgid":5677,"zone_name":"France","country_iso2":"FR","validated":true,"distance_km":3.1,"geocode_source":"nominatim","source_urls":["https://www.douane.gouv.fr/particuliers/vous-naviguez/vous-naviguez-en-provenance-ou-destination-dun-pays-non-membre-de"],"extracted_at":"2026-08-26T11:14:28Z"}},{"type":"Feature","geometry":{"type":"Point","coordinates":[-4.4860088,48.3905283]},"properties":{"id":"f854e00f-ad6e-4dbd-9450-a84164850917","name":"Brest","city":"Brest","note":"Point de passage frontalier maritime (PPF)","mrgid":5677,"zone_name":"France","country_iso2":"FR","validated":true,"distance_km":0.0,"geocode_source":"nominatim","source_urls":["https://www.douane.gouv.fr/particuliers/vous-naviguez/vous-naviguez-en-provenance-ou-destination-dun-pays-non-membre-de"],"extracted_at":"2026-08-26T11:14:28Z"}},{"type":"Feature","geometry":{"type":"Point","coordinates":[-0.2650606,49.2877863]},"properties":{"id":"07be7c6b-47eb-4345-ade2-065f3d0ff832","name":"Caen-Ouistreham","city":"Ouistreham / Caen","note":"Point de passage frontalier maritime (PPF)","mrgid":5677,"zone_name":"France","country_iso2":"FR","validated":true,"distance_km":0.0,"geocode_source":"nominatim","source_urls":["https://www.douane.gouv.fr/particuliers/vous-naviguez/vous-naviguez-en-provenance-ou-destination-dun-pays-non-membre-de"],"extracted_at":"2026-08-26T11:14:29Z"}},{"type":"Feature","geometry":{"type":"Point","coordinates":[1.8538446,50.9524769]},"properties":{"id":"93c145b3-bec9-40b8-9311-7076d1198ccd","name":"Calais","city":"Calais","note":"Point de passage frontalier maritime (PPF)","mrgid":5677,"zone_name":"France","country_iso2":"FR","validated":true,"distance_km":1.8,"geocode_source":"nominatim","source_urls":["https://www.douane.gouv.fr/particuliers/vous-naviguez/vous-naviguez-en-provenance-ou-destination-dun-pays-non-membre-de"],"extracted_at":"2026-08-26T11:14:31Z"}},{"type":"Feature","geometry":{"type":"Point","coordinates":[7.0147795,43.5482221]},"properties":{"id":"63834456-043f-498d-99dd-6ab50f1ea571","name":"Cannes - Vieux Port","city":"Cannes","note":"Point de passage frontalier maritime (PPF)","mrgid":5677,"zone_name":"France","country_iso2":"FR","validated":true,"distance_km":0.7,"geocode_source":"nominatim","source_urls":["https://www.douane.gouv.fr/particuliers/vous-naviguez/vous-naviguez-en-provenance-ou-destination-dun-pays-non-membre-de"],"extracted_at":"2026-08-26T11:14:32Z"}},{"type":"Feature","geometry":{"type":"Point","coordinates":[-1.7869507,49.3778728]},"properties":{"id":"1ea7d715-ae9a-43d5-b6d4-308f5be59eaf","name":"Carteret","city":"Barneville-Carteret","note":"Point de passage frontalier maritime (PPF)","mrgid":5677,"zone_name":"France","country_iso2":"FR","validated":true,"distance_km":1.4,"geocode_source":"nominatim","source_urls":["https://www.douane.gouv.fr/particuliers/vous-naviguez/vous-naviguez-en-provenance-ou-destination-dun-pays-non-membre-de"],"extracted_at":"2026-08-26T11:14:33Z"}},{"type":"Feature","geometry":{"type":"Point","coordinates":[-1.6285858,49.634413]},"properties":{"id":"5830461d-2ebb-47d1-a9b9-5403ccfe313e","name":"Cherbourg","city":"Cherbourg-en-Cotentin","note":"Point de passage frontalier maritime (PPF)","mrgid":5677,"zone_name":"France","country_iso2":"FR","validated":true,"distance_km":0.8,"geocode_source":"nominatim","source_urls":["https://www.douane.gouv.fr/particuliers/vous-naviguez/vous-naviguez-en-provenance-ou-destination-dun-pays-non-membre-de"],"extracted_at":"2026-08-26T11:14:34Z"}},{"type":"Feature","geometry":{"type":"Point","coordinates":[1.0791444,49.9246182]},"properties":{"id":"7733bb66-5d99-4f04-a4d8-e7075b500dcf","name":"Dieppe","city":"Dieppe","note":"Point de passage frontalier maritime (PPF)","mrgid":5677,"zone_name":"France","country_iso2":"FR","validated":true,"distance_km":2.3,"geocode_source":"nominatim","source_urls":["https://www.douane.gouv.fr/particuliers/vous-naviguez/vous-naviguez-en-provenance-ou-destination-dun-pays-non-membre-de"],"extracted_at":"2026-08-26T11:14:35Z"}},{"type":"Feature","geometry":{"type":"Point","coordinates":[2.3772525,51.0347708]},"properties":{"id":"b38de218-c140-4687-bf12-b8700a023826","name":"Dunkerque","city":"Dunkerque","note":"Point de passage frontalier maritime (PPF)","mrgid":5677,"zone_name":"France","country_iso2":"FR","validated":true,"distance_km":1.7,"geocode_source":"nominatim","source_urls":["https://www.douane.gouv.fr/particuliers/vous-naviguez/vous-naviguez-en-provenance-ou-destination-dun-pays-non-membre-de"],"extracted_at":"2026-08-26T11:14:36Z"}},{"type":"Feature","geometry":{"type":"Point","coordinates":[-1.5874758,48.8385819]},"properties":{"id":"877378c4-57f0-4f1e-86ab-79952aa15fe1","name":"Granville","city":"Granville","note":"Point de passage frontalier maritime (PPF)","mrgid":5677,"zone_name":"France","country_iso2":"FR","validated":true,"distance_km":1.5,"geocode_source":"nominatim","source_urls":["https://www.douane.gouv.fr/particuliers/vous-naviguez/vous-naviguez-en-provenance-ou-destination-dun-pays-non-membre-de"],"extracted_at":"2026-08-26T11:14:37Z"}},{"type":"Feature","geometry":{"type":"Point","coordinates":[0.2357597,49.4085601]},"properties":{"id":"5c114825-e5c5-4754-9475-b412cf2590f5","name":"Honfleur","city":"Honfleur","note":"Point de passage frontalier maritime (PPF)","mrgid":5677,"zone_name":"France","country_iso2":"FR","validated":true,"distance_km":0.0,"geocode_source":"nominatim","source_urls":["https://www.douane.gouv.fr/particuliers/vous-naviguez/vous-naviguez-en-provenance-ou-destination-dun-pays-non-membre-de"],"extracted_at":"2026-08-26T11:14:38Z"}},{"type":"Feature","geometry":{"type":"Point","coordinates":[-1.2044388,46.1574929]},"properties":{"id":"3bf2ce1a-f977-4461-8d9f-0770bb2f9966","name":"La Rochelle - La Pallice","city":"La Rochelle","note":"Point de passage frontalier maritime (PPF)","mrgid":5677,"zone_name":"France","country_iso2":"FR","validated":true,"distance_km":0.0,"geocode_source":"nominatim","source_urls":["https://www.douane.gouv.fr/particuliers/vous-naviguez/vous-naviguez-en-provenance-ou-destination-dun-pays-non-membre-de"],"extracted_at":"2026-08-26T11:14:39Z"}},{"type":"Feature","geometry":{"type":"Point","coordinates":[0.1079732,49.4938975]},"properties":{"id":"a6136dee-81e3-4503-aead-eebb403ab640","name":"Le Havre","city":"Le Havre","note":"Point de passage frontalier maritime (PPF)","mrgid":5677,"zone_name":"France","country_iso2":"FR","validated":true,"distance_km":0.0,"geocode_source":"nominatim","source_urls":["https://www.douane.gouv.fr/particuliers/vous-naviguez/vous-naviguez-en-provenance-ou-destination-dun-pays-non-membre-de"],"extracted_at":"2026-08-26T11:14:40Z"}},{"type":"Feature","geometry":{"type":"Point","coordinates":[-2.3268787,46.719175]},"properties":{"id":"baef410b-c8f6-44b7-8fcf-ecd6795be1e0","name":"Les Sables-d'Olonne - Port","city":"Les Sables-d'Olonne","note":"Point de passage frontalier maritime (PPF)","mrgid":5677,"zone_name":"France","country_iso2":"FR","validated":true,"distance_km":0.0,"geocode_source":"nominatim","source_urls":["https://www.douane.gouv.fr/particuliers/vous-naviguez/vous-naviguez-en-provenance-ou-destination-dun-pays-non-membre-de"],"extracted_at":"2026-08-26T11:14:42Z"}},{"type":"Feature","geometry":{"type":"Point","coordinates":[-3.3660907,47.7477336]},"properties":{"id":"4e5c509a-e098-493c-8e2d-54c47fae68ab","name":"Lorient","city":"Lorient","note":"Point de passage frontalier maritime (PPF)","mrgid":5677,"zone_name":"France","country_iso2":"FR","validated":true,"distance_km":0.0,"geocode_source":"nominatim","source_urls":["https://www.douane.gouv.fr/particuliers/vous-naviguez/vous-naviguez-en-provenance-ou-destination-dun-pays-non-membre-de"],"extracted_at":"2026-08-26T11:14:43Z"}},{"type":"Feature","geometry":{"type":"Point","coordinates":[5.3777888,43.2963986]},"properties":{"id":"af0d9283-d3fe-415b-a672-71e0270c5a58","name":"Marseille","city":"Marseille","note":"Point de passage frontalier maritime (PPF)","mrgid":5677,"zone_name":"France","country_iso2":"FR","validated":true,"distance_km":0.5,"geocode_source":"nominatim","source_urls":["https://www.douane.gouv.fr/particuliers/vous-naviguez/vous-naviguez-en-provenance-ou-destination-dun-pays-non-membre-de"],"extracted_at":"2026-08-26T11:14:44Z"}},{"type":"Feature","geometry":{"type":"Point","coordinates":[9.4304477,42.2803146]},"properties":{"id":"20530600-a0de-4183-ba2c-ecb556c738b6","name":"Monaco - Port de la Condamine (Port Hercule)","city":"Monaco","note":"Contrôles opérés par les autorités françaises / PAF","mrgid":5677,"zone_name":"France","country_iso2":"FR","validated":true,"distance_km":13.1,"geocode_source":"nominatim","source_urls":["https://www.douane.gouv.fr/particuliers/vous-naviguez/vous-naviguez-en-provenance-ou-destination-dun-pays-non-membre-de"],"extracted_at":"2026-08-26T11:14:53Z"}},{"type":"Feature","geometry":{"type":"Point","coordinates":[-2.2540401,47.4975115]},"properties":{"id":"bf99f8a7-2f1d-467f-b5ea-fb71d94312f5","name":"Nantes - Saint-Nazaire","city":"Saint-Nazaire / Montoir / Nantes","note":"Point de passage frontalier maritime (PPF)","mrgid":5677,"zone_name":"France","country_iso2":"FR","validated":true,"distance_km":6.1,"geocode_source":"nominatim","source_urls":["https://www.douane.gouv.fr/particuliers/vous-naviguez/vous-naviguez-en-provenance-ou-destination-dun-pays-non-membre-de"],"extracted_at":"2026-08-26T11:14:57Z"}},{"type":"Feature","geometry":{"type":"Point","coordinates":[7.2683912,43.7009358]},"properties":{"id":"0d93c9b3-9a49-4f25-85cb-e6f9ad348aff","name":"Nice","city":"Nice","note":"Point de passage frontalier maritime (PPF)","mrgid":5677,"zone_name":"France","country_iso2":"FR","validated":true,"distance_km":1.8,"geocode_source":"nominatim","source_urls":["https://www.douane.gouv.fr/particuliers/vous-naviguez/vous-naviguez-en-provenance-ou-destination-dun-pays-non-membre-de"],"extracted_at":"2026-08-26T11:14:59Z"}},{"type":"Feature","geometry":{"type":"Point","coordinates":[3.038785,43.0199491]},"properties":{"id":"9f2a97ce-7f9a-46eb-96b9-88821ffa3e98","name":"Port-la-Nouvelle","city":"Port-la-Nouvelle","note":"Point de passage frontalier maritime (PPF)","mrgid":5677,"zone_name":"France","country_iso2":"FR","validated":true,"distance_km":2.2,"geocode_source":"nominatim","source_urls":["https://www.douane.gouv.fr/particuliers/vous-naviguez/vous-naviguez-en-provenance-ou-destination-dun-pays-non-membre-de"],"extracted_at":"2026-08-26T11:15:12Z"}},{"type":"Feature","geometry":{"type":"Point","coordinates":[8.7376029,41.9263991]},"properties":{"id":"4cdae5b8-8199-4575-a884-48ef391d551e","name":"Ajaccio","city":"Ajaccio","note":"Point de passage frontalier maritime officiel (PPF)","mrgid":48976,"zone_name":"France","country_iso2":"FR","validated":false,"distance_km":70.9,"geocode_source":"nominatim","source_urls":["https://www.douane.gouv.fr/particuliers/vous-naviguez/vous-naviguez-en-provenance-ou-destination-dun-pays-non-membre-de"],"extracted_at":"2026-08-26T11:15:46Z"}},{"type":"Feature","geometry":{"type":"Point","coordinates":[9.4497707,42.6974612]},"properties":{"id":"10ef1aac-9c38-44b5-8bd6-eae1621c272f","name":"Bastia","city":"Bastia","note":"Point de passage frontalier maritime officiel (PPF)","mrgid":48976,"zone_name":"France","country_iso2":"FR","validated":false,"distance_km":155.3,"geocode_source":"nominatim","source_urls":["https://www.douane.gouv.fr/particuliers/vous-naviguez/vous-naviguez-en-provenance-ou-destination-dun-pays-non-membre-de"],"extracted_at":"2026-08-26T11:15:47Z"}},{"type":"Feature","geometry":{"type":"Point","coordinates":[9.4304477,42.2803146]},"properties":{"id":"1c7e4827-23b7-4eb0-9a25-c2cd1cc0e9d5","name":"Monaco – Port de la Condamine (Port Hercule)","city":"Monaco","note":"Point de passage frontalier maritime officiel sous accord franco-monégasque","mrgid":48976,"zone_name":"France","country_iso2":"FR","validated":false,"distance_km":110.3,"geocode_source":"nominatim","source_urls":["https://www.douane.gouv.fr/particuliers/vous-naviguez/vous-naviguez-en-provenance-ou-destination-dun-pays-non-membre-de"],"extracted_at":"2026-08-26T11:16:11Z"}},{"type":"Feature","geometry":{"type":"Point","coordinates":[9.5047402,0.2867913]},"properties":{"id":"6679d592-92b3-43e4-adcf-a55a5133b07a","name":"Port d’Owendo","city":"Libreville","note":"Port d'entrée principal pour la région de Libreville avec bureau central des douanes et immigration.","mrgid":8476,"zone_name":"Gabon","country_iso2":"GA","validated":true,"distance_km":0.0,"geocode_source":"nominatim","source_urls":["https://douanes.ga/customs/our-organisation"],"extracted_at":"2026-08-26T11:16:39Z"}},{"type":"Feature","geometry":{"type":"Point","coordinates":[8.7937485,-0.727814]},"properties":{"id":"5291d1f2-748e-4bc5-acb7-8ef1913095a4","name":"Port de Port-Gentil","city":"Port-Gentil","note":"Port d'entrée officiel pour la région côtière et l'île Mandji (douane et immigration maritime).","mrgid":8476,"zone_name":"Gabon","country_iso2":"GA","validated":true,"distance_km":0.0,"geocode_source":"nominatim","source_urls":["https://douanes.ga/customs/our-organisation"],"extracted_at":"2026-08-26T11:16:40Z"}},{"type":"Feature","geometry":{"type":"Point","coordinates":[10.6545667,-3.4315661]},"properties":{"id":"29b08bac-78b8-43f2-aa18-cb047f8227ba","name":"Port de Mayumba","city":"Mayumba","note":"Rade et port désignés sous juridiction OPRAG pour le sud du littoral.","mrgid":8476,"zone_name":"Gabon","country_iso2":"GA","validated":true,"distance_km":0.4,"geocode_source":"nominatim","source_urls":["https://douanes.ga/customs/our-organisation"],"extracted_at":"2026-08-26T11:16:46Z"}},{"type":"Feature","geometry":{"type":"Point","coordinates":[-16.5627509,13.4410165]},"properties":{"id":"86cfaa9d-7cb4-46d3-85c3-07560b29e4a4","name":"Port of Banjul","city":"Banjul","note":"Unique port d'entrée maritime officiel du pays pour les navires de plaisance et navires internationaux.","mrgid":8370,"zone_name":"Gambia","country_iso2":"GM","validated":true,"distance_km":0.0,"geocode_source":"nominatim","source_urls":["https://gambia.gov.gm/entry-requirement/"],"extracted_at":"2026-08-26T11:17:54Z"}},{"type":"Feature","geometry":{"type":"Point","coordinates":[41.6360085,41.6509502]},"properties":{"id":"9b16624b-4c75-46ba-8336-b572f0738935","name":"Batumi Sea Port / Batumi Yacht Berth","city":"Batumi","note":"Port d'entrée principal pour les bateaux de plaisance étrangers et yachts (douane et police aux frontières).","mrgid":5678,"zone_name":"Georgia","country_iso2":"GE","validated":true,"distance_km":0.0,"geocode_source":"nominatim","source_urls":["https://matsne.gov.ge/en/document/download/31966/27/en/pdf"],"extracted_at":"2026-08-26T11:18:06Z"}},{"type":"Feature","geometry":{"type":"Point","coordinates":[41.653922,42.1676857]},"properties":{"id":"2ee6f3f4-587a-4d64-958f-601f8a79a2df","name":"Poti Sea Port","city":"Poti","note":"Point de passage frontalier maritime officiel doté de services des douanes et de la police aux frontières.","mrgid":5678,"zone_name":"Georgia","country_iso2":"GE","validated":true,"distance_km":0.0,"geocode_source":"nominatim","source_urls":["https://matsne.gov.ge/en/document/download/31966/27/en/pdf"],"extracted_at":"2026-08-26T11:18:10Z"}},{"type":"Feature","geometry":{"type":"Point","coordinates":[41.6656851,42.2726969]},"properties":{"id":"b6d8242e-b781-49b3-a9f3-d86d9e7e836f","name":"Kulevi Sea Port / Terminal","city":"Kulevi","note":"Point de contrôle frontalier douanier maritime officiel (principalement terminal industriel).","mrgid":5678,"zone_name":"Georgia","country_iso2":"GE","validated":true,"distance_km":5.2,"geocode_source":"nominatim","source_urls":["https://matsne.gov.ge/en/document/download/31966/27/en/pdf"],"extracted_at":"2026-08-26T11:18:14Z"}},{"type":"Feature","geometry":{"type":"Point","coordinates":[-0.0096771,5.6596409]},"properties":{"id":"ffe80b20-9591-45ae-9a31-2eece303e155","name":"Port of Tema","city":"Tema","note":"Port d'entrée officiel pour formalités de douane, immigration et santé de port.","mrgid":8400,"zone_name":"Ghana","country_iso2":"GH","validated":true,"distance_km":3.8,"geocode_source":"nominatim","source_urls":["https://www.ghanaports.gov.gh/"],"extracted_at":"2026-08-26T11:18:41Z"}},{"type":"Feature","geometry":{"type":"Point","coordinates":[-1.7519316,4.887401]},"properties":{"id":"164c7ef4-7791-4415-bf4c-afa5e58449f8","name":"Port of Takoradi","city":"Sekondi-Takoradi","note":"Port d'entrée officiel de l'ouest ghanéen pour formalités complètes.","mrgid":8400,"zone_name":"Ghana","country_iso2":"GH","validated":true,"distance_km":0.5,"geocode_source":"nominatim","source_urls":["https://www.ghanaports.gov.gh/"],"extracted_at":"2026-08-26T11:18:45Z"}},{"type":"Feature","geometry":{"type":"Point","coordinates":[-5.3541295,36.140807]},"properties":{"id":"47126f57-1194-461c-91e2-0e2b2067b56c","name":"Port of Gibraltar","city":"Gibraltar","note":"Port d'entrée officiel. Les yachts doivent se signaler au poste d'accueil à l'approche des marinas.","mrgid":8365,"zone_name":"Gibraltar","country_iso2":"GI","validated":true,"distance_km":0.0,"geocode_source":"nominatim","source_urls":["https://www.gibraltar.gov.gi/maritime","https://www.hmcustoms.gov.gi/portal/services/electronicPreDeclarations.jsf"],"extracted_at":"2026-08-26T11:19:16Z"}},{"type":"Feature","geometry":{"type":"Point","coordinates":[-5.3541295,36.140807]},"properties":{"id":"37831e01-6012-419a-a55d-c8cf9df49cbf","name":"Ocean Village Marina / Marina Bay","city":"Gibraltar","note":"Installation désignée pour la clearance douanière et le contrôle aux frontières.","mrgid":8365,"zone_name":"Gibraltar","country_iso2":"GI","validated":true,"distance_km":0.0,"geocode_source":"nominatim","source_urls":["https://www.gibraltar.gov.gi/maritime","https://www.hmcustoms.gov.gi/portal/services/electronicPreDeclarations.jsf"],"extracted_at":"2026-08-26T11:19:22Z"}},{"type":"Feature","geometry":{"type":"Point","coordinates":[-5.3570301,36.1361738]},"properties":{"id":"fd679336-f60f-45ae-89b8-4c2797540464","name":"Queensway Quay Marina","city":"Gibraltar","note":"Installation de marina désignée pour les formalités d'entrée de la plaisance.","mrgid":8365,"zone_name":"Gibraltar","country_iso2":"GI","validated":true,"distance_km":0.0,"geocode_source":"nominatim","source_urls":["https://www.gibraltar.gov.gi/maritime","https://www.hmcustoms.gov.gi/portal/services/electronicPreDeclarations.jsf"],"extracted_at":"2026-08-26T11:19:25Z"}},{"type":"Feature","geometry":{"type":"Point","coordinates":[-5.3541295,36.140807]},"properties":{"id":"8f45f74a-3a56-4282-a2de-f60eb65e18c8","name":"Mid-Harbour Small Boats & Superyacht Berths","city":"Gibraltar","note":"Quais de déclaration et d'accueil gérés par la Gibraltar Port Authority.","mrgid":8365,"zone_name":"Gibraltar","country_iso2":"GI","validated":true,"distance_km":0.0,"geocode_source":"nominatim","source_urls":["https://www.gibraltar.gov.gi/maritime","https://www.hmcustoms.gov.gi/portal/services/electronicPreDeclarations.jsf"],"extracted_at":"2026-08-26T11:19:31Z"}},{"type":"Feature","geometry":{"type":"Point","coordinates":[6.6915095,53.5859584]},"properties":{"id":"c302f67d-9e68-4175-aad3-617d869df00b","name":"Borkum","city":"Borkum","note":"Point de passage frontalier officiel de la mer du Nord.","mrgid":5669,"zone_name":"Germany","country_iso2":"DE","validated":true,"distance_km":1.1,"geocode_source":"nominatim","source_urls":["https://bundespolizei.de/sicher-auf-reisen/mit-schiff-und-boot/haeufig-gestellte-fragen"],"extracted_at":"2026-08-26T11:19:00Z"}},{"type":"Feature","geometry":{"type":"Point","coordinates":[8.4811634,53.3286418]},"properties":{"id":"65cc2244-2d6b-4638-adde-b9596849219c","name":"Brake","city":"Brake","note":"Point de passage frontalier officiel (Unterweser).","mrgid":5669,"zone_name":"Germany","country_iso2":"DE","validated":true,"distance_km":0.0,"geocode_source":"nominatim","source_urls":["https://bundespolizei.de/sicher-auf-reisen/mit-schiff-und-boot/haeufig-gestellte-fragen"],"extracted_at":"2026-08-26T11:19:02Z"}},{"type":"Feature","geometry":{"type":"Point","coordinates":[9.0983304,53.8950281]},"properties":{"id":"5b50afe8-6232-49a4-915f-f87d189ec214","name":"Brunsbüttel","city":"Brunsbüttel","note":"Entrée du canal de Kiel / Elbe.","mrgid":5669,"zone_name":"Germany","country_iso2":"DE","validated":true,"distance_km":0.0,"geocode_source":"nominatim","source_urls":["https://bundespolizei.de/sicher-auf-reisen/mit-schiff-und-boot/haeufig-gestellte-fragen"],"extracted_at":"2026-08-26T11:19:03Z"}},{"type":"Feature","geometry":{"type":"Point","coordinates":[8.8675385,54.1340186]},"properties":{"id":"834e4947-5008-47d6-a950-2a23a73ee2d7","name":"Büsum","city":"Büsum","note":"Point de passage frontalier officiel de la mer du Nord.","mrgid":5669,"zone_name":"Germany","country_iso2":"DE","validated":true,"distance_km":0.0,"geocode_source":"nominatim","source_urls":["https://bundespolizei.de/sicher-auf-reisen/mit-schiff-und-boot/haeufig-gestellte-fragen"],"extracted_at":"2026-08-26T11:19:04Z"}},{"type":"Feature","geometry":{"type":"Point","coordinates":[9.5028173,53.6403868]},"properties":{"id":"82ac92db-3672-4150-8be3-065dbc144502","name":"Bützflether Sand","city":"Stade","note":"Point de passage frontalier officiel.","mrgid":5669,"zone_name":"Germany","country_iso2":"DE","validated":true,"distance_km":0.6,"geocode_source":"nominatim","source_urls":["https://bundespolizei.de/sicher-auf-reisen/mit-schiff-und-boot/haeufig-gestellte-fragen"],"extracted_at":"2026-08-26T11:19:05Z"}},{"type":"Feature","geometry":{"type":"Point","coordinates":[8.8071646,53.0758196]},"properties":{"id":"8fd3a20e-3545-41be-92ae-25edb8d1a72c","name":"Bremen","city":"Bremen","note":"Point de passage frontalier officiel.","mrgid":5669,"zone_name":"Germany","country_iso2":"DE","validated":true,"distance_km":0.0,"geocode_source":"nominatim","source_urls":["https://bundespolizei.de/sicher-auf-reisen/mit-schiff-und-boot/haeufig-gestellte-fragen"],"extracted_at":"2026-08-26T11:19:06Z"}},{"type":"Feature","geometry":{"type":"Point","coordinates":[8.5811479,53.5406454]},"properties":{"id":"a8bbadec-d5b8-4de8-a2c2-f4193f771276","name":"Bremerhaven","city":"Bremerhaven","note":"Point de passage frontalier officiel.","mrgid":5669,"zone_name":"Germany","country_iso2":"DE","validated":true,"distance_km":0.6,"geocode_source":"nominatim","source_urls":["https://bundespolizei.de/sicher-auf-reisen/mit-schiff-und-boot/haeufig-gestellte-fragen"],"extracted_at":"2026-08-26T11:19:07Z"}},{"type":"Feature","geometry":{"type":"Point","coordinates":[8.698286,53.86878]},"properties":{"id":"47b7e276-ce43-4ed7-b5fe-2095c70a3fba","name":"Cuxhaven","city":"Cuxhaven","note":"Point de passage frontalier officiel de la mer du Nord.","mrgid":5669,"zone_name":"Germany","country_iso2":"DE","validated":true,"distance_km":0.4,"geocode_source":"nominatim","source_urls":["https://bundespolizei.de/sicher-auf-reisen/mit-schiff-und-boot/haeufig-gestellte-fragen"],"extracted_at":"2026-08-26T11:19:08Z"}},{"type":"Feature","geometry":{"type":"Point","coordinates":[8.2336804,53.5217724]},"properties":{"id":"98ceb566-4723-452e-91ff-48676c2c5072","name":"Eckwarderhörne","city":"Butjadingen","note":"Point de passage frontalier officiel (baie de Jade).","mrgid":5669,"zone_name":"Germany","country_iso2":"DE","validated":true,"distance_km":0.1,"geocode_source":"nominatim","source_urls":["https://bundespolizei.de/sicher-auf-reisen/mit-schiff-und-boot/haeufig-gestellte-fragen"],"extracted_at":"2026-08-26T11:19:09Z"}},{"type":"Feature","geometry":{"type":"Point","coordinates":[8.4640555,53.2340614]},"properties":{"id":"11311c10-c7dc-44e4-8ee8-c2df93cfaf9f","name":"Elsfleth","city":"Elsfleth","note":"Point de passage frontalier officiel.","mrgid":5669,"zone_name":"Germany","country_iso2":"DE","validated":true,"distance_km":1.9,"geocode_source":"nominatim","source_urls":["https://bundespolizei.de/sicher-auf-reisen/mit-schiff-und-boot/haeufig-gestellte-fragen"],"extracted_at":"2026-08-26T11:19:10Z"}},{"type":"Feature","geometry":{"type":"Point","coordinates":[7.2017765,53.3629904]},"properties":{"id":"545c2672-db61-41a1-b18c-825222e659ba","name":"Emden","city":"Emden","note":"Point de passage frontalier officiel.","mrgid":5669,"zone_name":"Germany","country_iso2":"DE","validated":true,"distance_km":3.6,"geocode_source":"nominatim","source_urls":["https://bundespolizei.de/sicher-auf-reisen/mit-schiff-und-boot/haeufig-gestellte-fragen"],"extracted_at":"2026-08-26T11:19:13Z"}},{"type":"Feature","geometry":{"type":"Point","coordinates":[8.352501,53.5957242]},"properties":{"id":"32042e78-b208-4f30-937a-4a9b7d97dd47","name":"Fedderwardersiel","city":"Butjadingen","note":"Point de passage frontalier officiel.","mrgid":5669,"zone_name":"Germany","country_iso2":"DE","validated":true,"distance_km":0.0,"geocode_source":"nominatim","source_urls":["https://bundespolizei.de/sicher-auf-reisen/mit-schiff-und-boot/haeufig-gestellte-fragen"],"extracted_at":"2026-08-26T11:19:15Z"}},{"type":"Feature","geometry":{"type":"Point","coordinates":[9.4030135,53.7947679]},"properties":{"id":"c813004f-8cfb-4e9d-91f3-5ed8e6cd5de4","name":"Glückstadt","city":"Glückstadt","note":"Point de passage frontalier officiel (Elbe).","mrgid":5669,"zone_name":"Germany","country_iso2":"DE","validated":true,"distance_km":0.0,"geocode_source":"nominatim","source_urls":["https://bundespolizei.de/sicher-auf-reisen/mit-schiff-und-boot/haeufig-gestellte-fragen"],"extracted_at":"2026-08-26T11:19:17Z"}},{"type":"Feature","geometry":{"type":"Point","coordinates":[9.9753758,53.5909051]},"properties":{"id":"18f8a646-df80-450e-9dcc-ae38f223b7d9","name":"Hamburg","city":"Hamburg","note":"Port de Hambourg, point de passage frontalier officiel.","mrgid":5669,"zone_name":"Germany","country_iso2":"DE","validated":true,"distance_km":5.2,"geocode_source":"nominatim","source_urls":["https://bundespolizei.de/sicher-auf-reisen/mit-schiff-und-boot/haeufig-gestellte-fragen"],"extracted_at":"2026-08-26T11:19:19Z"}},{"type":"Feature","geometry":{"type":"Point","coordinates":[10.0013165,53.5501721]},"properties":{"id":"96ba7c7b-1c78-43f1-9734-dbd1e3c38310","name":"Hamburg-Neuenfelde","city":"Hamburg","note":"Point de passage frontalier officiel.","mrgid":5669,"zone_name":"Germany","country_iso2":"DE","validated":true,"distance_km":1.4,"geocode_source":"nominatim","source_urls":["https://bundespolizei.de/sicher-auf-reisen/mit-schiff-und-boot/haeufig-gestellte-fragen"],"extracted_at":"2026-08-26T11:19:26Z"}},{"type":"Feature","geometry":{"type":"Point","coordinates":[7.8853621,54.1800453]},"properties":{"id":"64e6bf39-4db1-44bb-a416-42158bd038fc","name":"Helgoland","city":"Helgoland","note":"Île d'Heligoland, point de passage frontalier officiel.","mrgid":5669,"zone_name":"Germany","country_iso2":"DE","validated":true,"distance_km":0.5,"geocode_source":"nominatim","source_urls":["https://bundespolizei.de/sicher-auf-reisen/mit-schiff-und-boot/haeufig-gestellte-fragen"],"extracted_at":"2026-08-26T11:19:28Z"}},{"type":"Feature","geometry":{"type":"Point","coordinates":[9.0560508,54.4720689]},"properties":{"id":"28eb953f-547a-46b6-8f34-04868f46bb94","name":"Husum","city":"Husum","note":"Point de passage frontalier officiel.","mrgid":5669,"zone_name":"Germany","country_iso2":"DE","validated":true,"distance_km":3.6,"geocode_source":"nominatim","source_urls":["https://bundespolizei.de/sicher-auf-reisen/mit-schiff-und-boot/haeufig-gestellte-fragen"],"extracted_at":"2026-08-26T11:19:30Z"}},{"type":"Feature","geometry":{"type":"Point","coordinates":[7.4567555,53.2332168]},"properties":{"id":"f6de4f27-45fb-4c9a-8fcc-a36347f2e519","name":"Leer","city":"Leer","note":"Point de passage frontalier officiel.","mrgid":5669,"zone_name":"Germany","country_iso2":"DE","validated":true,"distance_km":3.1,"geocode_source":"nominatim","source_urls":["https://bundespolizei.de/sicher-auf-reisen/mit-schiff-und-boot/haeufig-gestellte-fragen"],"extracted_at":"2026-08-26T11:19:32Z"}},{"type":"Feature","geometry":{"type":"Point","coordinates":[8.6181735,53.1663071]},"properties":{"id":"87dde7c4-af5a-48ac-9a21-4b86df86696d","name":"Lemwerder","city":"Lemwerder","note":"Point de passage frontalier officiel.","mrgid":5669,"zone_name":"Germany","country_iso2":"DE","validated":true,"distance_km":0.0,"geocode_source":"nominatim","source_urls":["https://bundespolizei.de/sicher-auf-reisen/mit-schiff-und-boot/haeufig-gestellte-fragen"],"extracted_at":"2026-08-26T11:19:34Z"}},{"type":"Feature","geometry":{"type":"Point","coordinates":[8.4168915,55.0579255]},"properties":{"id":"944b4496-b04c-40e6-942b-f6c7d610470c","name":"List/Sylt","city":"List auf Sylt","note":"Île de Sylt, point de passage frontalier officiel.","mrgid":5669,"zone_name":"Germany","country_iso2":"DE","validated":true,"distance_km":0.0,"geocode_source":"nominatim","source_urls":["https://bundespolizei.de/sicher-auf-reisen/mit-schiff-und-boot/haeufig-gestellte-fragen"],"extracted_at":"2026-08-26T11:19:35Z"}},{"type":"Feature","geometry":{"type":"Point","coordinates":[7.1606696,53.6163238]},"properties":{"id":"8fb24980-f1b1-4db0-acfd-5d05c1abbb6d","name":"Norddeich","city":"Norden","note":"Point de passage frontalier officiel.","mrgid":5669,"zone_name":"Germany","country_iso2":"DE","validated":true,"distance_km":0.0,"geocode_source":"nominatim","source_urls":["https://bundespolizei.de/sicher-auf-reisen/mit-schiff-und-boot/haeufig-gestellte-fragen"],"extracted_at":"2026-08-26T11:19:36Z"}},{"type":"Feature","geometry":{"type":"Point","coordinates":[8.4873904,53.4836371]},"properties":{"id":"3d463743-e1df-4bf0-a985-8019d264813e","name":"Nordenham","city":"Nordenham","note":"Point de passage frontalier officiel.","mrgid":5669,"zone_name":"Germany","country_iso2":"DE","validated":true,"distance_km":1.3,"geocode_source":"nominatim","source_urls":["https://bundespolizei.de/sicher-auf-reisen/mit-schiff-und-boot/haeufig-gestellte-fragen"],"extracted_at":"2026-08-26T11:19:37Z"}},{"type":"Feature","geometry":{"type":"Point","coordinates":[7.2340205,53.7123857]},"properties":{"id":"8177c844-80fb-42ba-9213-42482f1876ee","name":"Norderney","city":"Norderney","note":"Point de passage frontalier officiel (îles de la Frise orientale).","mrgid":5669,"zone_name":"Germany","country_iso2":"DE","validated":true,"distance_km":0.0,"geocode_source":"nominatim","source_urls":["https://bundespolizei.de/sicher-auf-reisen/mit-schiff-und-boot/haeufig-gestellte-fragen"],"extracted_at":"2026-08-26T11:19:38Z"}},{"type":"Feature","geometry":{"type":"Point","coordinates":[7.3869777,53.0898943]},"properties":{"id":"7562619b-0471-410b-8fba-4cf9a1f4d4e1","name":"Papenburg","city":"Papenburg","note":"Point de passage frontalier officiel (Ems).","mrgid":5669,"zone_name":"Germany","country_iso2":"DE","validated":true,"distance_km":12.4,"geocode_source":"nominatim","source_urls":["https://bundespolizei.de/sicher-auf-reisen/mit-schiff-und-boot/haeufig-gestellte-fragen"],"extracted_at":"2026-08-26T11:19:39Z"}},{"type":"Feature","geometry":{"type":"Point","coordinates":[9.5245666,53.6288525]},"properties":{"id":"2de72e7a-bd84-4274-b307-70cc5e1c3779","name":"Stadersand","city":"Stade","note":"Point de passage frontalier officiel.","mrgid":5669,"zone_name":"Germany","country_iso2":"DE","validated":true,"distance_km":0.0,"geocode_source":"nominatim","source_urls":["https://bundespolizei.de/sicher-auf-reisen/mit-schiff-und-boot/haeufig-gestellte-fragen"],"extracted_at":"2026-08-26T11:19:40Z"}},{"type":"Feature","geometry":{"type":"Point","coordinates":[172.9324171,1.356854]},"properties":{"id":"261efc70-6797-4550-9ea5-ad76119bd944","name":"Betio Port","city":"Tarawa","note":"Port d'entrée officiel des îles Gilbert. Contacter Radio Tarawa sur le canal VHF 16 pour la clearance.","mrgid":8488,"zone_name":"Gilbert Islands","country_iso2":"KI","validated":true,"distance_km":0.0,"geocode_source":"nominatim","source_urls":["https://kiribatitourism.gov.ki/yacht-sailboat-travel"],"extracted_at":"2026-08-26T11:19:57Z"}},{"type":"Feature","geometry":{"type":"Point","coordinates":[26.8517541,37.1565812]},"properties":{"id":"d33168aa-fd4c-470f-9238-b36fbd726f29","name":"Agia Marina (Leros)","city":"Agia Marina, Leros Island","note":"Fonctionnement saisonnier / période estivale","mrgid":5679,"zone_name":"Greece","country_iso2":"GR","validated":true,"distance_km":1.7,"geocode_source":"nominatim","source_urls":[],"extracted_at":"2026-08-26T11:20:36Z"}},{"type":"Feature","geometry":{"type":"Point","coordinates":[23.1370772,37.9331432]},"properties":{"id":"b99e671b-fd2f-4052-842a-9a06ce7dc9c2","name":"Agioi Theodoroi","city":"Agioi Theodoroi, Corinthia","note":null,"mrgid":5679,"zone_name":"Greece","country_iso2":"GR","validated":true,"distance_km":0.0,"geocode_source":"nominatim","source_urls":[],"extracted_at":"2026-08-26T11:20:37Z"}},{"type":"Feature","geometry":{"type":"Point","coordinates":[25.711832,35.1928032]},"properties":{"id":"2d062ade-9ada-400c-9cbc-1dd29bf389e2","name":"Agios Nikolaos","city":"Agios Nikolaos, Crete","note":null,"mrgid":5679,"zone_name":"Greece","country_iso2":"GR","validated":true,"distance_km":0.0,"geocode_source":"nominatim","source_urls":[],"extracted_at":"2026-08-26T11:20:38Z"}},{"type":"Feature","geometry":{"type":"Point","coordinates":[22.0852909,38.2505699]},"properties":{"id":"fb3fce05-821f-4186-952f-bfecb4d6472c","name":"Aigio (Aighio)","city":"Aigio, Peloponnese","note":null,"mrgid":5679,"zone_name":"Greece","country_iso2":"GR","validated":true,"distance_km":1.4,"geocode_source":"nominatim","source_urls":[],"extracted_at":"2026-08-26T11:20:40Z"}},{"type":"Feature","geometry":{"type":"Point","coordinates":[25.8917876,40.8480051]},"properties":{"id":"06eb9107-8425-4daa-8881-a20f3b75a2a9","name":"Alexandroupoli","city":"Alexandroupoli, Thrace","note":null,"mrgid":5679,"zone_name":"Greece","country_iso2":"GR","validated":true,"distance_km":0.4,"geocode_source":"nominatim","source_urls":[],"extracted_at":"2026-08-26T11:20:41Z"}},{"type":"Feature","geometry":{"type":"Point","coordinates":[20.4878796,38.1756733]},"properties":{"id":"4b15c346-0992-4640-8aa5-797053ca3ea3","name":"Argostoli","city":"Argostoli, Cephalonia","note":null,"mrgid":5679,"zone_name":"Greece","country_iso2":"GR","validated":true,"distance_km":0.4,"geocode_source":"nominatim","source_urls":[],"extracted_at":"2026-08-26T11:20:43Z"}},{"type":"Feature","geometry":{"type":"Point","coordinates":[21.0829746,38.5342274]},"properties":{"id":"052cbfa9-f5f8-4e74-90f0-bf7cb4ef8e6d","name":"Astakos","city":"Astakos, Aetolia-Acarnania","note":null,"mrgid":5679,"zone_name":"Greece","country_iso2":"GR","validated":true,"distance_km":0.7,"geocode_source":"nominatim","source_urls":[],"extracted_at":"2026-08-26T11:20:44Z"}},{"type":"Feature","geometry":{"type":"Point","coordinates":[23.5946107,38.4622741]},"properties":{"id":"71386000-54dc-431c-bf55-9d651f7a69d9","name":"Chalkida","city":"Chalkida, Evia","note":null,"mrgid":5679,"zone_name":"Greece","country_iso2":"GR","validated":true,"distance_km":0.0,"geocode_source":"nominatim","source_urls":[],"extracted_at":"2026-08-26T11:20:47Z"}},{"type":"Feature","geometry":{"type":"Point","coordinates":[24.0191544,35.5120831]},"properties":{"id":"b3420a38-95ea-4f04-8cae-e7178c5967e7","name":"Chania","city":"Chania (Town Harbour), Crete","note":null,"mrgid":5679,"zone_name":"Greece","country_iso2":"GR","validated":true,"distance_km":1.1,"geocode_source":"nominatim","source_urls":[],"extracted_at":"2026-08-26T11:20:49Z"}},{"type":"Feature","geometry":{"type":"Point","coordinates":[26.0646552,38.3758132]},"properties":{"id":"cea2a8e9-5a5b-4dd8-b575-6e59e96bf28d","name":"Chios","city":"Chios Port, Chios Island","note":null,"mrgid":5679,"zone_name":"Greece","country_iso2":"GR","validated":true,"distance_km":8.2,"geocode_source":"nominatim","source_urls":[],"extracted_at":"2026-08-26T11:20:53Z"}},{"type":"Feature","geometry":{"type":"Point","coordinates":[22.9336692,37.9397622]},"properties":{"id":"b392440f-3257-49ed-af24-40fbbc916575","name":"Corinth (Korinthos)","city":"Corinth, Peloponnese","note":null,"mrgid":5679,"zone_name":"Greece","country_iso2":"GR","validated":true,"distance_km":1.9,"geocode_source":"nominatim","source_urls":[],"extracted_at":"2026-08-26T11:20:55Z"}},{"type":"Feature","geometry":{"type":"Point","coordinates":[19.8596189,39.591337]},"properties":{"id":"c22df51f-591e-4c65-997d-207d58f10d05","name":"Corfu (Kerkira)","city":"Corfu Port / Marina Gouvia area, Corfu Island","note":null,"mrgid":5679,"zone_name":"Greece","country_iso2":"GR","validated":true,"distance_km":3.8,"geocode_source":"nominatim","source_urls":[],"extracted_at":"2026-08-26T11:21:00Z"}},{"type":"Feature","geometry":{"type":"Point","coordinates":[24.2216445,40.2147694]},"properties":{"id":"6a52f442-3e5a-422f-8247-6c623ad14dac","name":"Dafni","city":"Dafni, Mount Athos","note":null,"mrgid":5679,"zone_name":"Greece","country_iso2":"GR","validated":true,"distance_km":0.4,"geocode_source":"nominatim","source_urls":[],"extracted_at":"2026-08-26T11:21:02Z"}},{"type":"Feature","geometry":{"type":"Point","coordinates":[23.5348663,38.047608]},"properties":{"id":"77728a42-38da-4371-b47d-6988415f1131","name":"Elefsina","city":"Elefsina, Attica","note":null,"mrgid":5679,"zone_name":"Greece","country_iso2":"GR","validated":true,"distance_km":1.4,"geocode_source":"nominatim","source_urls":[],"extracted_at":"2026-08-26T11:21:04Z"}},{"type":"Feature","geometry":{"type":"Point","coordinates":[23.7400709,37.8727165]},"properties":{"id":"ae53fe9b-7683-4394-8a66-920dbd4a9fde","name":"Glyfada","city":"Glyfada, Athens / Attica","note":null,"mrgid":5679,"zone_name":"Greece","country_iso2":"GR","validated":true,"distance_km":0.0,"geocode_source":"nominatim","source_urls":[],"extracted_at":"2026-08-26T11:21:06Z"}},{"type":"Feature","geometry":{"type":"Point","coordinates":[22.5659499,36.761578]},"properties":{"id":"95e14146-a68a-4acd-a682-a231a101ae56","name":"Gythio (Ghithio)","city":"Gythio, Peloponnese","note":null,"mrgid":5679,"zone_name":"Greece","country_iso2":"GR","validated":true,"distance_km":0.9,"geocode_source":"nominatim","source_urls":[],"extracted_at":"2026-08-26T11:21:11Z"}},{"type":"Feature","geometry":{"type":"Point","coordinates":[25.1332843,35.33908]},"properties":{"id":"83f3991d-c1f4-44ae-944b-752584e98bc3","name":"Heraklion","city":"Heraklion, Crete","note":null,"mrgid":5679,"zone_name":"Greece","country_iso2":"GR","validated":true,"distance_km":0.1,"geocode_source":"nominatim","source_urls":[],"extracted_at":"2026-08-26T11:21:13Z"}},{"type":"Feature","geometry":{"type":"Point","coordinates":[20.2576538,39.4905264]},"properties":{"id":"f07d4e84-fd52-41f4-acfe-ef9b692d7d6c","name":"Igoumenitsa","city":"Igoumenitsa, Thesprotia","note":null,"mrgid":5679,"zone_name":"Greece","country_iso2":"GR","validated":true,"distance_km":1.8,"geocode_source":"nominatim","source_urls":[],"extracted_at":"2026-08-26T11:21:15Z"}},{"type":"Feature","geometry":{"type":"Point","coordinates":[22.4239321,38.4334754]},"properties":{"id":"fbd7d86e-9d06-4a21-8ca4-4ffe2ae2af01","name":"Itea","city":"Itea, Phocis (Gulf of Corinth)","note":null,"mrgid":5679,"zone_name":"Greece","country_iso2":"GR","validated":true,"distance_km":0.0,"geocode_source":"nominatim","source_urls":[],"extracted_at":"2026-08-26T11:21:19Z"}},{"type":"Feature","geometry":{"type":"Point","coordinates":[20.6700929,38.4018961]},"properties":{"id":"85045448-5f0f-47d1-8107-32c061d09224","name":"Ithaca (Ithaki)","city":"Vathy, Ithaca Island","note":null,"mrgid":5679,"zone_name":"Greece","country_iso2":"GR","validated":true,"distance_km":1.9,"geocode_source":"nominatim","source_urls":[],"extracted_at":"2026-08-26T11:21:24Z"}},{"type":"Feature","geometry":{"type":"Point","coordinates":[23.6970021,40.8946504]},"properties":{"id":"54d80363-f6b1-4445-b7fa-29383ccb0c71","name":"Ivira","city":"Iviron, Mount Athos","note":null,"mrgid":5679,"zone_name":"Greece","country_iso2":"GR","validated":true,"distance_km":16.2,"geocode_source":"nominatim","source_urls":[],"extracted_at":"2026-08-26T11:21:28Z"}},{"type":"Feature","geometry":{"type":"Point","coordinates":[22.110707,37.0372714]},"properties":{"id":"fc564048-0841-4c41-a44d-612dc3804ea2","name":"Kalamata","city":"Kalamata, Messenia","note":null,"mrgid":5679,"zone_name":"Greece","country_iso2":"GR","validated":true,"distance_km":2.6,"geocode_source":"nominatim","source_urls":[],"extracted_at":"2026-08-26T11:21:31Z"}},{"type":"Feature","geometry":{"type":"Point","coordinates":[24.80192,34.9317623]},"properties":{"id":"b8582861-5638-4899-9179-7a51b8cf5d23","name":"Kali Limenes","city":"Kali Limenes, Heraklion, Crete","note":null,"mrgid":5679,"zone_name":"Greece","country_iso2":"GR","validated":true,"distance_km":0.0,"geocode_source":"nominatim","source_urls":[],"extracted_at":"2026-08-26T11:21:35Z"}},{"type":"Feature","geometry":{"type":"Point","coordinates":[26.9923072,37.0025735]},"properties":{"id":"19e775a7-54d4-47c9-96c2-8dcdee8d51f1","name":"Kalymnos","city":"Pothia, Kalymnos Island","note":"Fonctionnement saisonnier / période estivale","mrgid":5679,"zone_name":"Greece","country_iso2":"GR","validated":true,"distance_km":3.1,"geocode_source":"nominatim","source_urls":[],"extracted_at":"2026-08-26T11:21:39Z"}},{"type":"Feature","geometry":{"type":"Point","coordinates":[26.6954613,37.7936495]},"properties":{"id":"0611923f-68b6-44dc-8890-74ca01cd8e13","name":"Karlovasi","city":"Karlovasi, Samos Island","note":"Fonctionnement saisonnier / période estivale","mrgid":5679,"zone_name":"Greece","country_iso2":"GR","validated":true,"distance_km":0.4,"geocode_source":"nominatim","source_urls":[],"extracted_at":"2026-08-26T11:21:44Z"}},{"type":"Feature","geometry":{"type":"Point","coordinates":[-51.7361444,64.1767049]},"properties":{"id":"b6de6e8c-ce34-4209-9291-9ee0169a62bc","name":"Nuuk Harbor","city":"Nuuk","note":"Port d'entrée principal avec contrôle de Grønlands Politi et Skattestyrelsen.","mrgid":8438,"zone_name":"Greenland","country_iso2":"GL","validated":true,"distance_km":0.0,"geocode_source":"nominatim","source_urls":["https://aka.gl/da/erhverv/afgifter/indfoerselsafgift-for-varer"],"extracted_at":"2026-08-26T11:20:54Z"}},{"type":"Feature","geometry":{"type":"Point","coordinates":[-46.0385214,60.718202]},"properties":{"id":"0ddd164e-612a-42d1-a799-de3f6ad18d39","name":"Qaqortoq Harbor","city":"Qaqortoq","note":"Port d'entrée officiel avec présence de la police et des douanes.","mrgid":8438,"zone_name":"Greenland","country_iso2":"GL","validated":true,"distance_km":0.6,"geocode_source":"nominatim","source_urls":["https://aka.gl/da/erhverv/afgifter/indfoerselsafgift-for-varer"],"extracted_at":"2026-08-26T11:21:01Z"}},{"type":"Feature","geometry":{"type":"Point","coordinates":[-53.6664816,66.9371906]},"properties":{"id":"8b573884-6620-4776-878a-ed0456554604","name":"Sisimiut Harbor","city":"Sisimiut","note":"Port d'entrée officiel avec contrôle de police et autorité portuaire.","mrgid":8438,"zone_name":"Greenland","country_iso2":"GL","validated":true,"distance_km":0.3,"geocode_source":"nominatim","source_urls":["https://aka.gl/da/erhverv/afgifter/indfoerselsafgift-for-varer"],"extracted_at":"2026-08-26T11:21:07Z"}},{"type":"Feature","geometry":{"type":"Point","coordinates":[-52.8512976,68.709588]},"properties":{"id":"334f7933-f694-4093-a912-97119e452404","name":"Aasiaat Harbor","city":"Aasiaat","note":"Port d'entrée officiel dans la baie de Disko.","mrgid":8438,"zone_name":"Greenland","country_iso2":"GL","validated":true,"distance_km":0.0,"geocode_source":"nominatim","source_urls":["https://aka.gl/da/erhverv/afgifter/indfoerselsafgift-for-varer"],"extracted_at":"2026-08-26T11:21:14Z"}},{"type":"Feature","geometry":{"type":"Point","coordinates":[-51.0986385,69.2197127]},"properties":{"id":"579a0cf6-24c7-4793-a200-7ef7b27c19dc","name":"Ilulissat Harbor","city":"Ilulissat","note":"Port d'entrée officiel avec autorité portuaire et police.","mrgid":8438,"zone_name":"Greenland","country_iso2":"GL","validated":true,"distance_km":0.2,"geocode_source":"nominatim","source_urls":["https://aka.gl/da/erhverv/afgifter/indfoerselsafgift-for-varer"],"extracted_at":"2026-08-26T11:21:21Z"}},{"type":"Feature","geometry":{"type":"Point","coordinates":[-52.8967817,65.4174357]},"properties":{"id":"06262cb1-0c6b-4a55-a8e1-b3e584eafa39","name":"Maniitsoq Harbor","city":"Maniitsoq","note":"Port d'entrée officiel avec autorité portuaire et police.","mrgid":8438,"zone_name":"Greenland","country_iso2":"GL","validated":true,"distance_km":0.7,"geocode_source":"nominatim","source_urls":["https://aka.gl/da/erhverv/afgifter/indfoerselsafgift-for-varer"],"extracted_at":"2026-08-26T11:21:27Z"}},{"type":"Feature","geometry":{"type":"Point","coordinates":[-45.2428523,60.1400246]},"properties":{"id":"3460e267-7255-4ead-a44e-8dece4604616","name":"Nanortalik Harbor","city":"Nanortalik","note":"Port d'entrée officiel avec poste de police de district.","mrgid":8438,"zone_name":"Greenland","country_iso2":"GL","validated":true,"distance_km":0.5,"geocode_source":"nominatim","source_urls":["https://aka.gl/da/erhverv/afgifter/indfoerselsafgift-for-varer"],"extracted_at":"2026-08-26T11:21:34Z"}},{"type":"Feature","geometry":{"type":"Point","coordinates":[-46.0452698,60.9127453]},"properties":{"id":"8aaa1798-7026-4393-be0f-2b9619a3a358","name":"Narsaq Harbor","city":"Narsaq","note":"Port d'entrée officiel avec poste de police de district.","mrgid":8438,"zone_name":"Greenland","country_iso2":"GL","validated":true,"distance_km":0.5,"geocode_source":"nominatim","source_urls":["https://aka.gl/da/erhverv/afgifter/indfoerselsafgift-for-varer"],"extracted_at":"2026-08-26T11:21:40Z"}},{"type":"Feature","geometry":{"type":"Point","coordinates":[-49.6659478,61.994618]},"properties":{"id":"92277289-f192-47e6-9746-bae5a30de02b","name":"Paamiut Harbor","city":"Paamiut","note":"Port d'entrée officiel avec poste de police de district.","mrgid":8438,"zone_name":"Greenland","country_iso2":"GL","validated":true,"distance_km":0.0,"geocode_source":"nominatim","source_urls":["https://aka.gl/da/erhverv/afgifter/indfoerselsafgift-for-varer"],"extracted_at":"2026-08-26T11:21:46Z"}},{"type":"Feature","geometry":{"type":"Point","coordinates":[-52.1267637,70.6746156]},"properties":{"id":"15d78c73-43c8-4f5d-ae3e-6314ee7e65e0","name":"Uummannaq Harbor","city":"Uummannaq","note":"Port d'entrée officiel dans le nord-ouest du Groenland.","mrgid":8438,"zone_name":"Greenland","country_iso2":"GL","validated":true,"distance_km":0.0,"geocode_source":"nominatim","source_urls":["https://aka.gl/da/erhverv/afgifter/indfoerselsafgift-for-varer"],"extracted_at":"2026-08-26T11:21:49Z"}},{"type":"Feature","geometry":{"type":"Point","coordinates":[-56.1469625,72.7847392]},"properties":{"id":"0444c229-7a4a-4797-b6d6-fba76e6a026c","name":"Upernavik Harbor","city":"Upernavik","note":"Port d'entrée officiel dans le nord-ouest du Groenland.","mrgid":8438,"zone_name":"Greenland","country_iso2":"GL","validated":true,"distance_km":0.0,"geocode_source":"nominatim","source_urls":["https://aka.gl/da/erhverv/afgifter/indfoerselsafgift-for-varer"],"extracted_at":"2026-08-26T11:21:52Z"}},{"type":"Feature","geometry":{"type":"Point","coordinates":[-37.6392199,65.6140754]},"properties":{"id":"bf75414c-e9cd-42ef-a26e-1d42e8b835a6","name":"Tasiilaq Harbor","city":"Tasiilaq","note":"Port d'entrée officiel sur la côte est du Groenland.","mrgid":8438,"zone_name":"Greenland","country_iso2":"GL","validated":true,"distance_km":0.5,"geocode_source":"nominatim","source_urls":["https://aka.gl/da/erhverv/afgifter/indfoerselsafgift-for-varer"],"extracted_at":"2026-08-26T11:21:56Z"}},{"type":"Feature","geometry":{"type":"Point","coordinates":[-21.961726,70.4856214]},"properties":{"id":"9631151e-5286-4b03-a5a0-d99e7485863f","name":"Ittoqqortoormiit Harbor","city":"Ittoqqortoormiit","note":"Port d'entrée officiel sur la côte est du Groenland.","mrgid":8438,"zone_name":"Greenland","country_iso2":"GL","validated":true,"distance_km":0.0,"geocode_source":"nominatim","source_urls":["https://aka.gl/da/erhverv/afgifter/indfoerselsafgift-for-varer"],"extracted_at":"2026-08-26T11:21:59Z"}},{"type":"Feature","geometry":{"type":"Point","coordinates":[-61.751805,12.0535331]},"properties":{"id":"50ca2a34-7b5c-4317-afbc-95c207e5e181","name":"Port of St. George’s","city":"St. George's","note":"Port d'entrée officiel avec clearance pour la plaisance (Lagoon, Carenage, Port Louis Marina).","mrgid":8419,"zone_name":"Grenada","country_iso2":"GD","validated":true,"distance_km":1.8,"geocode_source":"nominatim","source_urls":["https://grenadaports.com/"],"extracted_at":"2026-08-26T11:22:14Z"}},{"type":"Feature","geometry":{"type":"Point","coordinates":[-61.7632023,11.9963251]},"properties":{"id":"5bfa9731-5112-499c-9603-cfa6982b64a1","name":"Port of Prickly Bay","city":"Prickly Bay","note":"Bureau de douane et d'immigration desservant Prickly Bay et Spice Island Marine.","mrgid":8419,"zone_name":"Grenada","country_iso2":"GD","validated":true,"distance_km":0.0,"geocode_source":"nominatim","source_urls":["https://grenadaports.com/"],"extracted_at":"2026-08-26T11:22:18Z"}},{"type":"Feature","geometry":{"type":"Point","coordinates":[-61.6663098,12.0475763]},"properties":{"id":"f171a53d-c6bb-4b1e-bf54-ad2db73281e5","name":"Port of St. David’s","city":"St. David’s Harbour","note":"Port d'entrée desservant principalement les yachts et le chantier Grenada Marine.","mrgid":8419,"zone_name":"Grenada","country_iso2":"GD","validated":true,"distance_km":2.0,"geocode_source":"nominatim","source_urls":["https://grenadaports.com/"],"extracted_at":"2026-08-26T11:22:21Z"}},{"type":"Feature","geometry":{"type":"Point","coordinates":[-61.7245256,12.0036171]},"properties":{"id":"26a4cb14-6d7a-4dfe-baa3-63b49f342485","name":"Port of Le Phare Bleu Marina","city":"Petite Calivigny Bay","note":"Poste de clearance officiel pour la marina sur la côte sud de la Grenade.","mrgid":8419,"zone_name":"Grenada","country_iso2":"GD","validated":true,"distance_km":0.0,"geocode_source":"nominatim","source_urls":["https://grenadaports.com/"],"extracted_at":"2026-08-26T11:22:24Z"}},{"type":"Feature","geometry":{"type":"Point","coordinates":[-61.6225151,12.1228312]},"properties":{"id":"bc57946e-7b63-43a9-b258-126857feb8af","name":"Port of Grenville","city":"Grenville","note":"Port d'entrée officiel sur la côte est de la Grenade.","mrgid":8419,"zone_name":"Grenada","country_iso2":"GD","validated":true,"distance_km":0.0,"geocode_source":"nominatim","source_urls":["https://grenadaports.com/"],"extracted_at":"2026-08-26T11:22:28Z"}},{"type":"Feature","geometry":{"type":"Point","coordinates":[-61.4870166,12.4580658]},"properties":{"id":"103017fc-7653-4b55-9819-7a8baf046229","name":"Port of Tyrrel Bay","city":"Tyrrel Bay","note":"Principal point de clearance pour la plaisance sur l'île de Carriacou.","mrgid":8419,"zone_name":"Grenada","country_iso2":"GD","validated":true,"distance_km":1.2,"geocode_source":"nominatim","source_urls":["https://grenadaports.com/"],"extracted_at":"2026-08-26T11:22:31Z"}},{"type":"Feature","geometry":{"type":"Point","coordinates":[-61.4567557,12.4833286]},"properties":{"id":"e3a48d51-2259-4b1e-80e6-cfa3e0aff147","name":"Port of Hillsborough","city":"Hillsborough","note":"Port d'entrée officiel situé sur l'île de Carriacou.","mrgid":8419,"zone_name":"Grenada","country_iso2":"GD","validated":true,"distance_km":2.0,"geocode_source":"nominatim","source_urls":["https://grenadaports.com/"],"extracted_at":"2026-08-26T11:22:35Z"}},{"type":"Feature","geometry":{"type":"Point","coordinates":[-2.5290333,49.4573514]},"properties":{"id":"1e8d2326-b3a3-4c68-84ef-4c4d866b85f8","name":"St Peter Port Harbour","city":"St Peter Port","note":"Port d'entrée principal pour les navires de plaisance en visite.","mrgid":21788,"zone_name":"Guernsey","country_iso2":"GG","validated":true,"distance_km":0.0,"geocode_source":"nominatim","source_urls":["https://gov.gg/fh1"],"extracted_at":"2026-08-26T11:23:39Z"}},{"type":"Feature","geometry":{"type":"Point","coordinates":[-2.5053115,49.5031929]},"properties":{"id":"1e04efa6-9c50-44eb-b4c3-4add11f99b3d","name":"Beaucette Marina","city":"Vale","note":"Marina privée avec point de dédouanement agréé.","mrgid":21788,"zone_name":"Guernsey","country_iso2":"GG","validated":true,"distance_km":0.0,"geocode_source":"nominatim","source_urls":["https://gov.gg/fh1"],"extracted_at":"2026-08-26T11:23:40Z"}},{"type":"Feature","geometry":{"type":"Point","coordinates":[-2.5188623,49.4823976]},"properties":{"id":"59119588-be1c-43ba-9a25-e8a50afd9c4c","name":"St Sampson’s Harbour","city":"St Sampson","note":null,"mrgid":21788,"zone_name":"Guernsey","country_iso2":"GG","validated":true,"distance_km":0.0,"geocode_source":"nominatim","source_urls":["https://gov.gg/fh1"],"extracted_at":"2026-08-26T11:23:41Z"}},{"type":"Feature","geometry":{"type":"Point","coordinates":[-2.2022963,49.7237538]},"properties":{"id":"ebab0c55-b4cf-4bca-bffc-c5f5654cd2cd","name":"Braye Harbour","city":"St Anne","note":"Port de clearance désigné pour l'île d'Aurigny (Alderney).","mrgid":21788,"zone_name":"Guernsey","country_iso2":"GG","validated":true,"distance_km":0.0,"geocode_source":"nominatim","source_urls":["https://gov.gg/fh1"],"extracted_at":"2026-08-26T11:23:43Z"}},{"type":"Feature","geometry":{"type":"Point","coordinates":[-15.583055,11.861324]},"properties":{"id":"f114cd99-8f9c-404d-b1e1-c4fd75f1f47f","name":"Port of Bissau","city":"Bissau","note":"Port d'entrée officiel obligatoire pour toutes les formalités d'immigration, douane et capitainerie.","mrgid":8471,"zone_name":"Guinea-Bissau","country_iso2":"GW","validated":true,"distance_km":0.0,"geocode_source":"nominatim","source_urls":[],"extracted_at":"2026-08-26T11:24:09Z"}},{"type":"Feature","geometry":{"type":"Point","coordinates":[-13.7165899,9.5156355]},"properties":{"id":"74c312d4-dbc3-467b-8aae-04e08b0a6359","name":"Port Autonome de Conakry","city":"Conakry","note":"Principal port d'entrée maritime international et station de clearance pour la plaisance.","mrgid":8472,"zone_name":"Guinea","country_iso2":"GN","validated":true,"distance_km":0.0,"geocode_source":"nominatim","source_urls":[],"extracted_at":"2026-08-26T11:24:21Z"}},{"type":"Feature","geometry":{"type":"Point","coordinates":[-14.5585741,10.7489911]},"properties":{"id":"69f46245-7c97-4369-b1a7-8d7aac4ef910","name":"Port de Kamsar","city":"Kamsar","note":"Point d'entrée désigné. Clearance et autorisation préalable à coordonner avant l'arrivée.","mrgid":8472,"zone_name":"Guinea","country_iso2":"GN","validated":true,"distance_km":1.7,"geocode_source":"nominatim","source_urls":[],"extracted_at":"2026-08-26T11:24:22Z"}},{"type":"Feature","geometry":{"type":"Point","coordinates":[-59.7553788,8.268851]},"properties":{"id":"503d9c27-8d01-4627-b628-e160136c505d","name":"Morawhanna","city":"Morawhanna","note":"Port d'entrée et de sortie officiel désigné (Région 1).","mrgid":33185,"zone_name":"Guyana","country_iso2":"GY","validated":false,"distance_km":234.8,"geocode_source":"nominatim","source_urls":["https://moha.gov.gy/press-release-19/","https://www.gra.gov.gy/wp-content/uploads/2019/10/Declaration_Yacht_Arrival_Departure-C1A.pdf","https://parliament.gov.gy/documents/hansards/80th_sitting_-_eighth_parliament_2.pdf"],"extracted_at":"2026-08-26T11:24:44Z"}},{"type":"Feature","geometry":{"type":"Point","coordinates":[-72.3395928,18.547327]},"properties":{"id":"8b5ef006-2914-47c5-9dca-8537bdfc4a40","name":"Port International de Port-au-Prince","city":"Port-au-Prince","note":"Port d'entrée international principal.","mrgid":8408,"zone_name":"Haiti","country_iso2":"HT","validated":true,"distance_km":1.1,"geocode_source":"nominatim","source_urls":["https://www.douane.gouv.ht/contacts/"],"extracted_at":"2026-08-26T11:25:03Z"}},{"type":"Feature","geometry":{"type":"Point","coordinates":[-72.2008068,19.7595236]},"properties":{"id":"6ba95c0f-13e8-4f58-b25d-8fddc7db05f1","name":"Port International du Cap-Haïtien","city":"Cap-Haïtien","note":"Port d'entrée international principal dans le nord.","mrgid":8408,"zone_name":"Haiti","country_iso2":"HT","validated":true,"distance_km":0.6,"geocode_source":"nominatim","source_urls":["https://www.douane.gouv.ht/contacts/"],"extracted_at":"2026-08-26T11:25:06Z"}},{"type":"Feature","geometry":{"type":"Point","coordinates":[-72.268225,18.5305367]},"properties":{"id":"0667fd03-d713-4bb5-ad88-dd760abf0820","name":"Port de Saint-Marc","city":"Saint-Marc","note":null,"mrgid":8408,"zone_name":"Haiti","country_iso2":"HT","validated":true,"distance_km":9.3,"geocode_source":"nominatim","source_urls":["https://www.douane.gouv.ht/contacts/"],"extracted_at":"2026-08-26T11:25:08Z"}},{"type":"Feature","geometry":{"type":"Point","coordinates":[-72.6884336,19.4460597]},"properties":{"id":"990aca78-94e0-4ae3-9f80-e7756cf34946","name":"Port des Gonaïves","city":"Les Gonaïves","note":null,"mrgid":8408,"zone_name":"Haiti","country_iso2":"HT","validated":true,"distance_km":0.7,"geocode_source":"nominatim","source_urls":["https://www.douane.gouv.ht/contacts/"],"extracted_at":"2026-08-26T11:25:11Z"}},{"type":"Feature","geometry":{"type":"Point","coordinates":[-72.9799088,19.810352]},"properties":{"id":"f1fe488f-197f-439a-8584-758d90400d73","name":"Port de Port-de-Paix","city":"Port-de-Paix","note":null,"mrgid":8408,"zone_name":"Haiti","country_iso2":"HT","validated":true,"distance_km":11.2,"geocode_source":"nominatim","source_urls":["https://www.douane.gouv.ht/contacts/"],"extracted_at":"2026-08-26T11:25:12Z"}},{"type":"Feature","geometry":{"type":"Point","coordinates":[-73.0906358,18.4451591]},"properties":{"id":"0838328a-9ea5-45c3-984b-05e1df9c11b2","name":"Port de Miragoâne","city":"Miragoâne","note":null,"mrgid":8408,"zone_name":"Haiti","country_iso2":"HT","validated":true,"distance_km":0.0,"geocode_source":"nominatim","source_urls":["https://www.douane.gouv.ht/contacts/"],"extracted_at":"2026-08-26T11:25:13Z"}},{"type":"Feature","geometry":{"type":"Point","coordinates":[-73.7467014,18.191113]},"properties":{"id":"09e62454-9430-4d12-b7b9-19233fb2ffea","name":"Port des Cayes","city":"Les Cayes","note":null,"mrgid":8408,"zone_name":"Haiti","country_iso2":"HT","validated":true,"distance_km":0.0,"geocode_source":"nominatim","source_urls":["https://www.douane.gouv.ht/contacts/"],"extracted_at":"2026-08-26T11:25:14Z"}},{"type":"Feature","geometry":{"type":"Point","coordinates":[-74.1113552,18.6430548]},"properties":{"id":"24aa9701-b7be-4da5-9712-822731927b61","name":"Port de Jérémie","city":"Jérémie","note":null,"mrgid":8408,"zone_name":"Haiti","country_iso2":"HT","validated":true,"distance_km":0.0,"geocode_source":"nominatim","source_urls":["https://www.douane.gouv.ht/contacts/"],"extracted_at":"2026-08-26T11:25:15Z"}},{"type":"Feature","geometry":{"type":"Point","coordinates":[-72.5454187,18.2372089]},"properties":{"id":"80e39385-2c9b-43f0-b99e-8fb5af9f19a1","name":"Port de Jacmel","city":"Jacmel","note":null,"mrgid":8408,"zone_name":"Haiti","country_iso2":"HT","validated":true,"distance_km":0.4,"geocode_source":"nominatim","source_urls":["https://www.douane.gouv.ht/contacts/"],"extracted_at":"2026-08-26T11:25:16Z"}},{"type":"Feature","geometry":{"type":"Point","coordinates":[-71.8367046,19.6635608]},"properties":{"id":"ec644c32-662c-4ddd-8e1e-8df1b8667779","name":"Port de Fort-Liberté","city":"Fort-Liberté","note":null,"mrgid":8408,"zone_name":"Haiti","country_iso2":"HT","validated":true,"distance_km":0.0,"geocode_source":"nominatim","source_urls":["https://www.douane.gouv.ht/contacts/"],"extracted_at":"2026-08-26T11:25:20Z"}},{"type":"Feature","geometry":{"type":"Point","coordinates":[-72.8686803,18.4299174]},"properties":{"id":"f2002623-1ff7-44ec-963a-b639cd20b0e6","name":"Port de Petit-Goâve","city":"Petit-Goâve","note":null,"mrgid":8408,"zone_name":"Haiti","country_iso2":"HT","validated":true,"distance_km":0.0,"geocode_source":"nominatim","source_urls":["https://www.douane.gouv.ht/contacts/"],"extracted_at":"2026-08-26T11:25:21Z"}},{"type":"Feature","geometry":{"type":"Point","coordinates":[-73.394446,18.2809005]},"properties":{"id":"a74e66ec-4a23-4233-8913-4f4facd3ce5f","name":"Port d'Aquin","city":"Aquin","note":null,"mrgid":8408,"zone_name":"Haiti","country_iso2":"HT","validated":true,"distance_km":0.5,"geocode_source":"nominatim","source_urls":["https://www.douane.gouv.ht/contacts/"],"extracted_at":"2026-08-26T11:25:24Z"}},{"type":"Feature","geometry":{"type":"Point","coordinates":[-157.855676,21.304547]},"properties":{"id":"f0034111-3895-4745-ae2c-9291c3953303","name":"Honolulu","city":"Honolulu","note":"Île d'Oahu. Comprend Honolulu Harbor, Ala Wai Small Boat Harbor et Kewalo Basin.","mrgid":8453,"zone_name":"Hawaii","country_iso2":null,"validated":true,"distance_km":0.8,"geocode_source":"nominatim","source_urls":["https://unblock.federalregister.gov"],"extracted_at":"2026-08-26T11:25:37Z"}},{"type":"Feature","geometry":{"type":"Point","coordinates":[-155.0580714,19.7084648]},"properties":{"id":"fb455878-d31c-41d3-805f-94ed945b73d5","name":"Hilo","city":"Hilo","note":"Île d'Hawaii (Est). Comprend Hilo Harbor et Radio Bay.","mrgid":8453,"zone_name":"Hawaii","country_iso2":null,"validated":true,"distance_km":2.3,"geocode_source":"nominatim","source_urls":["https://unblock.federalregister.gov"],"extracted_at":"2026-08-26T11:25:38Z"}},{"type":"Feature","geometry":{"type":"Point","coordinates":[-155.9966428,19.6472213]},"properties":{"id":"e4d77b38-2607-4c55-a566-698eb6c9d9e0","name":"Kona","city":"Kailua-Kona","note":"Île d'Hawaii (Ouest). Comprend Honokōhau Harbor, Keauhou Bay et Kawaihae Harbor.","mrgid":8453,"zone_name":"Hawaii","country_iso2":null,"validated":true,"distance_km":2.9,"geocode_source":"nominatim","source_urls":["https://unblock.federalregister.gov"],"extracted_at":"2026-08-26T11:25:40Z"}},{"type":"Feature","geometry":{"type":"Point","coordinates":[-156.4529674,20.8747708]},"properties":{"id":"0548e053-e52f-46c5-bcd4-88d2585ac2c3","name":"Kahului","city":"Kahului","note":"Île de Maui. Comprend Kahului Harbor, Māʻalaea Small Boat Harbor et Lahaina.","mrgid":8453,"zone_name":"Hawaii","country_iso2":null,"validated":true,"distance_km":2.5,"geocode_source":"nominatim","source_urls":["https://unblock.federalregister.gov"],"extracted_at":"2026-08-26T11:25:41Z"}},{"type":"Feature","geometry":{"type":"Point","coordinates":[-86.4977513,16.3490211]},"properties":{"id":"41fab763-0392-4003-a971-f5e867288192","name":"Roatán","city":"Coxen Hole / French Harbour","note":"Capitanía de Puerto aux Islas de la Bahía","mrgid":8427,"zone_name":"Honduras","country_iso2":"HN","validated":true,"distance_km":1.3,"geocode_source":"nominatim","source_urls":["https://inm.gob.hn/fronteras.html"],"extracted_at":"2026-08-26T11:26:16Z"}},{"type":"Feature","geometry":{"type":"Point","coordinates":[-85.8870164,16.4421239]},"properties":{"id":"a11e1625-a9e9-4bdc-b229-8a40bbd672ce","name":"Guanaja","city":"Bonacca / Guanaja Town","note":"Capitanía de Puerto aux Islas de la Bahía","mrgid":8427,"zone_name":"Honduras","country_iso2":"HN","validated":true,"distance_km":0.0,"geocode_source":"nominatim","source_urls":["https://inm.gob.hn/fronteras.html"],"extracted_at":"2026-08-26T11:26:18Z"}},{"type":"Feature","geometry":{"type":"Point","coordinates":[-86.8949856,16.1005116]},"properties":{"id":"20964cba-d1f5-44c3-a50c-11254a65dfba","name":"Utila","city":"East Harbour / Utila Town","note":"Capitanía de Puerto aux Islas de la Bahía","mrgid":8427,"zone_name":"Honduras","country_iso2":"HN","validated":true,"distance_km":0.0,"geocode_source":"nominatim","source_urls":["https://inm.gob.hn/fronteras.html"],"extracted_at":"2026-08-26T11:26:20Z"}},{"type":"Feature","geometry":{"type":"Point","coordinates":[-86.3590582,16.3890402]},"properties":{"id":"b94e4d95-d20a-4f1f-b3de-6a15e4486e91","name":"José Santos Guardiola","city":"Oak Ridge / Punta Gorda","note":"Capitanía de Puerto aux Islas de la Bahía","mrgid":8427,"zone_name":"Honduras","country_iso2":"HN","validated":true,"distance_km":0.0,"geocode_source":"nominatim","source_urls":["https://inm.gob.hn/fronteras.html"],"extracted_at":"2026-08-26T11:26:22Z"}},{"type":"Feature","geometry":{"type":"Point","coordinates":[-87.9373678,15.8505112]},"properties":{"id":"4bedf567-0a4a-4a7a-be13-8c86120debed","name":"Puerto Cortés","city":"Puerto Cortés","note":"Capitanía de Puerto sur la côte Caraïbe","mrgid":8427,"zone_name":"Honduras","country_iso2":"HN","validated":true,"distance_km":0.6,"geocode_source":"nominatim","source_urls":["https://inm.gob.hn/fronteras.html"],"extracted_at":"2026-08-26T11:26:23Z"}},{"type":"Feature","geometry":{"type":"Point","coordinates":[-88.0400482,15.7789799]},"properties":{"id":"ba287dcd-ca68-4e50-9668-f829c53af2a7","name":"Omoa","city":"Omoa","note":"Capitanía de Puerto sur la côte Caraïbe","mrgid":8427,"zone_name":"Honduras","country_iso2":"HN","validated":true,"distance_km":0.6,"geocode_source":"nominatim","source_urls":["https://inm.gob.hn/fronteras.html"],"extracted_at":"2026-08-26T11:26:24Z"}},{"type":"Feature","geometry":{"type":"Point","coordinates":[-86.7980459,15.773416]},"properties":{"id":"1ffcb6fa-c0a4-4676-9831-3fe7435fcdb9","name":"La Ceiba","city":"La Ceiba","note":"Capitanía de Puerto sur la côte Caraïbe","mrgid":8427,"zone_name":"Honduras","country_iso2":"HN","validated":true,"distance_km":0.4,"geocode_source":"nominatim","source_urls":["https://inm.gob.hn/fronteras.html"],"extracted_at":"2026-08-26T11:26:26Z"}},{"type":"Feature","geometry":{"type":"Point","coordinates":[-87.4762592,15.7752969]},"properties":{"id":"e359c758-5b8e-4e80-92bb-be5923075691","name":"Tela","city":"Tela","note":"Capitanía de Puerto sur la côte Caraïbe","mrgid":8427,"zone_name":"Honduras","country_iso2":"HN","validated":true,"distance_km":2.0,"geocode_source":"nominatim","source_urls":["https://inm.gob.hn/fronteras.html"],"extracted_at":"2026-08-26T11:26:27Z"}},{"type":"Feature","geometry":{"type":"Point","coordinates":[-85.9122761,15.9971768]},"properties":{"id":"7f1506e9-8977-4351-8cb0-e1d495ffb07d","name":"Puerto Castilla / Trujillo","city":"Puerto Castilla / Trujillo","note":"Capitanía de Puerto sur la côte Caraïbe","mrgid":8427,"zone_name":"Honduras","country_iso2":"HN","validated":true,"distance_km":0.8,"geocode_source":"nominatim","source_urls":["https://inm.gob.hn/fronteras.html"],"extracted_at":"2026-08-26T11:26:28Z"}},{"type":"Feature","geometry":{"type":"Point","coordinates":[-83.7788371,15.2606574]},"properties":{"id":"2d3e2507-618d-40b0-9f52-1678cb9ecf6a","name":"Puerto Lempira","city":"Puerto Lempira","note":"Capitanía de Puerto dans le département de Gracias a Dios","mrgid":8427,"zone_name":"Honduras","country_iso2":"HN","validated":true,"distance_km":0.5,"geocode_source":"nominatim","source_urls":["https://inm.gob.hn/fronteras.html"],"extracted_at":"2026-08-26T11:26:29Z"}},{"type":"Feature","geometry":{"type":"Point","coordinates":[-84.5872592,15.8178082]},"properties":{"id":"1dc0ffe8-8bf6-4821-b6f4-1ed6df1c5558","name":"Brus Laguna","city":"Brus Laguna","note":"Capitanía de Puerto dans le département de Gracias a Dios","mrgid":8427,"zone_name":"Honduras","country_iso2":"HN","validated":true,"distance_km":0.0,"geocode_source":"nominatim","source_urls":["https://inm.gob.hn/fronteras.html"],"extracted_at":"2026-08-26T11:26:30Z"}},{"type":"Feature","geometry":{"type":"Point","coordinates":[-87.4264109,13.4022982]},"properties":{"id":"0b1ea2af-e9f4-41bf-923a-335cc9ecef2d","name":"San Lorenzo / Puerto Henecán","city":"San Lorenzo","note":"Capitanía de Puerto sur la côte Pacifique (Golfe de Fonseca)","mrgid":8427,"zone_name":"Honduras","country_iso2":"HN","validated":true,"distance_km":0.3,"geocode_source":"nominatim","source_urls":["https://inm.gob.hn/fronteras.html"],"extracted_at":"2026-08-26T11:26:31Z"}},{"type":"Feature","geometry":{"type":"Point","coordinates":[-87.6533563,13.292907]},"properties":{"id":"c7faf0a4-d674-43a9-9a1d-9e6aaa847cde","name":"Amapala","city":"Isla del Tigre","note":"Capitanía de Puerto sur la côte Pacifique (Golfe de Fonseca)","mrgid":8427,"zone_name":"Honduras","country_iso2":"HN","validated":true,"distance_km":0.0,"geocode_source":"nominatim","source_urls":["https://inm.gob.hn/fronteras.html"],"extracted_at":"2026-08-26T11:26:33Z"}},{"type":"Feature","geometry":{"type":"Point","coordinates":[-87.40745,13.1211662]},"properties":{"id":"ee21ce80-2579-4fd2-9f33-6c072d7d27ef","name":"Guapinol","city":"Marcovia","note":"Capitanía de Puerto sur la côte Pacifique (Golfe de Fonseca)","mrgid":8427,"zone_name":"Honduras","country_iso2":"HN","validated":true,"distance_km":1.4,"geocode_source":"nominatim","source_urls":["https://inm.gob.hn/fronteras.html"],"extracted_at":"2026-08-26T11:26:34Z"}},{"type":"Feature","geometry":{"type":"Point","coordinates":[-85.8870164,16.4421239]},"properties":{"id":"c117bb1f-19ba-4e2c-b734-a9648e2660ad","name":"Guanaja (Bonacca / El Cayo)","city":"Guanaja","note":"Port d'entrée officiel dans les Islas de la Bahía.","mrgid":48972,"zone_name":"Honduras","country_iso2":"HN","validated":false,"distance_km":288.3,"geocode_source":"nominatim","source_urls":[],"extracted_at":"2026-08-26T11:26:51Z"}},{"type":"Feature","geometry":{"type":"Point","coordinates":[-84.5872592,15.8178082]},"properties":{"id":"c8a86f37-8998-4197-88b9-15ec15c7a21a","name":"Brus Laguna","city":"Brus Laguna","note":"Port d'entrée officiel sur la côte caraïbe.","mrgid":48972,"zone_name":"Honduras","country_iso2":"HN","validated":false,"distance_km":291.7,"geocode_source":"nominatim","source_urls":[],"extracted_at":"2026-08-26T11:27:02Z"}},{"type":"Feature","geometry":{"type":"Point","coordinates":[-21.9539633,64.1401832]},"properties":{"id":"55797339-2022-4b5f-bdc7-51b9e13d6a20","name":"Reykjavík","city":"Reykjavík","note":"Port douanier officiel (Tollhöfn)","mrgid":5680,"zone_name":"Iceland","country_iso2":"IS","validated":true,"distance_km":0.8,"geocode_source":"nominatim","source_urls":["https://www.skatturinn.is/media/efni-med-greinum/Tollalog-nr.-88-2005-a-ensku-uppfaerd-midad-vid-1.-januar-2011-leidrett-3-februar-2011.pdf","https://island.is/reglugerdir/nr/1100-2006"],"extracted_at":"2026-08-26T11:27:35Z"}},{"type":"Feature","geometry":{"type":"Point","coordinates":[-21.7779914,64.3603097]},"properties":{"id":"6a5a1e05-4ca3-411d-ad0f-2379b29c4c19","name":"Grundartanga","city":null,"note":"Port douanier officiel (Tollhöfn)","mrgid":5680,"zone_name":"Iceland","country_iso2":"IS","validated":true,"distance_km":0.0,"geocode_source":"nominatim","source_urls":["https://www.skatturinn.is/media/efni-med-greinum/Tollalog-nr.-88-2005-a-ensku-uppfaerd-midad-vid-1.-januar-2011-leidrett-3-februar-2011.pdf","https://island.is/reglugerdir/nr/1100-2006"],"extracted_at":"2026-08-26T11:27:37Z"}},{"type":"Feature","geometry":{"type":"Point","coordinates":[-22.0813418,64.3196262]},"properties":{"id":"58730e47-7131-49b5-b0b1-9ac58db01bcb","name":"Akranesi","city":"Akranes","note":"Port douanier officiel (Tollhöfn)","mrgid":5680,"zone_name":"Iceland","country_iso2":"IS","validated":true,"distance_km":0.0,"geocode_source":"nominatim","source_urls":["https://www.skatturinn.is/media/efni-med-greinum/Tollalog-nr.-88-2005-a-ensku-uppfaerd-midad-vid-1.-januar-2011-leidrett-3-februar-2011.pdf","https://island.is/reglugerdir/nr/1100-2006"],"extracted_at":"2026-08-26T11:27:39Z"}},{"type":"Feature","geometry":{"type":"Point","coordinates":[-23.2586975,64.925245]},"properties":{"id":"7eee57be-2754-424f-859f-72fd1f298fa4","name":"Grundarfirði","city":"Grundarfjörður","note":"Port douanier officiel (Tollhöfn)","mrgid":5680,"zone_name":"Iceland","country_iso2":"IS","validated":true,"distance_km":0.0,"geocode_source":"nominatim","source_urls":["https://www.skatturinn.is/media/efni-med-greinum/Tollalog-nr.-88-2005-a-ensku-uppfaerd-midad-vid-1.-januar-2011-leidrett-3-februar-2011.pdf","https://island.is/reglugerdir/nr/1100-2006"],"extracted_at":"2026-08-26T11:27:41Z"}},{"type":"Feature","geometry":{"type":"Point","coordinates":[-23.1421698,66.0552086]},"properties":{"id":"0fda7cae-d0dc-4f39-a39c-0d101dd62182","name":"Ísafirði","city":"Ísafjörður","note":"Port douanier officiel (Tollhöfn)","mrgid":5680,"zone_name":"Iceland","country_iso2":"IS","validated":true,"distance_km":0.0,"geocode_source":"nominatim","source_urls":["https://www.skatturinn.is/media/efni-med-greinum/Tollalog-nr.-88-2005-a-ensku-uppfaerd-midad-vid-1.-januar-2011-leidrett-3-februar-2011.pdf","https://island.is/reglugerdir/nr/1100-2006"],"extracted_at":"2026-08-26T11:27:44Z"}},{"type":"Feature","geometry":{"type":"Point","coordinates":[-20.3005642,65.8233244]},"properties":{"id":"2d1cd723-57ab-440f-bb57-912fcd781f40","name":"Skagaströnd","city":"Skagaströnd","note":"Port douanier officiel (Tollhöfn)","mrgid":5680,"zone_name":"Iceland","country_iso2":"IS","validated":true,"distance_km":0.0,"geocode_source":"nominatim","source_urls":["https://www.skatturinn.is/media/efni-med-greinum/Tollalog-nr.-88-2005-a-ensku-uppfaerd-midad-vid-1.-januar-2011-leidrett-3-februar-2011.pdf","https://island.is/reglugerdir/nr/1100-2006"],"extracted_at":"2026-08-26T11:27:46Z"}},{"type":"Feature","geometry":{"type":"Point","coordinates":[-19.582074,65.7401948]},"properties":{"id":"30f2577d-5e24-4566-a33b-a90a60f6974f","name":"Sauðárkróki","city":"Sauðárkrókur","note":"Port douanier officiel (Tollhöfn)","mrgid":5680,"zone_name":"Iceland","country_iso2":"IS","validated":true,"distance_km":2.6,"geocode_source":"nominatim","source_urls":["https://www.skatturinn.is/media/efni-med-greinum/Tollalog-nr.-88-2005-a-ensku-uppfaerd-midad-vid-1.-januar-2011-leidrett-3-februar-2011.pdf","https://island.is/reglugerdir/nr/1100-2006"],"extracted_at":"2026-08-26T11:27:48Z"}},{"type":"Feature","geometry":{"type":"Point","coordinates":[145.5833876,43.3301518]},"properties":{"id":"beb67863-4776-42f7-8397-46aa3e488bb2","name":"Hanasaki Port / Nemuro Port","city":"Nemuro","note":"Port ouvert désigné (douane de Hakodate)","mrgid":8487,"zone_name":"Japan","country_iso2":"JP","validated":true,"distance_km":1.6,"geocode_source":"nominatim","source_urls":["https://www.mlit.go.jp/en/maritime/specialpermission.html","https://www.customs.go.jp/english/procedures/advance5_e/superyacht_e.htm","https://www.moj.go.jp/isa/publications/faq/newimmiact_4_port-city.html?lang=en"],"extracted_at":"2026-08-26T11:42:52Z"}},{"type":"Feature","geometry":{"type":"Point","coordinates":[144.2956861,44.0166429]},"properties":{"id":"29e2c8c8-59f0-4f69-b15d-99172039e3a6","name":"Abashiri Port","city":"Abashiri","note":"Port ouvert désigné (douane de Hakodate)","mrgid":8487,"zone_name":"Japan","country_iso2":"JP","validated":true,"distance_km":0.0,"geocode_source":"nominatim","source_urls":["https://www.mlit.go.jp/en/maritime/specialpermission.html","https://www.customs.go.jp/english/procedures/advance5_e/superyacht_e.htm","https://www.moj.go.jp/isa/publications/faq/newimmiact_4_port-city.html?lang=en"],"extracted_at":"2026-08-26T11:42:53Z"}},{"type":"Feature","geometry":{"type":"Point","coordinates":[143.377478,44.3443702]},"properties":{"id":"516d869a-3cb5-4a8a-a977-934fd6214691","name":"Monbetsu Port","city":"Monbetsu","note":"Port ouvert désigné (douane de Hakodate)","mrgid":8487,"zone_name":"Japan","country_iso2":"JP","validated":true,"distance_km":0.0,"geocode_source":"nominatim","source_urls":["https://www.mlit.go.jp/en/maritime/specialpermission.html","https://www.customs.go.jp/english/procedures/advance5_e/superyacht_e.htm","https://www.moj.go.jp/isa/publications/faq/newimmiact_4_port-city.html?lang=en"],"extracted_at":"2026-08-26T11:42:54Z"}},{"type":"Feature","geometry":{"type":"Point","coordinates":[141.2756562,43.1920757]},"properties":{"id":"73816ada-e6cc-4bb0-8b1e-5004ab810c8c","name":"Ishikariwan Port","city":"Ishikari","note":"Port ouvert désigné (douane de Hakodate)","mrgid":8487,"zone_name":"Japan","country_iso2":"JP","validated":true,"distance_km":0.0,"geocode_source":"nominatim","source_urls":["https://www.mlit.go.jp/en/maritime/specialpermission.html","https://www.customs.go.jp/english/procedures/advance5_e/superyacht_e.htm","https://www.moj.go.jp/isa/publications/faq/newimmiact_4_port-city.html?lang=en"],"extracted_at":"2026-08-26T11:42:58Z"}},{"type":"Feature","geometry":{"type":"Point","coordinates":[141.6355103,43.9444294]},"properties":{"id":"7bc02726-cc54-48ab-a011-fe4a37386823","name":"Rumoi Port","city":"Rumoi","note":"Port ouvert désigné (douane de Hakodate)","mrgid":8487,"zone_name":"Japan","country_iso2":"JP","validated":true,"distance_km":0.0,"geocode_source":"nominatim","source_urls":["https://www.mlit.go.jp/en/maritime/specialpermission.html","https://www.customs.go.jp/english/procedures/advance5_e/superyacht_e.htm","https://www.moj.go.jp/isa/publications/faq/newimmiact_4_port-city.html?lang=en"],"extracted_at":"2026-08-26T11:42:59Z"}},{"type":"Feature","geometry":{"type":"Point","coordinates":[140.590121,40.886943]},"properties":{"id":"ed063cd3-326c-4f6f-a6ee-01a7dc4ba681","name":"Aomori Port","city":"Aomori","note":"Port ouvert désigné (douane de Hakodate)","mrgid":8487,"zone_name":"Japan","country_iso2":"JP","validated":true,"distance_km":10.4,"geocode_source":"nominatim","source_urls":["https://www.mlit.go.jp/en/maritime/specialpermission.html","https://www.customs.go.jp/english/procedures/advance5_e/superyacht_e.htm","https://www.moj.go.jp/isa/publications/faq/newimmiact_4_port-city.html?lang=en"],"extracted_at":"2026-08-26T11:43:02Z"}},{"type":"Feature","geometry":{"type":"Point","coordinates":[141.4882959,40.5122388]},"properties":{"id":"fb209468-3ae2-4ad3-a54d-b11b7a7e7694","name":"Hachinohe Port","city":"Hachinohe","note":"Port ouvert désigné (douane de Hakodate)","mrgid":8487,"zone_name":"Japan","country_iso2":"JP","validated":true,"distance_km":5.1,"geocode_source":"nominatim","source_urls":["https://www.mlit.go.jp/en/maritime/specialpermission.html","https://www.customs.go.jp/english/procedures/advance5_e/superyacht_e.htm","https://www.moj.go.jp/isa/publications/faq/newimmiact_4_port-city.html?lang=en"],"extracted_at":"2026-08-26T11:43:05Z"}},{"type":"Feature","geometry":{"type":"Point","coordinates":[141.9620133,39.634144]},"properties":{"id":"02ef98ee-d3ce-418b-87cc-8a852b5b2957","name":"Miyako Port","city":"Miyako","note":"Port ouvert désigné (douane de Hakodate)","mrgid":8487,"zone_name":"Japan","country_iso2":"JP","validated":true,"distance_km":0.1,"geocode_source":"nominatim","source_urls":["https://www.mlit.go.jp/en/maritime/specialpermission.html","https://www.customs.go.jp/english/procedures/advance5_e/superyacht_e.htm","https://www.moj.go.jp/isa/publications/faq/newimmiact_4_port-city.html?lang=en"],"extracted_at":"2026-08-26T11:43:07Z"}},{"type":"Feature","geometry":{"type":"Point","coordinates":[141.8858151,39.2757463]},"properties":{"id":"ec243aff-11b0-42a7-b995-5d0f31f4d85f","name":"Kamaishi Port","city":"Kamaishi","note":"Port ouvert désigné (douane de Hakodate)","mrgid":8487,"zone_name":"Japan","country_iso2":"JP","validated":true,"distance_km":2.9,"geocode_source":"nominatim","source_urls":["https://www.mlit.go.jp/en/maritime/specialpermission.html","https://www.customs.go.jp/english/procedures/advance5_e/superyacht_e.htm","https://www.moj.go.jp/isa/publications/faq/newimmiact_4_port-city.html?lang=en"],"extracted_at":"2026-08-26T11:43:10Z"}},{"type":"Feature","geometry":{"type":"Point","coordinates":[141.7084037,39.0817727]},"properties":{"id":"1819e2a4-94e3-45c9-97c2-178427ba3ed4","name":"Ofunato Port","city":"Ofunato","note":"Port ouvert désigné (douane de Hakodate)","mrgid":8487,"zone_name":"Japan","country_iso2":"JP","validated":true,"distance_km":1.6,"geocode_source":"nominatim","source_urls":["https://www.mlit.go.jp/en/maritime/specialpermission.html","https://www.customs.go.jp/english/procedures/advance5_e/superyacht_e.htm","https://www.moj.go.jp/isa/publications/faq/newimmiact_4_port-city.html?lang=en"],"extracted_at":"2026-08-26T11:43:13Z"}},{"type":"Feature","geometry":{"type":"Point","coordinates":[141.0128268,38.2845768]},"properties":{"id":"216813d5-5fa8-42c3-a616-30eee821e33e","name":"Sendaishiogama Port","city":"Shiogama / Sendai","note":"Port ouvert désigné (douane de Yokohama)","mrgid":8487,"zone_name":"Japan","country_iso2":"JP","validated":true,"distance_km":0.9,"geocode_source":"nominatim","source_urls":["https://www.mlit.go.jp/en/maritime/specialpermission.html","https://www.customs.go.jp/english/procedures/advance5_e/superyacht_e.htm","https://www.moj.go.jp/isa/publications/faq/newimmiact_4_port-city.html?lang=en"],"extracted_at":"2026-08-26T11:43:17Z"}},{"type":"Feature","geometry":{"type":"Point","coordinates":[141.3343639,38.4106391]},"properties":{"id":"41fef78e-3839-43b9-9819-791caa02622b","name":"Ishinomaki Port","city":"Ishinomaki","note":"Port ouvert désigné (douane de Yokohama)","mrgid":8487,"zone_name":"Japan","country_iso2":"JP","validated":true,"distance_km":0.0,"geocode_source":"nominatim","source_urls":["https://www.mlit.go.jp/en/maritime/specialpermission.html","https://www.customs.go.jp/english/procedures/advance5_e/superyacht_e.htm","https://www.moj.go.jp/isa/publications/faq/newimmiact_4_port-city.html?lang=en"],"extracted_at":"2026-08-26T11:43:18Z"}},{"type":"Feature","geometry":{"type":"Point","coordinates":[139.9049221,39.9074454]},"properties":{"id":"0166d8aa-6c4b-47e9-8a96-b2c933c1201c","name":"Akitafunagawa Port","city":"Akita / Oga","note":"Port ouvert désigné (douane de Hakodate)","mrgid":8487,"zone_name":"Japan","country_iso2":"JP","validated":true,"distance_km":0.8,"geocode_source":"nominatim","source_urls":["https://www.mlit.go.jp/en/maritime/specialpermission.html","https://www.customs.go.jp/english/procedures/advance5_e/superyacht_e.htm","https://www.moj.go.jp/isa/publications/faq/newimmiact_4_port-city.html?lang=en"],"extracted_at":"2026-08-26T11:43:25Z"}},{"type":"Feature","geometry":{"type":"Point","coordinates":[140.0271517,40.2118417]},"properties":{"id":"08e56316-0246-40bd-88f6-c09f12383f8d","name":"Noshiro Port","city":"Noshiro","note":"Port ouvert désigné (douane de Hakodate)","mrgid":8487,"zone_name":"Japan","country_iso2":"JP","validated":true,"distance_km":0.6,"geocode_source":"nominatim","source_urls":["https://www.mlit.go.jp/en/maritime/specialpermission.html","https://www.customs.go.jp/english/procedures/advance5_e/superyacht_e.htm","https://www.moj.go.jp/isa/publications/faq/newimmiact_4_port-city.html?lang=en"],"extracted_at":"2026-08-26T11:43:32Z"}},{"type":"Feature","geometry":{"type":"Point","coordinates":[139.859837,38.9604816]},"properties":{"id":"b11e7140-318f-4849-a676-7a53ff52dca0","name":"Sakata Port","city":"Sakata","note":"Port ouvert désigné (douane de Tokyo)","mrgid":8487,"zone_name":"Japan","country_iso2":"JP","validated":true,"distance_km":3.3,"geocode_source":"nominatim","source_urls":["https://www.mlit.go.jp/en/maritime/specialpermission.html","https://www.customs.go.jp/english/procedures/advance5_e/superyacht_e.htm","https://www.moj.go.jp/isa/publications/faq/newimmiact_4_port-city.html?lang=en"],"extracted_at":"2026-08-26T11:43:34Z"}},{"type":"Feature","geometry":{"type":"Point","coordinates":[140.8915421,36.942346]},"properties":{"id":"8e9928fc-521a-43e2-912a-7255d35d122a","name":"Onahama Port","city":"Iwaki","note":"Port ouvert désigné (douane de Yokohama)","mrgid":8487,"zone_name":"Japan","country_iso2":"JP","validated":true,"distance_km":0.0,"geocode_source":"nominatim","source_urls":["https://www.mlit.go.jp/en/maritime/specialpermission.html","https://www.customs.go.jp/english/procedures/advance5_e/superyacht_e.htm","https://www.moj.go.jp/isa/publications/faq/newimmiact_4_port-city.html?lang=en"],"extracted_at":"2026-08-26T11:43:37Z"}},{"type":"Feature","geometry":{"type":"Point","coordinates":[140.7113395,41.7675151]},"properties":{"id":"a2c2b1b1-aa6d-4d1b-a8db-d7592b69983c","name":"Soma Port","city":"Soma","note":"Port ouvert désigné (douane de Yokohama)","mrgid":8487,"zone_name":"Japan","country_iso2":"JP","validated":true,"distance_km":0.0,"geocode_source":"nominatim","source_urls":["https://www.mlit.go.jp/en/maritime/specialpermission.html","https://www.customs.go.jp/english/procedures/advance5_e/superyacht_e.htm","https://www.moj.go.jp/isa/publications/faq/newimmiact_4_port-city.html?lang=en"],"extracted_at":"2026-08-26T11:43:41Z"}},{"type":"Feature","geometry":{"type":"Point","coordinates":[139.7642808,35.6312459]},"properties":{"id":"dbd21e5a-2c94-4dd3-8809-257b5d9cd7c9","name":"Tokyo Port","city":"Tokyo","note":"Port ouvert désigné (douane de Tokyo)","mrgid":8487,"zone_name":"Japan","country_iso2":"JP","validated":true,"distance_km":0.0,"geocode_source":"nominatim","source_urls":["https://www.mlit.go.jp/en/maritime/specialpermission.html","https://www.customs.go.jp/english/procedures/advance5_e/superyacht_e.htm","https://www.moj.go.jp/isa/publications/faq/newimmiact_4_port-city.html?lang=en"],"extracted_at":"2026-08-26T11:43:43Z"}},{"type":"Feature","geometry":{"type":"Point","coordinates":[139.6608896,35.4698014]},"properties":{"id":"8f499d89-34fe-44a2-9cb5-0e77fd84d9fd","name":"Yokohama Port","city":"Yokohama","note":"Port ouvert désigné (douane de Yokohama)","mrgid":8487,"zone_name":"Japan","country_iso2":"JP","validated":true,"distance_km":0.0,"geocode_source":"nominatim","source_urls":["https://www.mlit.go.jp/en/maritime/specialpermission.html","https://www.customs.go.jp/english/procedures/advance5_e/superyacht_e.htm","https://www.moj.go.jp/isa/publications/faq/newimmiact_4_port-city.html?lang=en"],"extracted_at":"2026-08-26T11:43:45Z"}},{"type":"Feature","geometry":{"type":"Point","coordinates":[34.977032,29.467346]},"properties":{"id":"388409b6-3cf8-41c4-8484-d4b16c8f8570","name":"Port of Aqaba (Main Port / Passenger Port)","city":"Aqaba","note":"Port principal gérant le trafic maritime international, les douanes et l'immigration.","mrgid":8491,"zone_name":"Jordan","country_iso2":"JO","validated":true,"distance_km":0.0,"geocode_source":"nominatim","source_urls":["https://jma.gov.jo/en/maritime-safety/marine-safety-tips-for-boats-and-yachts/","https://tradeportal.customs.gov.jo/procedure/1655?l=en"],"extracted_at":"2026-08-26T11:43:24Z"}},{"type":"Feature","geometry":{"type":"Point","coordinates":[34.9798154,29.4091955]},"properties":{"id":"cddade60-6744-433c-a65f-7e210f907229","name":"Tala Bay Marina","city":"Aqaba","note":"Marina désignée comme port d'entrée officiel, formalités douanières et maritimes sur place.","mrgid":8491,"zone_name":"Jordan","country_iso2":"JO","validated":true,"distance_km":0.6,"geocode_source":"nominatim","source_urls":["https://jma.gov.jo/en/maritime-safety/marine-safety-tips-for-boats-and-yachts/","https://tradeportal.customs.gov.jo/procedure/1655?l=en"],"extracted_at":"2026-08-26T11:43:31Z"}},{"type":"Feature","geometry":{"type":"Point","coordinates":[35.0075433,29.5266483]},"properties":{"id":"44b0a14c-aadb-4b22-aa88-384c407f8446","name":"Royal Yacht Club of Jordan (RYCJ) Marina","city":"Aqaba","note":"Marina accueillant la plaisance étrangère pour les formalités d'entrée avec la JMC et l'ASEZA.","mrgid":8491,"zone_name":"Jordan","country_iso2":"JO","validated":true,"distance_km":1.2,"geocode_source":"nominatim","source_urls":["https://jma.gov.jo/en/maritime-safety/marine-safety-tips-for-boats-and-yachts/","https://tradeportal.customs.gov.jo/procedure/1655?l=en"],"extracted_at":"2026-08-26T11:43:42Z"}},{"type":"Feature","geometry":{"type":"Point","coordinates":[35.0075433,29.5266483]},"properties":{"id":"be6a6431-4f5d-4d62-8a75-15d716c23e76","name":"Ayla Marina (Ayla Oasis)","city":"Aqaba","note":"Marina internationale accueillant les navires de plaisance privés.","mrgid":8491,"zone_name":"Jordan","country_iso2":"JO","validated":true,"distance_km":1.2,"geocode_source":"nominatim","source_urls":["https://jma.gov.jo/en/maritime-safety/marine-safety-tips-for-boats-and-yachts/","https://tradeportal.customs.gov.jo/procedure/1655?l=en"],"extracted_at":"2026-08-26T11:43:48Z"}},{"type":"Feature","geometry":{"type":"Point","coordinates":[51.220726,43.6026567]},"properties":{"id":"eb50edee-052d-41e0-b3dd-b808b40105b7","name":"Port of Aktau","city":"Aktau","note":"Point de contrôle frontalier maritime international officiel.","mrgid":26522,"zone_name":"Kazakhstan","country_iso2":"KZ","validated":true,"distance_km":0.0,"geocode_source":"nominatim","source_urls":["https://kgd.gov.kz/","https://mangystau.invest.gov.kz/media-center/press-releases/kazakhstan-i-koreya-ukreplyayut-sotrudnichestvo-v-oblasti-logistiki/"],"extracted_at":"2026-08-26T11:44:23Z"}},{"type":"Feature","geometry":{"type":"Point","coordinates":[50.2600801,44.5418956]},"properties":{"id":"a7819a59-0d6a-4b97-9bbd-5762a353a11f","name":"Port of Bautino","city":"Bautino","note":"Point de contrôle frontalier maritime international officiel.","mrgid":26522,"zone_name":"Kazakhstan","country_iso2":"KZ","validated":true,"distance_km":0.0,"geocode_source":"nominatim","source_urls":["https://kgd.gov.kz/","https://mangystau.invest.gov.kz/media-center/press-releases/kazakhstan-i-koreya-ukreplyayut-sotrudnichestvo-v-oblasti-logistiki/"],"extracted_at":"2026-08-26T11:44:26Z"}},{"type":"Feature","geometry":{"type":"Point","coordinates":[51.6796799,43.176664]},"properties":{"id":"1ff399a6-5701-4fe9-90e7-e791f5d0e87f","name":"Port of Kuryk","city":"Kuryk","note":"Point de contrôle frontalier maritime international officiel.","mrgid":26522,"zone_name":"Kazakhstan","country_iso2":"KZ","validated":true,"distance_km":2.9,"geocode_source":"nominatim","source_urls":["https://kgd.gov.kz/","https://mangystau.invest.gov.kz/media-center/press-releases/kazakhstan-i-koreya-ukreplyayut-sotrudnichestvo-v-oblasti-logistiki/"],"extracted_at":"2026-08-26T11:44:30Z"}},{"type":"Feature","geometry":{"type":"Point","coordinates":[39.667169,-4.05052]},"properties":{"id":"0aa41f6f-10df-426d-90d8-0d7afe064898","name":"Kilindini Harbour / Port of Mombasa","city":"Mombasa","note":"Port principal d'entrée maritime pour les navires et bateaux de plaisance.","mrgid":8349,"zone_name":"Kenya","country_iso2":"KE","validated":true,"distance_km":0.0,"geocode_source":"nominatim","source_urls":["https://immigration.go.ke/arrival-procedures-and-the-responsibility-of-travelers-on-arrival/","https://kma.go.ke/vessel-registration/","https://www.kra.go.ke/helping-tax-payers/faqs/customs-and-border-control"],"extracted_at":"2026-08-26T11:44:39Z"}},{"type":"Feature","geometry":{"type":"Point","coordinates":[39.667169,-4.05052]},"properties":{"id":"a47f7bfd-4249-485a-a467-36841b04394f","name":"Old Port (Mombasa)","city":"Mombasa","note":"Port d'entrée désigné pour les petites embarcations.","mrgid":8349,"zone_name":"Kenya","country_iso2":"KE","validated":true,"distance_km":0.0,"geocode_source":"nominatim","source_urls":["https://immigration.go.ke/arrival-procedures-and-the-responsibility-of-travelers-on-arrival/","https://kma.go.ke/vessel-registration/","https://www.kra.go.ke/helping-tax-payers/faqs/customs-and-border-control"],"extracted_at":"2026-08-26T11:44:43Z"}},{"type":"Feature","geometry":{"type":"Point","coordinates":[40.9331303,-2.1976755]},"properties":{"id":"1b2f8e66-65a6-4624-9b70-ece5f5db57f7","name":"Port of Lamu","city":"Lamu","note":"Port d'entrée officiel sur la côte nord du Kenya.","mrgid":8349,"zone_name":"Kenya","country_iso2":"KE","validated":true,"distance_km":0.0,"geocode_source":"nominatim","source_urls":["https://immigration.go.ke/arrival-procedures-and-the-responsibility-of-travelers-on-arrival/","https://kma.go.ke/vessel-registration/","https://www.kra.go.ke/helping-tax-payers/faqs/customs-and-border-control"],"extracted_at":"2026-08-26T11:44:44Z"}},{"type":"Feature","geometry":{"type":"Point","coordinates":[39.9750882,-3.2295935]},"properties":{"id":"d1ddf2f9-89e8-414d-abbb-b260c4e0ed70","name":"Port of Malindi","city":"Malindi","note":"Port d'entrée officiel pour le tourisme et la plaisance.","mrgid":8349,"zone_name":"Kenya","country_iso2":"KE","validated":true,"distance_km":10.4,"geocode_source":"nominatim","source_urls":["https://immigration.go.ke/arrival-procedures-and-the-responsibility-of-travelers-on-arrival/","https://kma.go.ke/vessel-registration/","https://www.kra.go.ke/helping-tax-payers/faqs/customs-and-border-control"],"extracted_at":"2026-08-26T11:44:51Z"}},{"type":"Feature","geometry":{"type":"Point","coordinates":[39.380882,-4.644991]},"properties":{"id":"0474a492-b26c-4470-a945-2da79a131c24","name":"Port of Shimoni","city":"Shimoni","note":"Point d'entrée maritime au sud, proche de la frontière tanzanienne.","mrgid":8349,"zone_name":"Kenya","country_iso2":"KE","validated":true,"distance_km":0.0,"geocode_source":"nominatim","source_urls":["https://immigration.go.ke/arrival-procedures-and-the-responsibility-of-travelers-on-arrival/","https://kma.go.ke/vessel-registration/","https://www.kra.go.ke/helping-tax-payers/faqs/customs-and-border-control"],"extracted_at":"2026-08-26T11:44:55Z"}},{"type":"Feature","geometry":{"type":"Point","coordinates":[39.2179544,-4.6590044]},"properties":{"id":"37c89442-0e76-4c06-ac8c-8798e4856e29","name":"Port of Vanga","city":"Vanga","note":"Terminal maritime officiel à la frontière sud.","mrgid":8349,"zone_name":"Kenya","country_iso2":"KE","validated":true,"distance_km":1.1,"geocode_source":"nominatim","source_urls":["https://immigration.go.ke/arrival-procedures-and-the-responsibility-of-travelers-on-arrival/","https://kma.go.ke/vessel-registration/","https://www.kra.go.ke/helping-tax-payers/faqs/customs-and-border-control"],"extracted_at":"2026-08-26T11:44:59Z"}},{"type":"Feature","geometry":{"type":"Point","coordinates":[39.6750716,-3.1507392]},"properties":{"id":"1c33ba4e-58f4-49ba-b6d0-7ae7edbf2057","name":"Port of Kilifi","city":"Kilifi","note":"Port maritime désigné (statut opérationnel/temporaire).","mrgid":8349,"zone_name":"Kenya","country_iso2":"KE","validated":true,"distance_km":38.0,"geocode_source":"nominatim","source_urls":["https://immigration.go.ke/arrival-procedures-and-the-responsibility-of-travelers-on-arrival/","https://kma.go.ke/vessel-registration/","https://www.kra.go.ke/helping-tax-payers/faqs/customs-and-border-control"],"extracted_at":"2026-08-26T11:45:09Z"}},{"type":"Feature","geometry":{"type":"Point","coordinates":[40.1878101,-2.9983778]},"properties":{"id":"686b81ca-17ac-4536-b10d-e204d8b726aa","name":"Port of Ngomeni","city":"Ngomeni","note":"Port maritime désigné (statut opérationnel/temporaire).","mrgid":8349,"zone_name":"Kenya","country_iso2":"KE","validated":true,"distance_km":0.7,"geocode_source":"nominatim","source_urls":["https://immigration.go.ke/arrival-procedures-and-the-responsibility-of-travelers-on-arrival/","https://kma.go.ke/vessel-registration/","https://www.kra.go.ke/helping-tax-payers/faqs/customs-and-border-control"],"extracted_at":"2026-08-26T11:45:12Z"}},{"type":"Feature","geometry":{"type":"Point","coordinates":[41.4892867,-1.7470375]},"properties":{"id":"ca72164f-9bdc-4cfd-a81a-7d62431e4078","name":"Port of Kiunga","city":"Kiunga","note":"Port maritime désigné (statut opérationnel/temporaire).","mrgid":8349,"zone_name":"Kenya","country_iso2":"KE","validated":true,"distance_km":0.0,"geocode_source":"nominatim","source_urls":["https://immigration.go.ke/arrival-procedures-and-the-responsibility-of-travelers-on-arrival/","https://kma.go.ke/vessel-registration/","https://www.kra.go.ke/helping-tax-payers/faqs/customs-and-border-control"],"extracted_at":"2026-08-26T11:45:15Z"}},{"type":"Feature","geometry":{"type":"Point","coordinates":[47.9162953,29.3513084]},"properties":{"id":"c762d5d5-d7a8-4cf6-848a-113806502581","name":"Shuwaikh Port","city":"Kuwait City","note":"Port d'entrée principal pour les formalités de douane et d'immigration des navires de plaisance.","mrgid":8357,"zone_name":"Kuwait","country_iso2":"KW","validated":true,"distance_km":0.6,"geocode_source":"nominatim","source_urls":["https://www.kpa.gov.kw/en/about-us/","https://www.moi.gov.kw/main?culture=en"],"extracted_at":"2026-08-26T11:46:08Z"}},{"type":"Feature","geometry":{"type":"Point","coordinates":[24.0945796,56.9592923]},"properties":{"id":"26f38ad7-4d84-4cb2-952a-1d5ab9718d9a","name":"Rīga (Rīgas osta)","city":"Riga","note":"Port principal, contrôle frontalier et douanier permanent 24/7.","mrgid":5683,"zone_name":"Latvia","country_iso2":"LV","validated":true,"distance_km":0.0,"geocode_source":"nominatim","source_urls":["https://www.rs.gov.lv/en/article/seminar-bsrbcc-pleasure-boats-control-mechanisms-and-security-issues-took-place"],"extracted_at":"2026-08-26T11:45:48Z"}},{"type":"Feature","geometry":{"type":"Point","coordinates":[21.5635991,57.3903918]},"properties":{"id":"0f19a7a8-5ca7-4c13-a646-83bf7024f4df","name":"Ventspils (Ventspils osta)","city":"Ventspils","note":"Port principal, contrôle frontalier et douanier permanent 24/7.","mrgid":5683,"zone_name":"Latvia","country_iso2":"LV","validated":true,"distance_km":0.4,"geocode_source":"nominatim","source_urls":["https://www.rs.gov.lv/en/article/seminar-bsrbcc-pleasure-boats-control-mechanisms-and-security-issues-took-place"],"extracted_at":"2026-08-26T11:45:50Z"}},{"type":"Feature","geometry":{"type":"Point","coordinates":[21.0070903,56.5048435]},"properties":{"id":"989ab3ad-741a-4732-a404-2873853396dd","name":"Liepāja (Liepājas osta)","city":"Liepāja","note":"Port principal, contrôle frontalier et douanier permanent 24/7.","mrgid":5683,"zone_name":"Latvia","country_iso2":"LV","validated":true,"distance_km":2.7,"geocode_source":"nominatim","source_urls":["https://www.rs.gov.lv/en/article/seminar-bsrbcc-pleasure-boats-control-mechanisms-and-security-issues-took-place"],"extracted_at":"2026-08-26T11:45:53Z"}},{"type":"Feature","geometry":{"type":"Point","coordinates":[23.2231986,57.1601929]},"properties":{"id":"b5970470-c2eb-4163-95c8-4e1dfc5423ae","name":"Engure (Engures osta)","city":"Engure","note":"Petit port, formalités d'entrée sur demande avec préavis.","mrgid":5683,"zone_name":"Latvia","country_iso2":"LV","validated":true,"distance_km":1.6,"geocode_source":"nominatim","source_urls":["https://www.rs.gov.lv/en/article/seminar-bsrbcc-pleasure-boats-control-mechanisms-and-security-issues-took-place"],"extracted_at":"2026-08-26T11:45:55Z"}},{"type":"Feature","geometry":{"type":"Point","coordinates":[23.8706658,56.982382]},"properties":{"id":"fa10f87f-2400-4cab-a236-c89fff4f09e4","name":"Lielupe / Jūrmala (Lielupes osta)","city":"Jūrmala","note":"Petit port, formalités d'entrée sur demande avec préavis.","mrgid":5683,"zone_name":"Latvia","country_iso2":"LV","validated":true,"distance_km":0.3,"geocode_source":"nominatim","source_urls":["https://www.rs.gov.lv/en/article/seminar-bsrbcc-pleasure-boats-control-mechanisms-and-security-issues-took-place"],"extracted_at":"2026-08-26T11:45:57Z"}},{"type":"Feature","geometry":{"type":"Point","coordinates":[23.1310637,57.3321596]},"properties":{"id":"80eeac03-6de5-40dd-a666-699edc9f4546","name":"Mērsrags (Mērsraga osta)","city":"Mērsrags","note":"Petit port, formalités d'entrée sur demande avec préavis.","mrgid":5683,"zone_name":"Latvia","country_iso2":"LV","validated":true,"distance_km":1.6,"geocode_source":"nominatim","source_urls":["https://www.rs.gov.lv/en/article/seminar-bsrbcc-pleasure-boats-control-mechanisms-and-security-issues-took-place"],"extracted_at":"2026-08-26T11:45:59Z"}},{"type":"Feature","geometry":{"type":"Point","coordinates":[21.1825221,56.8888663]},"properties":{"id":"91b39747-7e15-4b7f-a7a2-edbace5155a1","name":"Pāvilosta (Pāvilostas osta)","city":"Pāvilosta","note":"Petit port, formalités d'entrée sur demande avec préavis.","mrgid":5683,"zone_name":"Latvia","country_iso2":"LV","validated":true,"distance_km":1.0,"geocode_source":"nominatim","source_urls":["https://www.rs.gov.lv/en/article/seminar-bsrbcc-pleasure-boats-control-mechanisms-and-security-issues-took-place"],"extracted_at":"2026-08-26T11:46:01Z"}},{"type":"Feature","geometry":{"type":"Point","coordinates":[22.804447,57.5057295]},"properties":{"id":"19efa1c9-284a-48b1-9fc2-ecf1d4899c55","name":"Roja (Rojas osta)","city":"Roja","note":"Petit port, formalités d'entrée sur demande avec préavis.","mrgid":5683,"zone_name":"Latvia","country_iso2":"LV","validated":true,"distance_km":0.0,"geocode_source":"nominatim","source_urls":["https://www.rs.gov.lv/en/article/seminar-bsrbcc-pleasure-boats-control-mechanisms-and-security-issues-took-place"],"extracted_at":"2026-08-26T11:46:04Z"}},{"type":"Feature","geometry":{"type":"Point","coordinates":[24.3570447,57.7567573]},"properties":{"id":"659da4f2-8eb2-42d1-ad59-1c80102fe7af","name":"Salacgrīva (Salacgrīvas osta)","city":"Salacgrīva","note":"Petit port, formalités d'entrée sur demande avec préavis.","mrgid":5683,"zone_name":"Latvia","country_iso2":"LV","validated":true,"distance_km":0.0,"geocode_source":"nominatim","source_urls":["https://www.rs.gov.lv/en/article/seminar-bsrbcc-pleasure-boats-control-mechanisms-and-security-issues-took-place"],"extracted_at":"2026-08-26T11:46:06Z"}},{"type":"Feature","geometry":{"type":"Point","coordinates":[24.4640594,57.3337572]},"properties":{"id":"ae58f968-ff9c-4d9b-8e0b-377ac9746af3","name":"Skulte (Skultes osta)","city":"Skulte / Zvejniekciems","note":"Petit port, formalités d'entrée sur demande avec préavis.","mrgid":5683,"zone_name":"Latvia","country_iso2":"LV","validated":true,"distance_km":7.1,"geocode_source":"nominatim","source_urls":["https://www.rs.gov.lv/en/article/seminar-bsrbcc-pleasure-boats-control-mechanisms-and-security-issues-took-place"],"extracted_at":"2026-08-26T11:46:09Z"}},{"type":"Feature","geometry":{"type":"Point","coordinates":[35.6200633,33.9741506]},"properties":{"id":"b43439ba-2e34-4a39-a5b3-8f5696822e94","name":"Port of Jounieh","city":"Jounieh","note":"Port d'entrée principal et port d'accueil désigné pour la plaisance (ATCL Marina).","mrgid":8374,"zone_name":"Lebanon","country_iso2":"LB","validated":true,"distance_km":0.0,"geocode_source":"nominatim","source_urls":["https://www.general-security.gov.lb/en","http://investinlebanon.gov.lb/en/search/form"],"extracted_at":"2026-08-26T11:46:45Z"}},{"type":"Feature","geometry":{"type":"Point","coordinates":[35.5052221,33.9054899]},"properties":{"id":"bfe390bd-f65f-40e3-b8a5-35485520ac23","name":"Port of Beirut","city":"Beirut","note":"Port d'entrée officiel avec installations permanentes d'immigration et de douane.","mrgid":8374,"zone_name":"Lebanon","country_iso2":"LB","validated":true,"distance_km":0.0,"geocode_source":"nominatim","source_urls":["https://www.general-security.gov.lb/en","http://investinlebanon.gov.lb/en/search/form"],"extracted_at":"2026-08-26T11:46:46Z"}},{"type":"Feature","geometry":{"type":"Point","coordinates":[35.8269916,34.4549834]},"properties":{"id":"c274ed49-d222-4040-9fda-e3b968ffe91a","name":"Port of Tripoli","city":"Tripoli","note":"Port d'entrée maritime officiel dans le nord du Liban.","mrgid":8374,"zone_name":"Lebanon","country_iso2":"LB","validated":true,"distance_km":0.8,"geocode_source":"nominatim","source_urls":["https://www.general-security.gov.lb/en","http://investinlebanon.gov.lb/en/search/form"],"extracted_at":"2026-08-26T11:46:47Z"}},{"type":"Feature","geometry":{"type":"Point","coordinates":[35.3689977,33.565829]},"properties":{"id":"cd8ab9a0-faf1-46fa-9886-ab85525c055e","name":"Port of Sidon","city":"Sidon","note":"Poste frontière maritime et port d'entrée sur la côte sud (Saida).","mrgid":8374,"zone_name":"Lebanon","country_iso2":"LB","validated":true,"distance_km":0.0,"geocode_source":"nominatim","source_urls":["https://www.general-security.gov.lb/en","http://investinlebanon.gov.lb/en/search/form"],"extracted_at":"2026-08-26T11:46:48Z"}},{"type":"Feature","geometry":{"type":"Point","coordinates":[35.1964023,33.2721211]},"properties":{"id":"9e01b38c-24ac-4554-8d20-4bba1f92538b","name":"Port of Tyre","city":"Tyre","note":"Poste frontière maritime et port d'entrée sur la côte sud (Sour).","mrgid":8374,"zone_name":"Lebanon","country_iso2":"LB","validated":true,"distance_km":0.6,"geocode_source":"nominatim","source_urls":["https://www.general-security.gov.lb/en","http://investinlebanon.gov.lb/en/search/form"],"extracted_at":"2026-08-26T11:46:53Z"}},{"type":"Feature","geometry":{"type":"Point","coordinates":[35.4036543,33.6455445]},"properties":{"id":"e73966b3-3ed3-4bed-b229-04008e277fe5","name":"Port of Jiyeh","city":"Jiyeh","note":"Poste frontière côtier et marina.","mrgid":8374,"zone_name":"Lebanon","country_iso2":"LB","validated":true,"distance_km":0.0,"geocode_source":"nominatim","source_urls":["https://www.general-security.gov.lb/en","http://investinlebanon.gov.lb/en/search/form"],"extracted_at":"2026-08-26T11:46:59Z"}},{"type":"Feature","geometry":{"type":"Point","coordinates":[35.1298249,33.1182741]},"properties":{"id":"e4bf765d-3453-4f23-8dca-e0b73a8170b4","name":"Naqoura Border Post","city":"Naqoura","note":"Centre d'inspection et poste frontière maritime côtier au sud.","mrgid":8374,"zone_name":"Lebanon","country_iso2":"LB","validated":true,"distance_km":0.1,"geocode_source":"nominatim","source_urls":["https://www.general-security.gov.lb/en","http://investinlebanon.gov.lb/en/search/form"],"extracted_at":"2026-08-26T11:47:06Z"}},{"type":"Feature","geometry":{"type":"Point","coordinates":[-10.8060492,6.3203562]},"properties":{"id":"4ca06b51-401a-4f62-b8bd-e260e034c5ab","name":"Freeport of Monrovia","city":"Monrovia","note":"Principal port d'entrée maritime du pays, assurant les formalités de douane et d'immigration.","mrgid":8391,"zone_name":"Liberia","country_iso2":"LR","validated":true,"distance_km":0.1,"geocode_source":"nominatim","source_urls":["https://revenue.lra.gov.lr/customs-profile/","https://www.npa.gov.lr/port-services-in-freeport-of-monrovia-bushrod-island-liberia"],"extracted_at":"2026-08-26T11:46:56Z"}},{"type":"Feature","geometry":{"type":"Point","coordinates":[-10.0385195,5.8665307]},"properties":{"id":"a2441807-2665-4bfd-a90f-38979444ebf0","name":"Port of Buchanan","city":"Buchanan","note":"Port d'entrée officiel géré par la NPA avec présence des services des douanes et d'immigration.","mrgid":8391,"zone_name":"Liberia","country_iso2":"LR","validated":true,"distance_km":2.4,"geocode_source":"nominatim","source_urls":["https://revenue.lra.gov.lr/customs-profile/","https://www.npa.gov.lr/port-services-in-freeport-of-monrovia-bushrod-island-liberia"],"extracted_at":"2026-08-26T11:46:58Z"}},{"type":"Feature","geometry":{"type":"Point","coordinates":[-9.0418921,5.045585]},"properties":{"id":"930084c2-3943-4c7b-a83b-08e6ee995e07","name":"Port of Greenville","city":"Greenville","note":"Port d'entrée officiel desservant la côte sud-est du Liberia.","mrgid":8391,"zone_name":"Liberia","country_iso2":"LR","validated":true,"distance_km":3.5,"geocode_source":"nominatim","source_urls":["https://revenue.lra.gov.lr/customs-profile/","https://www.npa.gov.lr/port-services-in-freeport-of-monrovia-bushrod-island-liberia"],"extracted_at":"2026-08-26T11:47:05Z"}},{"type":"Feature","geometry":{"type":"Point","coordinates":[-7.7060988,4.3789381]},"properties":{"id":"dec5e671-eaa3-40cb-b5d1-ede52126deab","name":"Port of Harper","city":"Harper","note":"Port d'entrée officiel le plus au sud, proche de la frontière ivoirienne.","mrgid":8391,"zone_name":"Liberia","country_iso2":"LR","validated":true,"distance_km":0.6,"geocode_source":"nominatim","source_urls":["https://revenue.lra.gov.lr/customs-profile/","https://www.npa.gov.lr/port-services-in-freeport-of-monrovia-bushrod-island-liberia"],"extracted_at":"2026-08-26T11:47:09Z"}},{"type":"Feature","geometry":{"type":"Point","coordinates":[13.1739677,32.9014145]},"properties":{"id":"d2811567-def6-4905-8529-79b0aaa29569","name":"Port of Tripoli","city":"Tripoli","note":"Port d'entrée principal dans l'ouest de la Libye avec contrôles de douane et d'immigration.","mrgid":8372,"zone_name":"Libya","country_iso2":"LY","validated":true,"distance_km":0.4,"geocode_source":"nominatim","source_urls":["https://www.lpma.gov.ly/index.php?start=20"],"extracted_at":"2026-08-26T11:47:26Z"}},{"type":"Feature","geometry":{"type":"Point","coordinates":[20.0507308,32.1067719]},"properties":{"id":"7a674e9b-5c60-46c2-91d0-8f97c168f51c","name":"Port of Benghazi","city":"Benghazi","note":"Port d'entrée principal pour l'est de la Libye.","mrgid":8372,"zone_name":"Libya","country_iso2":"LY","validated":true,"distance_km":1.4,"geocode_source":"nominatim","source_urls":["https://www.lpma.gov.ly/index.php?start=20"],"extracted_at":"2026-08-26T11:47:27Z"}},{"type":"Feature","geometry":{"type":"Point","coordinates":[15.0905803,32.3745923]},"properties":{"id":"bf30c8c7-90f1-47fc-8e03-42ca4b9722b7","name":"Port of Misrata / Qasr Ahmed","city":"Misrata","note":"Grand port commercial doté d'infrastructures de dédouanement complètes.","mrgid":8372,"zone_name":"Libya","country_iso2":"LY","validated":true,"distance_km":2.6,"geocode_source":"nominatim","source_urls":["https://www.lpma.gov.ly/index.php?start=20"],"extracted_at":"2026-08-26T11:47:31Z"}},{"type":"Feature","geometry":{"type":"Point","coordinates":[14.2639961,32.6457974]},"properties":{"id":"a95c00b6-5cac-4e8a-b4c3-2578d8755494","name":"Port of Al-Khoms / Khoms","city":"Al-Khoms","note":"Port équipé d'unités de douane et d'inspection maritime.","mrgid":8372,"zone_name":"Libya","country_iso2":"LY","validated":true,"distance_km":2.9,"geocode_source":"nominatim","source_urls":["https://www.lpma.gov.ly/index.php?start=20"],"extracted_at":"2026-08-26T11:47:35Z"}},{"type":"Feature","geometry":{"type":"Point","coordinates":[23.9599988,32.0773764]},"properties":{"id":"770c1c66-0b8c-4426-8881-ce4f0250ac75","name":"Port of Tobruk","city":"Tobruk","note":"Port d'entrée oriental situé près de la frontière égyptienne.","mrgid":8372,"zone_name":"Libya","country_iso2":"LY","validated":true,"distance_km":1.0,"geocode_source":"nominatim","source_urls":["https://www.lpma.gov.ly/index.php?start=20"],"extracted_at":"2026-08-26T11:47:39Z"}},{"type":"Feature","geometry":{"type":"Point","coordinates":[12.0806069,32.9327858]},"properties":{"id":"90514b64-0f64-48bb-9877-1891aae41159","name":"Port of Zuwarah","city":"Zuwarah","note":"Port d'entrée le plus à l'ouest, près de la frontière maritime tunisienne.","mrgid":8372,"zone_name":"Libya","country_iso2":"LY","validated":true,"distance_km":2.3,"geocode_source":"nominatim","source_urls":["https://www.lpma.gov.ly/index.php?start=20"],"extracted_at":"2026-08-26T11:47:46Z"}},{"type":"Feature","geometry":{"type":"Point","coordinates":[22.6383195,32.7593795]},"properties":{"id":"e37a43c5-f9db-408f-bdd4-9017ef47d00c","name":"Port of Derna","city":"Derna","note":"Port d'entrée situé dans le nord-est de la Libye.","mrgid":8372,"zone_name":"Libya","country_iso2":"LY","validated":true,"distance_km":3.0,"geocode_source":"nominatim","source_urls":["https://www.lpma.gov.ly/index.php?start=20"],"extracted_at":"2026-08-26T11:47:51Z"}},{"type":"Feature","geometry":{"type":"Point","coordinates":[21.1350469,55.7127529]},"properties":{"id":"ec4ba27b-2a08-4284-995a-d98534264069","name":"Jūrų uosto Pilies PKP","city":"Klaipėda","note":"Poste de contrôle principal dédié aux yachts et navires de plaisance en mer Baltique.","mrgid":5684,"zone_name":"Lithuania","country_iso2":"LT","validated":true,"distance_km":1.3,"geocode_source":"nominatim","source_urls":["https://pkpd.dedikuotas.lt/"],"extracted_at":"2026-08-26T11:48:23Z"}},{"type":"Feature","geometry":{"type":"Point","coordinates":[21.1350469,55.7127529]},"properties":{"id":"3a53d76e-6417-4058-a1cb-0294bc3a1d60","name":"Jūrų uosto Molo PKP","city":"Klaipėda","note":"Poste frontière maritime international du port de Klaipėda.","mrgid":5684,"zone_name":"Lithuania","country_iso2":"LT","validated":true,"distance_km":1.3,"geocode_source":"nominatim","source_urls":["https://pkpd.dedikuotas.lt/"],"extracted_at":"2026-08-26T11:48:27Z"}},{"type":"Feature","geometry":{"type":"Point","coordinates":[21.1350469,55.7127529]},"properties":{"id":"71cdcb90-f37d-4315-8cbe-f7cad1b87c8b","name":"Jūrų uosto Malkų įlankos PKP","city":"Klaipėda","note":"Poste frontière maritime international dans la zone sud du port de Klaipėda.","mrgid":5684,"zone_name":"Lithuania","country_iso2":"LT","validated":true,"distance_km":1.3,"geocode_source":"nominatim","source_urls":["https://pkpd.dedikuotas.lt/"],"extracted_at":"2026-08-26T11:48:30Z"}},{"type":"Feature","geometry":{"type":"Point","coordinates":[21.0038475,55.3036064]},"properties":{"id":"b41a21e4-abd2-4669-9943-b88678ed5643","name":"Nidos upių PKP","city":"Nida","note":"Poste fluvial et lagunaire désigné pour la plaisance (lagune de Courlande).","mrgid":5684,"zone_name":"Lithuania","country_iso2":"LT","validated":true,"distance_km":0.3,"geocode_source":"nominatim","source_urls":["https://pkpd.dedikuotas.lt/"],"extracted_at":"2026-08-26T11:48:34Z"}},{"type":"Feature","geometry":{"type":"Point","coordinates":[23.9356672,53.9809426]},"properties":{"id":"8234c905-49eb-4aa7-91f6-6d250d5ceca4","name":"Švendubrės sezoninis upių PKP","city":"Švendubrė","note":"Poste frontière fluvial saisonnier sur le Niémen.","mrgid":5684,"zone_name":"Lithuania","country_iso2":"LT","validated":false,"distance_km":298.2,"geocode_source":"nominatim","source_urls":["https://pkpd.dedikuotas.lt/"],"extracted_at":"2026-08-26T11:48:37Z"}},{"type":"Feature","geometry":{"type":"Point","coordinates":[21.3767497,55.2933648]},"properties":{"id":"db706250-053d-49c5-9d27-14f0d63c968a","name":"Rusnės upių PKP","city":"Rusnė","note":"Poste frontière fluvial dans le delta du Niémen.","mrgid":5684,"zone_name":"Lithuania","country_iso2":"LT","validated":true,"distance_km":0.2,"geocode_source":"nominatim","source_urls":["https://pkpd.dedikuotas.lt/"],"extracted_at":"2026-08-26T11:48:38Z"}},{"type":"Feature","geometry":{"type":"Point","coordinates":[22.7646945,55.0777077]},"properties":{"id":"64b65043-b260-43e3-bbd8-330506a49091","name":"Jurbarko upių PKP","city":"Jurbarkas","note":"Poste frontière fluvial sur le fleuve Niémen.","mrgid":5684,"zone_name":"Lithuania","country_iso2":"LT","validated":false,"distance_km":136.7,"geocode_source":"nominatim","source_urls":["https://pkpd.dedikuotas.lt/"],"extracted_at":"2026-08-26T11:48:41Z"}},{"type":"Feature","geometry":{"type":"Point","coordinates":[-16.9159644,32.642514]},"properties":{"id":"9f0cff5a-f4d3-4051-b91f-5e188bbe0572","name":"Porto do Funchal","city":"Funchal","note":"Port d'entrée principal pour l'archipel (inclut Marina do Funchal et Cais de Recreio).","mrgid":8363,"zone_name":"Madeira","country_iso2":null,"validated":true,"distance_km":0.9,"geocode_source":"nominatim","source_urls":["https://info-aduaneiro.portaldasfinancas.gov.pt/pt/informacao_aduaneira/Veiculos/regularizacao/Pages/faq-isv-10.aspx"],"extracted_at":"2026-08-26T11:49:15Z"}},{"type":"Feature","geometry":{"type":"Point","coordinates":[-16.3336636,33.0597299]},"properties":{"id":"d668c021-e088-48a3-b343-fbb81071a317","name":"Porto de Porto Santo","city":"Porto Santo","note":"Poste frontière désigné pour l'île de Porto Santo (inclut Porto Santo Marina).","mrgid":8363,"zone_name":"Madeira","country_iso2":null,"validated":true,"distance_km":1.2,"geocode_source":"nominatim","source_urls":["https://info-aduaneiro.portaldasfinancas.gov.pt/pt/informacao_aduaneira/Veiculos/regularizacao/Pages/faq-isv-10.aspx"],"extracted_at":"2026-08-26T11:49:16Z"}},{"type":"Feature","geometry":{"type":"Point","coordinates":[-16.7367073,32.7425564]},"properties":{"id":"64c0962d-3a48-4887-a055-86f9797eefa2","name":"Porto do Caniçal","city":"Caniçal","note":"Port commercial et industriel avec délégation douanière.","mrgid":8363,"zone_name":"Madeira","country_iso2":null,"validated":true,"distance_km":0.8,"geocode_source":"nominatim","source_urls":["https://info-aduaneiro.portaldasfinancas.gov.pt/pt/informacao_aduaneira/Veiculos/regularizacao/Pages/faq-isv-10.aspx"],"extracted_at":"2026-08-26T11:49:17Z"}},{"type":"Feature","geometry":{"type":"Point","coordinates":[73.5231224,4.1721832]},"properties":{"id":"c724f549-2660-46f0-a0ce-dd640f8d782e","name":"Port of Malé / Hulhumalé","city":"Malé City / Hulhumalé Island","note":"Port d'entrée maritime central pour les navires et yachts internationaux.","mrgid":8345,"zone_name":"Maldives","country_iso2":"MV","validated":true,"distance_km":0.0,"geocode_source":"nominatim","source_urls":["https://one.gov.mv/support/guidelines/foreign-vessel-cruise-permit-41","https://www.gazette.gov.mv/iulaan/302031"],"extracted_at":"2026-08-26T11:50:12Z"}},{"type":"Feature","geometry":{"type":"Point","coordinates":[72.9269577,7.0841029]},"properties":{"id":"f20708f1-2e46-4b97-98b2-033d6728a931","name":"Uligan (Uligamu)","city":"Uligamu Island","note":"Port d'entrée désigné au nord pour les yachts de plaisance.","mrgid":8345,"zone_name":"Maldives","country_iso2":"MV","validated":true,"distance_km":0.0,"geocode_source":"nominatim","source_urls":["https://one.gov.mv/support/guidelines/foreign-vessel-cruise-permit-41","https://www.gazette.gov.mv/iulaan/302031"],"extracted_at":"2026-08-26T11:50:15Z"}},{"type":"Feature","geometry":{"type":"Point","coordinates":[73.0694663,6.6233167]},"properties":{"id":"3498a55f-318d-413c-ba72-b88ed944da92","name":"Kulhudhuffushi Port","city":"Kulhudhuffushi City","note":"Port de clearance régional du nord pour les entrées maritimes internationales.","mrgid":8345,"zone_name":"Maldives","country_iso2":"MV","validated":true,"distance_km":0.3,"geocode_source":"nominatim","source_urls":["https://one.gov.mv/support/guidelines/foreign-vessel-cruise-permit-41","https://www.gazette.gov.mv/iulaan/302031"],"extracted_at":"2026-08-26T11:50:18Z"}},{"type":"Feature","geometry":{"type":"Point","coordinates":[73.1791075,-0.6263536]},"properties":{"id":"ea28a2fd-2d63-468c-8fbe-5d1aefab08d6","name":"Hithadhoo / Gan (Addu Port)","city":"Addu City","note":"Port d'entrée désigné au sud pour les yachts.","mrgid":8345,"zone_name":"Maldives","country_iso2":"MV","validated":true,"distance_km":0.0,"geocode_source":"nominatim","source_urls":["https://one.gov.mv/support/guidelines/foreign-vessel-cruise-permit-41","https://www.gazette.gov.mv/iulaan/302031"],"extracted_at":"2026-08-26T11:50:22Z"}},{"type":"Feature","geometry":{"type":"Point","coordinates":[14.5136607,35.8989979]},"properties":{"id":"7df4d7ab-efd3-4c47-9391-e183292adfad","name":"Port of Valletta","city":"Valletta","note":"Port d'entrée principal. Douane à Lascaris Wharf (Customs House), contact VHF 12.","mrgid":5685,"zone_name":"Malta","country_iso2":"MT","validated":true,"distance_km":0.4,"geocode_source":"nominatim","source_urls":[],"extracted_at":"2026-08-26T11:50:40Z"}},{"type":"Feature","geometry":{"type":"Point","coordinates":[14.5023357,35.9069574]},"properties":{"id":"7e0328f7-3d7d-4138-b8a4-a32fcd28d42a","name":"Port of Marsamxett","city":"Gżira / Ta' Xbiex / Msida / Sliema","note":"Dédié à la plaisance et au yachting. Clearance coordonnée avec les autorités de La Valette.","mrgid":5685,"zone_name":"Malta","country_iso2":"MT","validated":true,"distance_km":0.1,"geocode_source":"nominatim","source_urls":[],"extracted_at":"2026-08-26T11:50:46Z"}},{"type":"Feature","geometry":{"type":"Point","coordinates":[14.2902835,36.0271633]},"properties":{"id":"854f3a91-c9aa-491d-963e-976663c038ce","name":"Port of Mġarr","city":"Mġarr (Gozo)","note":"Port d'entrée officiel pour l'île de Gozo. Douane et police sur place, contact VHF 10 / 16.","mrgid":5685,"zone_name":"Malta","country_iso2":"MT","validated":true,"distance_km":0.0,"geocode_source":"nominatim","source_urls":[],"extracted_at":"2026-08-26T11:50:48Z"}},{"type":"Feature","geometry":{"type":"Point","coordinates":[14.5448353,35.8417662]},"properties":{"id":"44687910-f11f-4d51-b2b9-74160a62d059","name":"Port of Marsaxlokk","city":"Marsaxlokk / Birżebbuġa","note":"Point de passage frontalier officiel, principalement commercial/Freeport. VHF 14.","mrgid":5685,"zone_name":"Malta","country_iso2":"MT","validated":true,"distance_km":0.7,"geocode_source":"nominatim","source_urls":[],"extracted_at":"2026-08-26T11:50:55Z"}},{"type":"Feature","geometry":{"type":"Point","coordinates":[171.3816354,7.0909924]},"properties":{"id":"be162c86-0323-43ab-ac5e-3b94eecaade2","name":"Darrit Anchorage","city":"Majuro","note":"Port d'entrée officiel maritime à Majuro.","mrgid":8318,"zone_name":"Marshall Islands","country_iso2":"MH","validated":true,"distance_km":0.3,"geocode_source":"nominatim","source_urls":["https://rmiimmigration.org/border-control/","https://www.infomarshallislands.com/checking-in-to-majuro/"],"extracted_at":"2026-08-26T11:50:45Z"}},{"type":"Feature","geometry":{"type":"Point","coordinates":[167.7377027,8.779719]},"properties":{"id":"deb4a277-c610-4e88-af60-370380bbee40","name":"Ebeye Anchorage","city":"Ebeye","note":"Mouillage officiel d'entrée sur l'atoll de Kwajalein.","mrgid":8318,"zone_name":"Marshall Islands","country_iso2":"MH","validated":true,"distance_km":0.1,"geocode_source":"nominatim","source_urls":["https://rmiimmigration.org/border-control/","https://www.infomarshallislands.com/checking-in-to-majuro/"],"extracted_at":"2026-08-26T11:50:52Z"}},{"type":"Feature","geometry":{"type":"Point","coordinates":[167.6666667,8.8333333]},"properties":{"id":"7dd428d7-b801-494d-b198-fbf981ae1c84","name":"Kwajalein Anchorage","city":"Kwajalein","note":"Mouillage officiel d'entrée sur l'atoll de Kwajalein.","mrgid":8318,"zone_name":"Marshall Islands","country_iso2":"MH","validated":true,"distance_km":0.0,"geocode_source":"nominatim","source_urls":["https://rmiimmigration.org/border-control/","https://www.infomarshallislands.com/checking-in-to-majuro/"],"extracted_at":"2026-08-26T11:50:54Z"}},{"type":"Feature","geometry":{"type":"Point","coordinates":[169.6333977,5.9165813]},"properties":{"id":"edfdc02b-e1a1-4b0d-8107-a69658427cd7","name":"Jaluit Anchorage","city":"Jabor Island","note":"Port d'entrée officiel maritime sur l'atoll de Jaluit (Jabor Island).","mrgid":8318,"zone_name":"Marshall Islands","country_iso2":"MH","validated":true,"distance_km":0.0,"geocode_source":"nominatim","source_urls":["https://rmiimmigration.org/border-control/","https://www.infomarshallislands.com/checking-in-to-majuro/"],"extracted_at":"2026-08-26T11:50:57Z"}},{"type":"Feature","geometry":{"type":"Point","coordinates":[-17.0551862,20.8977201]},"properties":{"id":"d481ec79-f6b8-49b6-aeb1-4f0288291ce1","name":"Port Autonome de Nouadhibou (PAN)","city":"Nouadhibou","note":"Port d'entrée principal au nord (inclut Port Commercial et mouillage Baie du Lévrier). Douane et immigration.","mrgid":8369,"zone_name":"Mauritania","country_iso2":"MR","validated":true,"distance_km":1.9,"geocode_source":"nominatim","source_urls":[],"extracted_at":"2026-08-26T11:52:41Z"}},{"type":"Feature","geometry":{"type":"Point","coordinates":[-15.9780071,18.0792379]},"properties":{"id":"7511d0b0-8946-4a9f-8769-3b5a0bdc4599","name":"Port Autonome de Nouakchott dit « Port de l'Amitié » (PANPA)","city":"Nouakchott","note":"Port de clearance avec bureau permanent des douanes, police des frontières et capitainerie.","mrgid":8369,"zone_name":"Mauritania","country_iso2":"MR","validated":true,"distance_km":6.4,"geocode_source":"nominatim","source_urls":[],"extracted_at":"2026-08-26T11:52:45Z"}},{"type":"Feature","geometry":{"type":"Point","coordinates":[-16.0987089,18.5986445]},"properties":{"id":"d96d263b-71eb-4b8d-8533-8b7a0864c52a","name":"Port de Pêche et d'Accostage de Tanit (Établissement Portuaire de Tanit)","city":"Tanit","note":"Installation portuaire côtière dotée de postes dédiés de douane, gendarmerie et garde-côtes.","mrgid":8369,"zone_name":"Mauritania","country_iso2":"MR","validated":true,"distance_km":0.0,"geocode_source":"nominatim","source_urls":[],"extracted_at":"2026-08-26T11:52:51Z"}},{"type":"Feature","geometry":{"type":"Point","coordinates":[-16.5102094,16.1667585]},"properties":{"id":"ad9f9d35-5b72-47c2-bba0-86bfb9bec3c0","name":"Port Multifonctions de N'Diago","city":"N'Diago","note":"Port d'entrée au sud près du Sénégal avec surveillance des frontières maritimes et contrôles douaniers.","mrgid":8369,"zone_name":"Mauritania","country_iso2":"MR","validated":true,"distance_km":0.3,"geocode_source":"nominatim","source_urls":[],"extracted_at":"2026-08-26T11:52:54Z"}},{"type":"Feature","geometry":{"type":"Point","coordinates":[-2.928011,35.2909189]},"properties":{"id":"82114b2f-3d68-477b-9649-4b1eac1ff8ed","name":"Puerto de Melilla","city":"Melilla","note":"Point d'entrée frontalier officiel (Puesto Fronterizo Habilitado), incluant le Puerto Deportivo Noray.","mrgid":49000,"zone_name":"Melilla","country_iso2":null,"validated":true,"distance_km":0.0,"geocode_source":"nominatim","source_urls":[],"extracted_at":"2026-08-26T11:53:21Z"}},{"type":"Feature","geometry":{"type":"Point","coordinates":[138.2260889,9.4448113]},"properties":{"id":"3b50bb3f-51b2-484b-bf0d-e83599d97e56","name":"Tomil Harbor","city":"Colonia","note":"Yap Main Island, État de Yap.","mrgid":8316,"zone_name":"Micronesia","country_iso2":"FM","validated":true,"distance_km":0.0,"geocode_source":"nominatim","source_urls":[],"extracted_at":"2026-08-26T11:53:54Z"}},{"type":"Feature","geometry":{"type":"Point","coordinates":[-106.6994959,24.058876]},"properties":{"id":"5b2edf2c-7c28-4565-8634-a3c4750e2955","name":"Ensenada","city":"Ensenada","note":"Port d'entrée officiel pour la plaisance (Basse-Californie)","mrgid":8429,"zone_name":"Mexico","country_iso2":"MX","validated":true,"distance_km":32.2,"geocode_source":"nominatim","source_urls":["https://www.anam.gob.mx/con-permiso-de-importacion-temporal-expedido-por-banjercito/","https://dof.gob.mx/"],"extracted_at":"2026-08-26T11:53:42Z"}},{"type":"Feature","geometry":{"type":"Point","coordinates":[-112.265822,27.3366619]},"properties":{"id":"1e5d3d60-7b5e-4956-b8b1-9e12e1a965e1","name":"Santa Rosalía","city":"Santa Rosalía (Mulegé)","note":"Port d'entrée officiel pour la plaisance (Basse-Californie du Sud)","mrgid":8429,"zone_name":"Mexico","country_iso2":"MX","validated":true,"distance_km":0.2,"geocode_source":"nominatim","source_urls":["https://www.anam.gob.mx/con-permiso-de-importacion-temporal-expedido-por-banjercito/","https://dof.gob.mx/"],"extracted_at":"2026-08-26T11:53:44Z"}},{"type":"Feature","geometry":{"type":"Point","coordinates":[-111.3452523,26.0097913]},"properties":{"id":"af836268-b0cc-48b4-b7f9-b1b973f18754","name":"Loreto / Puerto Escondido","city":"Loreto","note":"Port d'entrée officiel pour la plaisance (Basse-Californie du Sud)","mrgid":8429,"zone_name":"Mexico","country_iso2":"MX","validated":true,"distance_km":0.0,"geocode_source":"nominatim","source_urls":["https://www.anam.gob.mx/con-permiso-de-importacion-temporal-expedido-por-banjercito/","https://dof.gob.mx/"],"extracted_at":"2026-08-26T11:53:48Z"}},{"type":"Feature","geometry":{"type":"Point","coordinates":[-98.9609329,19.3505168]},"properties":{"id":"d3898cd5-c873-4511-831d-be5a8c79a890","name":"La Paz","city":"La Paz","note":"Port d'entrée officiel pour la plaisance (Basse-Californie du Sud)","mrgid":8429,"zone_name":"Mexico","country_iso2":"MX","validated":false,"distance_km":235.8,"geocode_source":"nominatim","source_urls":["https://www.anam.gob.mx/con-permiso-de-importacion-temporal-expedido-por-banjercito/","https://dof.gob.mx/"],"extracted_at":"2026-08-26T11:53:49Z"}},{"type":"Feature","geometry":{"type":"Point","coordinates":[-109.8943627,22.8765607]},"properties":{"id":"be9acf83-fdf5-4b4e-9909-e1b5e9a49e05","name":"Cabo San Lucas","city":"Cabo San Lucas (Los Cabos)","note":"Port d'entrée officiel pour la plaisance (Basse-Californie du Sud)","mrgid":8429,"zone_name":"Mexico","country_iso2":"MX","validated":true,"distance_km":0.1,"geocode_source":"nominatim","source_urls":["https://www.anam.gob.mx/con-permiso-de-importacion-temporal-expedido-por-banjercito/","https://dof.gob.mx/"],"extracted_at":"2026-08-26T11:53:51Z"}},{"type":"Feature","geometry":{"type":"Point","coordinates":[-109.6440487,23.0778216]},"properties":{"id":"6b2f0b96-50f3-41ba-8dca-211b08947efd","name":"San José del Cabo (Puerto Los Cabos)","city":"San José del Cabo (Los Cabos)","note":"Port d'entrée officiel pour la plaisance (Basse-Californie du Sud)","mrgid":8429,"zone_name":"Mexico","country_iso2":"MX","validated":true,"distance_km":1.6,"geocode_source":"nominatim","source_urls":["https://www.anam.gob.mx/con-permiso-de-importacion-temporal-expedido-por-banjercito/","https://dof.gob.mx/"],"extracted_at":"2026-08-26T11:53:53Z"}},{"type":"Feature","geometry":{"type":"Point","coordinates":[-113.531819,31.3170867]},"properties":{"id":"7a6a987e-69bf-4f05-a743-dcceee82aeaa","name":"Puerto Peñasco","city":"Puerto Peñasco","note":"Port d'entrée officiel pour la plaisance (Sonora)","mrgid":8429,"zone_name":"Mexico","country_iso2":"MX","validated":true,"distance_km":1.1,"geocode_source":"nominatim","source_urls":["https://www.anam.gob.mx/con-permiso-de-importacion-temporal-expedido-por-banjercito/","https://dof.gob.mx/"],"extracted_at":"2026-08-26T11:53:55Z"}},{"type":"Feature","geometry":{"type":"Point","coordinates":[-110.8994059,27.9216441]},"properties":{"id":"ab3e1477-7cb9-485b-93ee-cbf69bff1d02","name":"Guaymas","city":"Guaymas","note":"Port d'entrée officiel pour la plaisance (Sonora)","mrgid":8429,"zone_name":"Mexico","country_iso2":"MX","validated":true,"distance_km":0.9,"geocode_source":"nominatim","source_urls":["https://www.anam.gob.mx/con-permiso-de-importacion-temporal-expedido-por-banjercito/","https://dof.gob.mx/"],"extracted_at":"2026-08-26T11:53:57Z"}},{"type":"Feature","geometry":{"type":"Point","coordinates":[-109.0608584,25.5850507]},"properties":{"id":"6738f492-1e45-4086-9bec-b0fa695bf7f6","name":"Topolobampo","city":"Topolobampo (Ahome)","note":"Port d'entrée officiel pour la plaisance (Sinaloa)","mrgid":8429,"zone_name":"Mexico","country_iso2":"MX","validated":true,"distance_km":0.0,"geocode_source":"nominatim","source_urls":["https://www.anam.gob.mx/con-permiso-de-importacion-temporal-expedido-por-banjercito/","https://dof.gob.mx/"],"extracted_at":"2026-08-26T11:54:00Z"}},{"type":"Feature","geometry":{"type":"Point","coordinates":[67.3589759,24.8345714]},"properties":{"id":"c287b6e5-80bd-4d94-bcdc-e76aee871f35","name":"Karachi Sea Port","city":"Karachi","note":"Port d'entrée principal pour les yachts et navires de plaisance étrangers.","mrgid":8359,"zone_name":"Pakistan","country_iso2":"PK","validated":true,"distance_km":6.0,"geocode_source":"nominatim","source_urls":["https://www.fbr.gov.pk/customs-basics/51149/131168","https://www.fia.gov.pk/ibms","https://dgip.gov.pk/"],"extracted_at":"2026-08-26T12:11:36Z"}},{"type":"Feature","geometry":{"type":"Point","coordinates":[67.0207055,24.8546842]},"properties":{"id":"f8c54c3b-7758-4b7e-8988-4992e6084c95","name":"Ghass Bandar Sea Port","city":"Karachi","note":"Terminal désigné pour les petites embarcations dans le port de Karachi.","mrgid":8359,"zone_name":"Pakistan","country_iso2":"PK","validated":true,"distance_km":3.7,"geocode_source":"nominatim","source_urls":["https://www.fbr.gov.pk/customs-basics/51149/131168","https://www.fia.gov.pk/ibms","https://dgip.gov.pk/"],"extracted_at":"2026-08-26T12:11:44Z"}},{"type":"Feature","geometry":{"type":"Point","coordinates":[67.2998485,24.8663171]},"properties":{"id":"5b7b6898-2314-48e7-8a72-0170d0c77b86","name":"Port Muhammad Bin Qasim","city":"Karachi","note":"Port de clearance maritime officiel (douanes et immigration FIA).","mrgid":8359,"zone_name":"Pakistan","country_iso2":"PK","validated":true,"distance_km":9.0,"geocode_source":"nominatim","source_urls":["https://www.fbr.gov.pk/customs-basics/51149/131168","https://www.fia.gov.pk/ibms","https://dgip.gov.pk/"],"extracted_at":"2026-08-26T12:11:46Z"}},{"type":"Feature","geometry":{"type":"Point","coordinates":[62.3254553,25.1479816]},"properties":{"id":"acc5bec4-3651-42fb-9872-f97fe571834c","name":"Gwadar Sea Port","city":"Gwadar","note":"Port de clearance maritime officiel (douanes et immigration FIA).","mrgid":8359,"zone_name":"Pakistan","country_iso2":"PK","validated":true,"distance_km":1.3,"geocode_source":"nominatim","source_urls":["https://www.fbr.gov.pk/customs-basics/51149/131168","https://www.fia.gov.pk/ibms","https://dgip.gov.pk/"],"extracted_at":"2026-08-26T12:11:55Z"}},{"type":"Feature","geometry":{"type":"Point","coordinates":[58.2738006,23.5994728]},"properties":{"id":"9223e1b1-b0e0-4814-be2d-3789fd73bdd8","name":"Port Sultan Qaboos (Mina Sultan Qaboos)","city":"Muscat / Muttrah","note":"Port principal pour le tourisme, les croisières et la plaisance avec dédouanement et immigration.","mrgid":8354,"zone_name":"Oman","country_iso2":"OM","validated":true,"distance_km":3.3,"geocode_source":"nominatim","source_urls":["https://www.customs.gov.om/en/business-services/permit/veterinary-permit-to-import-animal-by-productts-and-tools","https://www.rop.gov.om/onlineservices/ExitPenaltyPayment/en/","https://mtcit.gov.om/sectors/ports/ports-harbour"],"extracted_at":"2026-08-26T12:11:27Z"}},{"type":"Feature","geometry":{"type":"Point","coordinates":[54.1010923,17.0174945]},"properties":{"id":"a07b4a17-cfd7-4e81-9a7b-24fa2900105b","name":"Port of Salalah (Mina Raysut)","city":"Salalah","note":"Port d'entrée commercial et touristique desservant le sud d'Oman et la mer d'Arabie.","mrgid":8354,"zone_name":"Oman","country_iso2":"OM","validated":true,"distance_km":2.6,"geocode_source":"nominatim","source_urls":["https://www.customs.gov.om/en/business-services/permit/veterinary-permit-to-import-animal-by-productts-and-tools","https://www.rop.gov.om/onlineservices/ExitPenaltyPayment/en/","https://mtcit.gov.om/sectors/ports/ports-harbour"],"extracted_at":"2026-08-26T12:11:36Z"}},{"type":"Feature","geometry":{"type":"Point","coordinates":[56.2469789,26.1841297]},"properties":{"id":"8f6b2fbc-903c-4f06-9f73-4350d10e840f","name":"Port of Khasab","city":"Khasab","note":"Port d'entrée touristique et commercial situé dans le détroit d'Ormuz.","mrgid":8354,"zone_name":"Oman","country_iso2":"OM","validated":true,"distance_km":2.2,"geocode_source":"nominatim","source_urls":["https://www.customs.gov.om/en/business-services/permit/veterinary-permit-to-import-animal-by-productts-and-tools","https://www.rop.gov.om/onlineservices/ExitPenaltyPayment/en/","https://mtcit.gov.om/sectors/ports/ports-harbour"],"extracted_at":"2026-08-26T12:11:43Z"}},{"type":"Feature","geometry":{"type":"Point","coordinates":[56.7298385,24.3419881]},"properties":{"id":"dbe46c74-d0c6-4700-b246-f4d0b21382b1","name":"Port of Sohar","city":"Sohar","note":"Grand port d'entrée commercial et industriel en eau profonde.","mrgid":8354,"zone_name":"Oman","country_iso2":"OM","validated":true,"distance_km":1.5,"geocode_source":"nominatim","source_urls":["https://www.customs.gov.om/en/business-services/permit/veterinary-permit-to-import-animal-by-productts-and-tools","https://www.rop.gov.om/onlineservices/ExitPenaltyPayment/en/","https://mtcit.gov.om/sectors/ports/ports-harbour"],"extracted_at":"2026-08-26T12:11:50Z"}},{"type":"Feature","geometry":{"type":"Point","coordinates":[57.7116611,19.6629965]},"properties":{"id":"77ff9643-bd6d-444b-a3e2-8d1ea08de8ad","name":"Port of Duqm","city":"Duqm","note":"Port d'entrée polyvalent en eau profonde.","mrgid":8354,"zone_name":"Oman","country_iso2":"OM","validated":true,"distance_km":0.6,"geocode_source":"nominatim","source_urls":["https://www.customs.gov.om/en/business-services/permit/veterinary-permit-to-import-animal-by-productts-and-tools","https://www.rop.gov.om/onlineservices/ExitPenaltyPayment/en/","https://mtcit.gov.om/sectors/ports/ports-harbour"],"extracted_at":"2026-08-26T12:11:52Z"}},{"type":"Feature","geometry":{"type":"Point","coordinates":[56.4598209,24.7441619]},"properties":{"id":"662514d6-0a0c-4df8-87fd-e3634a577038","name":"Port of Shinas","city":"Shinas","note":"Port d'entrée commercial et touristique du nord de la Batinah.","mrgid":8354,"zone_name":"Oman","country_iso2":"OM","validated":true,"distance_km":3.4,"geocode_source":"nominatim","source_urls":["https://www.customs.gov.om/en/business-services/permit/veterinary-permit-to-import-animal-by-productts-and-tools","https://www.rop.gov.om/onlineservices/ExitPenaltyPayment/en/","https://mtcit.gov.om/sectors/ports/ports-harbour"],"extracted_at":"2026-08-26T12:11:57Z"}},{"type":"Feature","geometry":{"type":"Point","coordinates":[57.4395801,23.8539329]},"properties":{"id":"51569c30-7ddf-4fc3-b169-e4ae12788875","name":"Port of As Suwaiq","city":"As Suwaiq","note":"Port d'entrée douanier côtier commercial.","mrgid":8354,"zone_name":"Oman","country_iso2":"OM","validated":true,"distance_km":0.0,"geocode_source":"nominatim","source_urls":["https://www.customs.gov.om/en/business-services/permit/veterinary-permit-to-import-animal-by-productts-and-tools","https://www.rop.gov.om/onlineservices/ExitPenaltyPayment/en/","https://mtcit.gov.om/sectors/ports/ports-harbour"],"extracted_at":"2026-08-26T12:11:59Z"}},{"type":"Feature","geometry":{"type":"Point","coordinates":[59.5297203,22.5694263]},"properties":{"id":"66b160fd-6cd5-4703-abe3-466133e57cfe","name":"Port of Sur","city":"Sur","note":"Port d'entrée maritime et poste de douane côtier.","mrgid":8354,"zone_name":"Oman","country_iso2":"OM","validated":true,"distance_km":0.4,"geocode_source":"nominatim","source_urls":["https://www.customs.gov.om/en/business-services/permit/veterinary-permit-to-import-animal-by-productts-and-tools","https://www.rop.gov.om/onlineservices/ExitPenaltyPayment/en/","https://mtcit.gov.om/sectors/ports/ports-harbour"],"extracted_at":"2026-08-26T12:12:02Z"}},{"type":"Feature","geometry":{"type":"Point","coordinates":[134.4488633,7.308629]},"properties":{"id":"6c4578dd-968e-4e23-b103-5620c3e35dfb","name":"Malakal Harbor","city":"Koror","note":"Seul port d'entrée maritime officiel désigné pour les yachts privés et navires de plaisance étrangers.","mrgid":8315,"zone_name":"Palau","country_iso2":"PW","validated":true,"distance_km":0.0,"geocode_source":"nominatim","source_urls":[],"extracted_at":"2026-08-26T12:12:08Z"}},{"type":"Feature","geometry":{"type":"Point","coordinates":[-81.9932387,9.2684749]},"properties":{"id":"f96c0c5e-b689-4ff8-9703-57ef15bd2b55","name":"Bocas del Toro (Isla Colón / Almirante)","city":"Bocas del Toro","note":"Port d'entrée officiel pour le nord-ouest des Caraïbes.","mrgid":8423,"zone_name":"Panama","country_iso2":"PA","validated":true,"distance_km":0.0,"geocode_source":"nominatim","source_urls":["https://www.amp.gob.pa/normatividad/se-aprueba-el-reglamento-que-regula-el-reporte-de-arribo-y-zarpe-de-los-veleros-yates-y-mega-yates-de-transito-internacional-en-las-aguas-jurisdiccionales-de-la-republica-de-panama/","https://www.migracion.gob.pa/wp-content/uploads/MOVIMIENTO-MIGRATORIO-2024-2.pdf"],"extracted_at":"2026-08-26T12:12:46Z"}},{"type":"Feature","geometry":{"type":"Point","coordinates":[-79.9119612,9.2686258]},"properties":{"id":"77d3a5bf-5815-410e-8eaf-70d372f6a18c","name":"Colón / Cristóbal","city":"Colón","note":"Hub principal côté Caraïbes et accès au canal de Panama (inclut Shelter Bay Marina).","mrgid":8423,"zone_name":"Panama","country_iso2":"PA","validated":true,"distance_km":0.3,"geocode_source":"nominatim","source_urls":["https://www.amp.gob.pa/normatividad/se-aprueba-el-reglamento-que-regula-el-reporte-de-arribo-y-zarpe-de-los-veleros-yates-y-mega-yates-de-transito-internacional-en-las-aguas-jurisdiccionales-de-la-republica-de-panama/","https://www.migracion.gob.pa/wp-content/uploads/MOVIMIENTO-MIGRATORIO-2024-2.pdf"],"extracted_at":"2026-08-26T12:12:48Z"}},{"type":"Feature","geometry":{"type":"Point","coordinates":[-79.6549259,9.5538162]},"properties":{"id":"b1cf6453-c0f3-4ebb-a02f-e60d805e2f95","name":"Portobelo","city":"Portobelo","note":"Poste de contrôle migratoire maritime (PCM) et bureau maritime AMP.","mrgid":8423,"zone_name":"Panama","country_iso2":"PA","validated":true,"distance_km":0.3,"geocode_source":"nominatim","source_urls":["https://www.amp.gob.pa/normatividad/se-aprueba-el-reglamento-que-regula-el-reporte-de-arribo-y-zarpe-de-los-veleros-yates-y-mega-yates-de-transito-internacional-en-las-aguas-jurisdiccionales-de-la-republica-de-panama/","https://www.migracion.gob.pa/wp-content/uploads/MOVIMIENTO-MIGRATORIO-2024-2.pdf"],"extracted_at":"2026-08-26T12:12:50Z"}},{"type":"Feature","geometry":{"type":"Point","coordinates":[-77.4208332,8.6667489]},"properties":{"id":"0907f945-a50e-4466-8109-f9514ad49fdb","name":"El Porvenir","city":"Gaigirgordub","note":"Poste de contrôle migratoire et d'entrée officiel pour l'archipel des San Blas (Guna Yala).","mrgid":8423,"zone_name":"Panama","country_iso2":"PA","validated":true,"distance_km":0.9,"geocode_source":"nominatim","source_urls":["https://www.amp.gob.pa/normatividad/se-aprueba-el-reglamento-que-regula-el-reporte-de-arribo-y-zarpe-de-los-veleros-yates-y-mega-yates-de-transito-internacional-en-las-aguas-jurisdiccionales-de-la-republica-de-panama/","https://www.migracion.gob.pa/wp-content/uploads/MOVIMIENTO-MIGRATORIO-2024-2.pdf"],"extracted_at":"2026-08-26T12:12:53Z"}},{"type":"Feature","geometry":{"type":"Point","coordinates":[-77.4208332,8.6667489]},"properties":{"id":"a0bd7a8f-95e1-4c99-b610-9b1ad8f73ec0","name":"Puerto Obaldía","city":"Puerto Obaldía","note":"Poste frontière maritime officiel avec la Colombie (Guna Yala).","mrgid":8423,"zone_name":"Panama","country_iso2":"PA","validated":true,"distance_km":0.9,"geocode_source":"nominatim","source_urls":["https://www.amp.gob.pa/normatividad/se-aprueba-el-reglamento-que-regula-el-reporte-de-arribo-y-zarpe-de-los-veleros-yates-y-mega-yates-de-transito-internacional-en-las-aguas-jurisdiccionales-de-la-republica-de-panama/","https://www.migracion.gob.pa/wp-content/uploads/MOVIMIENTO-MIGRATORIO-2024-2.pdf"],"extracted_at":"2026-08-26T12:12:55Z"}},{"type":"Feature","geometry":{"type":"Point","coordinates":[-79.5203832,8.9113315]},"properties":{"id":"21eec880-644f-434a-afbc-b6d4c19f56f8","name":"Amador-Flamenco","city":"Panamá","note":"Poste de contrôle migratoire maritime (PCM) à Isla Flamenco / Flamenco Marina.","mrgid":8423,"zone_name":"Panama","country_iso2":"PA","validated":true,"distance_km":0.0,"geocode_source":"nominatim","source_urls":["https://www.amp.gob.pa/normatividad/se-aprueba-el-reglamento-que-regula-el-reporte-de-arribo-y-zarpe-de-los-veleros-yates-y-mega-yates-de-transito-internacional-en-las-aguas-jurisdiccionales-de-la-republica-de-panama/","https://www.migracion.gob.pa/wp-content/uploads/MOVIMIENTO-MIGRATORIO-2024-2.pdf"],"extracted_at":"2026-08-26T12:12:57Z"}},{"type":"Feature","geometry":{"type":"Point","coordinates":[-79.5546436,8.939307]},"properties":{"id":"4ba2914d-aa7a-467a-9569-9a32502e115b","name":"Club de Yates de Balboa","city":"Panamá","note":"Poste de contrôle migratoire maritime (PCM) côté Pacifique.","mrgid":8423,"zone_name":"Panama","country_iso2":"PA","validated":true,"distance_km":0.0,"geocode_source":"nominatim","source_urls":["https://www.amp.gob.pa/normatividad/se-aprueba-el-reglamento-que-regula-el-reporte-de-arribo-y-zarpe-de-los-veleros-yates-y-mega-yates-de-transito-internacional-en-las-aguas-jurisdiccionales-de-la-republica-de-panama/","https://www.migracion.gob.pa/wp-content/uploads/MOVIMIENTO-MIGRATORIO-2024-2.pdf"],"extracted_at":"2026-08-26T12:12:59Z"}},{"type":"Feature","geometry":{"type":"Point","coordinates":[-79.6699119,8.8615069]},"properties":{"id":"15478abe-ad7e-4597-b57a-92ff63a9cdfc","name":"Puerto de Vacamonte","city":"Arraiján","note":"Port étatique AMP et poste maritime officiel.","mrgid":8423,"zone_name":"Panama","country_iso2":"PA","validated":true,"distance_km":0.0,"geocode_source":"nominatim","source_urls":["https://www.amp.gob.pa/normatividad/se-aprueba-el-reglamento-que-regula-el-reporte-de-arribo-y-zarpe-de-los-veleros-yates-y-mega-yates-de-transito-internacional-en-las-aguas-jurisdiccionales-de-la-republica-de-panama/","https://www.migracion.gob.pa/wp-content/uploads/MOVIMIENTO-MIGRATORIO-2024-2.pdf"],"extracted_at":"2026-08-26T12:13:01Z"}},{"type":"Feature","geometry":{"type":"Point","coordinates":[-82.4348131,8.3684596]},"properties":{"id":"27aa5ac5-d314-41b3-8ba6-71d3ec4daa18","name":"Puerto Pedregal","city":"David","note":"Port d'entrée maritime régional dans la province de Chiriquí.","mrgid":8423,"zone_name":"Panama","country_iso2":"PA","validated":true,"distance_km":0.8,"geocode_source":"nominatim","source_urls":["https://www.amp.gob.pa/normatividad/se-aprueba-el-reglamento-que-regula-el-reporte-de-arribo-y-zarpe-de-los-veleros-yates-y-mega-yates-de-transito-internacional-en-las-aguas-jurisdiccionales-de-la-republica-de-panama/","https://www.migracion.gob.pa/wp-content/uploads/MOVIMIENTO-MIGRATORIO-2024-2.pdf"],"extracted_at":"2026-08-26T12:13:04Z"}},{"type":"Feature","geometry":{"type":"Point","coordinates":[-82.8806553,8.2068794]},"properties":{"id":"736dfa63-64c0-4a92-aca0-886666daf534","name":"Puerto Armuelles","city":"Puerto Armuelles","note":"Port étatique et point de contrôle frontalier Pacifique proche du Costa Rica.","mrgid":8423,"zone_name":"Panama","country_iso2":"PA","validated":true,"distance_km":3.4,"geocode_source":"nominatim","source_urls":["https://www.amp.gob.pa/normatividad/se-aprueba-el-reglamento-que-regula-el-reporte-de-arribo-y-zarpe-de-los-veleros-yates-y-mega-yates-de-transito-internacional-en-las-aguas-jurisdiccionales-de-la-republica-de-panama/","https://www.migracion.gob.pa/wp-content/uploads/MOVIMIENTO-MIGRATORIO-2024-2.pdf"],"extracted_at":"2026-08-26T12:13:06Z"}},{"type":"Feature","geometry":{"type":"Point","coordinates":[-78.1623512,7.5179233]},"properties":{"id":"7be7b38b-7783-4ea9-8d9a-c9bf8249523e","name":"Jaqué / Puerto Quimba","city":"Jaqué","note":"Poste de contrôle maritime et frontalier dans le Darién (frontière Colombie).","mrgid":8423,"zone_name":"Panama","country_iso2":"PA","validated":true,"distance_km":1.4,"geocode_source":"nominatim","source_urls":["https://www.amp.gob.pa/normatividad/se-aprueba-el-reglamento-que-regula-el-reporte-de-arribo-y-zarpe-de-los-veleros-yates-y-mega-yates-de-transito-internacional-en-las-aguas-jurisdiccionales-de-la-republica-de-panama/","https://www.migracion.gob.pa/wp-content/uploads/MOVIMIENTO-MIGRATORIO-2024-2.pdf"],"extracted_at":"2026-08-26T12:13:12Z"}},{"type":"Feature","geometry":{"type":"Point","coordinates":[147.1071606,-9.424539]},"properties":{"id":"be8a24ba-b31e-4458-afbf-537bf732054d","name":"Port of Motukea / Port Moresby","city":"Port Moresby","note":null,"mrgid":8324,"zone_name":"Papua New Guinea","country_iso2":"PG","validated":true,"distance_km":0.0,"geocode_source":"nominatim","source_urls":[],"extracted_at":"2026-08-26T12:12:41Z"}},{"type":"Feature","geometry":{"type":"Point","coordinates":[150.4464005,-10.3060931]},"properties":{"id":"1ca3c083-db16-415f-a09c-a6d9ec3c11ba","name":"Port of Alotau","city":"Alotau","note":null,"mrgid":8324,"zone_name":"Papua New Guinea","country_iso2":"PG","validated":true,"distance_km":0.1,"geocode_source":"nominatim","source_urls":[],"extracted_at":"2026-08-26T12:12:45Z"}},{"type":"Feature","geometry":{"type":"Point","coordinates":[143.210029,-9.069901]},"properties":{"id":"7e3d7408-2c3d-42f5-8f71-3e2e3e03158e","name":"Port of Daru","city":"Daru","note":null,"mrgid":8324,"zone_name":"Papua New Guinea","country_iso2":"PG","validated":true,"distance_km":0.0,"geocode_source":"nominatim","source_urls":[],"extracted_at":"2026-08-26T12:12:51Z"}},{"type":"Feature","geometry":{"type":"Point","coordinates":[148.4901809,-8.8948236]},"properties":{"id":"72b9ff86-17c6-4a59-9b93-5c931fe16cc9","name":"Port of Oro Bay","city":"Oro Bay / Popondetta","note":null,"mrgid":8324,"zone_name":"Papua New Guinea","country_iso2":"PG","validated":true,"distance_km":0.6,"geocode_source":"nominatim","source_urls":[],"extracted_at":"2026-08-26T12:12:58Z"}},{"type":"Feature","geometry":{"type":"Point","coordinates":[147.0008109,-6.7301976]},"properties":{"id":"dcf07ee3-3ca2-4171-a076-45ab7d0fd528","name":"Port of Lae","city":"Lae","note":null,"mrgid":8324,"zone_name":"Papua New Guinea","country_iso2":"PG","validated":true,"distance_km":0.5,"geocode_source":"nominatim","source_urls":[],"extracted_at":"2026-08-26T12:13:05Z"}},{"type":"Feature","geometry":{"type":"Point","coordinates":[145.5,-5.0]},"properties":{"id":"2d54c6b8-278b-42db-9782-0200b75fd9a4","name":"Port of Madang","city":"Madang","note":null,"mrgid":8324,"zone_name":"Papua New Guinea","country_iso2":"PG","validated":true,"distance_km":31.6,"geocode_source":"nominatim","source_urls":[],"extracted_at":"2026-08-26T12:13:11Z"}},{"type":"Feature","geometry":{"type":"Point","coordinates":[143.6270904,-3.5542197]},"properties":{"id":"51b0e215-a1dd-4a5d-8fa3-74cdb9696e96","name":"Port of Wewak","city":"Wewak","note":null,"mrgid":8324,"zone_name":"Papua New Guinea","country_iso2":"PG","validated":true,"distance_km":0.0,"geocode_source":"nominatim","source_urls":[],"extracted_at":"2026-08-26T12:13:16Z"}},{"type":"Feature","geometry":{"type":"Point","coordinates":[141.3009131,-2.6847646]},"properties":{"id":"664c8413-f132-4163-816f-349bd0f50b2f","name":"Port of Vanimo","city":"Vanimo","note":null,"mrgid":8324,"zone_name":"Papua New Guinea","country_iso2":"PG","validated":true,"distance_km":1.5,"geocode_source":"nominatim","source_urls":[],"extracted_at":"2026-08-26T12:13:19Z"}},{"type":"Feature","geometry":{"type":"Point","coordinates":[152.1728287,-4.1984592]},"properties":{"id":"2029fa6a-d89e-45ba-91b4-26ef2d8a28a8","name":"Port of Rabaul","city":"Rabaul / Simpson Harbour","note":null,"mrgid":8324,"zone_name":"Papua New Guinea","country_iso2":"PG","validated":true,"distance_km":1.3,"geocode_source":"nominatim","source_urls":[],"extracted_at":"2026-08-26T12:13:22Z"}},{"type":"Feature","geometry":{"type":"Point","coordinates":[150.1529513,-5.5562921]},"properties":{"id":"e8833106-60df-4571-9164-36723b4e6e31","name":"Port of Kimbe","city":"Kimbe / Stettin Bay","note":null,"mrgid":8324,"zone_name":"Papua New Guinea","country_iso2":"PG","validated":true,"distance_km":2.9,"geocode_source":"nominatim","source_urls":[],"extracted_at":"2026-08-26T12:13:25Z"}},{"type":"Feature","geometry":{"type":"Point","coordinates":[150.795224,-2.573474]},"properties":{"id":"c169f6ed-5518-447f-9381-22024df97e99","name":"Port of Kavieng","city":"Kavieng","note":null,"mrgid":8324,"zone_name":"Papua New Guinea","country_iso2":"PG","validated":true,"distance_km":0.0,"geocode_source":"nominatim","source_urls":[],"extracted_at":"2026-08-26T12:13:29Z"}},{"type":"Feature","geometry":{"type":"Point","coordinates":[147.2789185,-2.0329567]},"properties":{"id":"78d39e89-55b3-4c39-9df7-68192675c90e","name":"Port of Lorengau","city":"Lorengau","note":null,"mrgid":8324,"zone_name":"Papua New Guinea","country_iso2":"PG","validated":true,"distance_km":0.0,"geocode_source":"nominatim","source_urls":[],"extracted_at":"2026-08-26T12:13:32Z"}},{"type":"Feature","geometry":{"type":"Point","coordinates":[154.6314386,-5.230703]},"properties":{"id":"b03140be-8a07-4a2c-b50a-a9409282ff7e","name":"Port of Buka","city":"Buka Island","note":null,"mrgid":8324,"zone_name":"Papua New Guinea","country_iso2":"PG","validated":true,"distance_km":8.0,"geocode_source":"nominatim","source_urls":[],"extracted_at":"2026-08-26T12:13:35Z"}},{"type":"Feature","geometry":{"type":"Point","coordinates":[155.6362617,-6.2187295]},"properties":{"id":"8cbac438-f608-406e-a576-f200bd9e8b3a","name":"Port of Kieta","city":"Kieta / Arawa","note":null,"mrgid":8324,"zone_name":"Papua New Guinea","country_iso2":"PG","validated":true,"distance_km":0.0,"geocode_source":"nominatim","source_urls":[],"extracted_at":"2026-08-26T12:13:39Z"}},{"type":"Feature","geometry":{"type":"Point","coordinates":[142.3497559,-3.1372125]},"properties":{"id":"e63659c5-c672-4a1b-b0c7-61befde60e18","name":"Port of Aitape","city":"Aitape","note":null,"mrgid":8324,"zone_name":"Papua New Guinea","country_iso2":"PG","validated":true,"distance_km":0.0,"geocode_source":"nominatim","source_urls":[],"extracted_at":"2026-08-26T12:13:42Z"}},{"type":"Feature","geometry":{"type":"Point","coordinates":[-80.6797377,-3.680529]},"properties":{"id":"b95f9ed9-db01-4f8a-a5cc-6f8dd3dcff28","name":"Zorritos","city":"Zorritos","note":"Port frontière maritime nord.","mrgid":8432,"zone_name":"Peru","country_iso2":"PE","validated":true,"distance_km":0.0,"geocode_source":"nominatim","source_urls":["https://www.gob.pe/institucion/mincetur/noticias/1307811-gobierno-aprueba-incluir-a-embarcaciones-de-uso-particular-dentro-del-regimen-aduanero-especial-para-turismo"],"extracted_at":"2026-08-26T12:14:22Z"}},{"type":"Feature","geometry":{"type":"Point","coordinates":[-81.2718335,-4.5796872]},"properties":{"id":"98dcd840-55e0-47ec-825e-615119af9aed","name":"Talara","city":"Talara","note":"Couvre les zones de plaisance du nord (Cabo Blanco, Máncora).","mrgid":8432,"zone_name":"Peru","country_iso2":"PE","validated":true,"distance_km":0.7,"geocode_source":"nominatim","source_urls":["https://www.gob.pe/institucion/mincetur/noticias/1307811-gobierno-aprueba-incluir-a-embarcaciones-de-uso-particular-dentro-del-regimen-aduanero-especial-para-turismo"],"extracted_at":"2026-08-26T12:14:24Z"}},{"type":"Feature","geometry":{"type":"Point","coordinates":[-81.1136793,-5.0851637]},"properties":{"id":"556ef9d4-4599-432b-a2f6-f26dfb1bf084","name":"Paita","city":"Paita","note":"Port d'entrée principal du nord.","mrgid":8432,"zone_name":"Peru","country_iso2":"PE","validated":true,"distance_km":2.3,"geocode_source":"nominatim","source_urls":["https://www.gob.pe/institucion/mincetur/noticias/1307811-gobierno-aprueba-incluir-a-embarcaciones-de-uso-particular-dentro-del-regimen-aduanero-especial-para-turismo"],"extracted_at":"2026-08-26T12:14:26Z"}},{"type":"Feature","geometry":{"type":"Point","coordinates":[-79.9358318,-6.8358356]},"properties":{"id":"bcc3193b-4987-41fa-a18b-700727fd2d13","name":"Pimentel","city":"Pimentel","note":"Juridiction portuaire régionale.","mrgid":8432,"zone_name":"Peru","country_iso2":"PE","validated":true,"distance_km":0.7,"geocode_source":"nominatim","source_urls":["https://www.gob.pe/institucion/mincetur/noticias/1307811-gobierno-aprueba-incluir-a-embarcaciones-de-uso-particular-dentro-del-regimen-aduanero-especial-para-turismo"],"extracted_at":"2026-08-26T12:14:28Z"}},{"type":"Feature","geometry":{"type":"Point","coordinates":[-71.5379042,-16.4365947]},"properties":{"id":"237a73bb-c9fd-48a7-83ac-711e40f0e8bb","name":"Salaverry","city":"Salaverry","note":"Port d'entrée de la côte nord-centrale.","mrgid":8432,"zone_name":"Peru","country_iso2":"PE","validated":false,"distance_km":84.6,"geocode_source":"nominatim","source_urls":["https://www.gob.pe/institucion/mincetur/noticias/1307811-gobierno-aprueba-incluir-a-embarcaciones-de-uso-particular-dentro-del-regimen-aduanero-especial-para-turismo"],"extracted_at":"2026-08-26T12:14:31Z"}},{"type":"Feature","geometry":{"type":"Point","coordinates":[-78.593609,-9.0744966]},"properties":{"id":"032cbbf7-77b8-42d0-9571-8232bef31012","name":"Chimbote","city":"Chimbote","note":"Grande baie abritée et siège de capitainerie.","mrgid":8432,"zone_name":"Peru","country_iso2":"PE","validated":true,"distance_km":2.6,"geocode_source":"nominatim","source_urls":["https://www.gob.pe/institucion/mincetur/noticias/1307811-gobierno-aprueba-incluir-a-embarcaciones-de-uso-particular-dentro-del-regimen-aduanero-especial-para-turismo"],"extracted_at":"2026-08-26T12:14:33Z"}},{"type":"Feature","geometry":{"type":"Point","coordinates":[-77.7543398,-10.7879011]},"properties":{"id":"ac42b7a4-d3a5-4b1b-9f01-4c2b76ca589b","name":"Supe","city":"Puerto Supe","note":"Juridiction portuaire régionale.","mrgid":8432,"zone_name":"Peru","country_iso2":"PE","validated":true,"distance_km":0.8,"geocode_source":"nominatim","source_urls":["https://www.gob.pe/institucion/mincetur/noticias/1307811-gobierno-aprueba-incluir-a-embarcaciones-de-uso-particular-dentro-del-regimen-aduanero-especial-para-turismo"],"extracted_at":"2026-08-26T12:14:35Z"}},{"type":"Feature","geometry":{"type":"Point","coordinates":[-77.6103295,-11.108524]},"properties":{"id":"c42dd2c0-530f-4d84-839b-7af76d72c12f","name":"Huacho","city":"Huacho","note":"Juridiction portuaire régionale.","mrgid":8432,"zone_name":"Peru","country_iso2":"PE","validated":true,"distance_km":0.6,"geocode_source":"nominatim","source_urls":["https://www.gob.pe/institucion/mincetur/noticias/1307811-gobierno-aprueba-incluir-a-embarcaciones-de-uso-particular-dentro-del-regimen-aduanero-especial-para-turismo"],"extracted_at":"2026-08-26T12:14:37Z"}},{"type":"Feature","geometry":{"type":"Point","coordinates":[-77.2699958,-11.5627697]},"properties":{"id":"be1dbc63-ccd5-478c-9071-a546379cc6c0","name":"Chancay","city":"Chancay","note":"Installation portuaire de la côte centrale.","mrgid":8432,"zone_name":"Peru","country_iso2":"PE","validated":true,"distance_km":0.7,"geocode_source":"nominatim","source_urls":["https://www.gob.pe/institucion/mincetur/noticias/1307811-gobierno-aprueba-incluir-a-embarcaciones-de-uso-particular-dentro-del-regimen-aduanero-especial-para-turismo"],"extracted_at":"2026-08-26T12:14:40Z"}},{"type":"Feature","geometry":{"type":"Point","coordinates":[-77.1293891,-11.9489254]},"properties":{"id":"167ce133-8556-4e79-a3bc-ed9246fe90e6","name":"Callao","city":"Callao","note":"Port de plaisance principal (Yacht Club Peruano à La Punta et Ancón).","mrgid":8432,"zone_name":"Peru","country_iso2":"PE","validated":true,"distance_km":0.8,"geocode_source":"nominatim","source_urls":["https://www.gob.pe/institucion/mincetur/noticias/1307811-gobierno-aprueba-incluir-a-embarcaciones-de-uso-particular-dentro-del-regimen-aduanero-especial-para-turismo"],"extracted_at":"2026-08-26T12:14:42Z"}},{"type":"Feature","geometry":{"type":"Point","coordinates":[-76.2029793,-13.7099813]},"properties":{"id":"ad2d54ab-237f-43dc-af17-65d7076c7f8e","name":"Pisco","city":"Pisco","note":"Couvre la baie de Paracas et Puerto General San Martín.","mrgid":8432,"zone_name":"Peru","country_iso2":"PE","validated":true,"distance_km":0.9,"geocode_source":"nominatim","source_urls":["https://www.gob.pe/institucion/mincetur/noticias/1307811-gobierno-aprueba-incluir-a-embarcaciones-de-uso-particular-dentro-del-regimen-aduanero-especial-para-turismo"],"extracted_at":"2026-08-26T12:14:44Z"}},{"type":"Feature","geometry":{"type":"Point","coordinates":[-75.1671392,-15.3619687]},"properties":{"id":"fbcb9123-f764-49d3-ae99-407bb239cf85","name":"San Juan de Marcona","city":"Marcona","note":"Juridiction côtière sud.","mrgid":8432,"zone_name":"Peru","country_iso2":"PE","validated":true,"distance_km":2.0,"geocode_source":"nominatim","source_urls":["https://www.gob.pe/institucion/mincetur/noticias/1307811-gobierno-aprueba-incluir-a-embarcaciones-de-uso-particular-dentro-del-regimen-aduanero-especial-para-turismo"],"extracted_at":"2026-08-26T12:14:46Z"}},{"type":"Feature","geometry":{"type":"Point","coordinates":[-72.0627999,-17.0017002]},"properties":{"id":"1781dd77-5dc6-4963-a0c0-b32c63852b4b","name":"Mollendo / Matarani","city":"Matarani","note":"Port majeur en eau profonde du sud.","mrgid":8432,"zone_name":"Peru","country_iso2":"PE","validated":true,"distance_km":2.2,"geocode_source":"nominatim","source_urls":["https://www.gob.pe/institucion/mincetur/noticias/1307811-gobierno-aprueba-incluir-a-embarcaciones-de-uso-particular-dentro-del-regimen-aduanero-especial-para-turismo"],"extracted_at":"2026-08-26T12:14:48Z"}},{"type":"Feature","geometry":{"type":"Point","coordinates":[-71.3452005,-17.6458772]},"properties":{"id":"916dd1d5-5d60-49bf-83cc-6252ccf1055d","name":"Ilo","city":"Ilo","note":"Port de clearance principal le plus au sud.","mrgid":8432,"zone_name":"Peru","country_iso2":"PE","validated":true,"distance_km":0.2,"geocode_source":"nominatim","source_urls":["https://www.gob.pe/institucion/mincetur/noticias/1307811-gobierno-aprueba-incluir-a-embarcaciones-de-uso-particular-dentro-del-regimen-aduanero-especial-para-turismo"],"extracted_at":"2026-08-26T12:14:50Z"}},{"type":"Feature","geometry":{"type":"Point","coordinates":[143.210029,-9.069901]},"properties":{"id":"ccf21671-b7bd-42db-8cbf-53a70685368d","name":"Port of Daru","city":"Daru","note":"Port d'entrée officiel déclaré pour les formalités douanières.","mrgid":21798,"zone_name":"Papua New Guinea","country_iso2":"PG","validated":true,"distance_km":53.8,"geocode_source":"nominatim","source_urls":["https://iccc.gov.pg/wp-content/uploads/2023/08/ICCC-Coastal-Shipping-Review-Final-Report-2007.pdf"],"extracted_at":"2026-08-26T12:13:56Z"}},{"type":"Feature","geometry":{"type":"Point","coordinates":[-81.1052675,-5.0823314]},"properties":{"id":"216ea235-9bd9-48e3-84ef-d83399c7abf9","name":"Puerto de Paita","city":"Paita","note":"Port d'entrée officiel avec capitainerie (DICAPI), poste migratoire et douane SUNAT.","mrgid":48962,"zone_name":"Peru","country_iso2":"PE","validated":false,"distance_km":169.0,"geocode_source":"nominatim","source_urls":["https://www.gob.pe/institucion/mincetur/noticias/1307811-gobierno-aprueba-incluir-a-embarcaciones-de-uso-particular-dentro-del-regimen-aduanero-especial-para-turismo","https://wb2server.congreso.gob.pe/service-alfresco/alfresko/detalle/preview/file?idDocument=7c41ea7b-bbfb-44fa-af9a-4a847c646a57&key=47j6sp1KH2elP2IphiOp78e"],"extracted_at":"2026-08-26T12:15:26Z"}},{"type":"Feature","geometry":{"type":"Point","coordinates":[-80.5893249,-3.6366265]},"properties":{"id":"8d249773-7c42-4842-8d00-f9fd1881bea3","name":"Puerto de Zorritos","city":"Zorritos","note":"Port d'entrée officiel avec capitainerie (DICAPI) et contrôle migratoire.","mrgid":48962,"zone_name":"Peru","country_iso2":"PE","validated":true,"distance_km":26.9,"geocode_source":"nominatim","source_urls":["https://www.gob.pe/institucion/mincetur/noticias/1307811-gobierno-aprueba-incluir-a-embarcaciones-de-uso-particular-dentro-del-regimen-aduanero-especial-para-turismo","https://wb2server.congreso.gob.pe/service-alfresco/alfresko/detalle/preview/file?idDocument=7c41ea7b-bbfb-44fa-af9a-4a847c646a57&key=47j6sp1KH2elP2IphiOp78e"],"extracted_at":"2026-08-26T12:15:29Z"}},{"type":"Feature","geometry":{"type":"Point","coordinates":[120.9726848,14.5851657]},"properties":{"id":"28d73d73-1aad-4fb5-8947-83a52c75666f","name":"Port of Manila","city":"Manila","note":"South Harbor","mrgid":8322,"zone_name":"Philippines","country_iso2":"PH","validated":true,"distance_km":1.1,"geocode_source":"nominatim","source_urls":["https://marina.gov.ph/wp-content/uploads/2018/07/mc110.pdf"],"extracted_at":"2026-08-26T12:15:34Z"}},{"type":"Feature","geometry":{"type":"Point","coordinates":[120.2834936,14.8157249]},"properties":{"id":"2331b544-342f-46c4-a0b2-059e1c373580","name":"Port of Subic Bay","city":"Subic / Olongapo","note":"Subic Bay Freeport Zone","mrgid":8322,"zone_name":"Philippines","country_iso2":"PH","validated":true,"distance_km":0.0,"geocode_source":"nominatim","source_urls":["https://marina.gov.ph/wp-content/uploads/2018/07/mc110.pdf"],"extracted_at":"2026-08-26T12:15:36Z"}},{"type":"Feature","geometry":{"type":"Point","coordinates":[121.0460007,13.760743]},"properties":{"id":"f88e82a5-becc-4c82-af3c-002b74bd532a","name":"Port of Batangas","city":"Batangas City","note":null,"mrgid":8322,"zone_name":"Philippines","country_iso2":"PH","validated":true,"distance_km":0.2,"geocode_source":"nominatim","source_urls":["https://marina.gov.ph/wp-content/uploads/2018/07/mc110.pdf"],"extracted_at":"2026-08-26T12:15:38Z"}},{"type":"Feature","geometry":{"type":"Point","coordinates":[118.7281294,9.7425659]},"properties":{"id":"88c20074-db66-4276-9887-179a8ae918f5","name":"Port of Puerto Princesa","city":"Puerto Princesa","note":null,"mrgid":8322,"zone_name":"Philippines","country_iso2":"PH","validated":true,"distance_km":0.0,"geocode_source":"nominatim","source_urls":["https://marina.gov.ph/wp-content/uploads/2018/07/mc110.pdf"],"extracted_at":"2026-08-26T12:15:40Z"}},{"type":"Feature","geometry":{"type":"Point","coordinates":[123.9174564,10.3054355]},"properties":{"id":"d3bb3fbf-e62b-4bcb-9c15-30d5ba9d1870","name":"Port of Cebu","city":"Cebu City","note":null,"mrgid":8322,"zone_name":"Philippines","country_iso2":"PH","validated":true,"distance_km":0.0,"geocode_source":"nominatim","source_urls":["https://marina.gov.ph/wp-content/uploads/2018/07/mc110.pdf"],"extracted_at":"2026-08-26T12:15:42Z"}},{"type":"Feature","geometry":{"type":"Point","coordinates":[122.5826142,10.6901234]},"properties":{"id":"939c7f82-ff39-4496-bad7-0fdc75580e3c","name":"Port of Iloilo","city":"Iloilo City","note":null,"mrgid":8322,"zone_name":"Philippines","country_iso2":"PH","validated":true,"distance_km":0.0,"geocode_source":"nominatim","source_urls":["https://marina.gov.ph/wp-content/uploads/2018/07/mc110.pdf"],"extracted_at":"2026-08-26T12:15:44Z"}},{"type":"Feature","geometry":{"type":"Point","coordinates":[125.6627111,7.1265272]},"properties":{"id":"bda7d2c7-9b5f-4fc7-b1b5-a26e555d106f","name":"Port of Davao","city":"Davao City","note":null,"mrgid":8322,"zone_name":"Philippines","country_iso2":"PH","validated":true,"distance_km":0.0,"geocode_source":"nominatim","source_urls":["https://marina.gov.ph/wp-content/uploads/2018/07/mc110.pdf"],"extracted_at":"2026-08-26T12:15:46Z"}},{"type":"Feature","geometry":{"type":"Point","coordinates":[125.1588055,6.0948612]},"properties":{"id":"fb23daac-2a7e-4dad-a744-79423ec094b1","name":"Port of General Santos","city":"General Santos City","note":"Sous-port de Dadiangas","mrgid":8322,"zone_name":"Philippines","country_iso2":"PH","validated":true,"distance_km":0.2,"geocode_source":"nominatim","source_urls":["https://marina.gov.ph/wp-content/uploads/2018/07/mc110.pdf"],"extracted_at":"2026-08-26T12:15:47Z"}},{"type":"Feature","geometry":{"type":"Point","coordinates":[122.0727749,6.9031843]},"properties":{"id":"8572a5e5-85e9-4ee7-8fbe-a3fdd37b0e71","name":"Port of Zamboanga","city":"Zamboanga City","note":null,"mrgid":8322,"zone_name":"Philippines","country_iso2":"PH","validated":true,"distance_km":0.0,"geocode_source":"nominatim","source_urls":["https://marina.gov.ph/wp-content/uploads/2018/07/mc110.pdf"],"extracted_at":"2026-08-26T12:15:48Z"}},{"type":"Feature","geometry":{"type":"Point","coordinates":[124.6621902,8.4945316]},"properties":{"id":"ea11e945-4c07-4728-8ef9-f65d6c1138a7","name":"Port of Cagayan de Oro","city":"Cagayan de Oro","note":null,"mrgid":8322,"zone_name":"Philippines","country_iso2":"PH","validated":true,"distance_km":0.0,"geocode_source":"nominatim","source_urls":["https://marina.gov.ph/wp-content/uploads/2018/07/mc110.pdf"],"extracted_at":"2026-08-26T12:15:49Z"}},{"type":"Feature","geometry":{"type":"Point","coordinates":[125.5008433,9.7820839]},"properties":{"id":"9df5ecfb-4d83-4816-b88f-25d945408c88","name":"Port of Surigao","city":"Surigao City","note":null,"mrgid":8322,"zone_name":"Philippines","country_iso2":"PH","validated":true,"distance_km":0.0,"geocode_source":"nominatim","source_urls":["https://marina.gov.ph/wp-content/uploads/2018/07/mc110.pdf"],"extracted_at":"2026-08-26T12:15:50Z"}},{"type":"Feature","geometry":{"type":"Point","coordinates":[119.541176,11.3281301]},"properties":{"id":"f1d54c64-13a1-44c1-b12b-4d41e8a74366","name":"Port of San Fernando","city":"San Fernando","note":null,"mrgid":8322,"zone_name":"Philippines","country_iso2":"PH","validated":true,"distance_km":1.0,"geocode_source":"nominatim","source_urls":["https://marina.gov.ph/wp-content/uploads/2018/07/mc110.pdf"],"extracted_at":"2026-08-26T12:15:51Z"}},{"type":"Feature","geometry":{"type":"Point","coordinates":[122.1434054,18.462303]},"properties":{"id":"3a0d7528-eb3f-4595-a3b7-f848ecc6a603","name":"Port of Aparri / Port Irene","city":"Aparri / Santa Ana","note":null,"mrgid":8322,"zone_name":"Philippines","country_iso2":"PH","validated":true,"distance_km":0.3,"geocode_source":"nominatim","source_urls":["https://marina.gov.ph/wp-content/uploads/2018/07/mc110.pdf"],"extracted_at":"2026-08-26T12:15:56Z"}},{"type":"Feature","geometry":{"type":"Point","coordinates":[123.7538997,13.1652897]},"properties":{"id":"19141c15-6a9f-43f3-ad1a-f9aa2471cc5e","name":"Port of Legazpi","city":"Legazpi City","note":null,"mrgid":8322,"zone_name":"Philippines","country_iso2":"PH","validated":true,"distance_km":1.7,"geocode_source":"nominatim","source_urls":["https://marina.gov.ph/wp-content/uploads/2018/07/mc110.pdf"],"extracted_at":"2026-08-26T12:15:57Z"}},{"type":"Feature","geometry":{"type":"Point","coordinates":[-130.0959778,-25.0680086]},"properties":{"id":"4abfa244-9f2e-4920-b14b-8bafb9233f7c","name":"Bounty Bay","city":"Adamstown","note":"Unique point d'entrée officiel pour la plaisance. Formalités à l'arrivée (contact radio VHF 80).","mrgid":8439,"zone_name":"Pitcairn","country_iso2":"PN","validated":true,"distance_km":0.0,"geocode_source":"nominatim","source_urls":["https://www.government.pn/"],"extracted_at":"2026-08-26T12:16:27Z"}},{"type":"Feature","geometry":{"type":"Point","coordinates":[16.4038464,54.4291497]},"properties":{"id":"068c76e4-3af2-48de-9710-71de2012e462","name":"Darłowo","city":"Darłowo","note":"Trafic passagers et marchandises.","mrgid":5687,"zone_name":"Poland","country_iso2":"PL","validated":true,"distance_km":3.0,"geocode_source":"nominatim","source_urls":["https://granica.gov.pl/przejscia.php","https://eli.gov.pl/api/acts/DU/2023/518/text.html"],"extracted_at":"2026-08-26T12:17:01Z"}},{"type":"Feature","geometry":{"type":"Point","coordinates":[14.7469492,54.0247604]},"properties":{"id":"f7d397ef-bd60-4846-b357-505aa628d702","name":"Dziwnów","city":"Dziwnów","note":"Trafic passagers pour navires de sport et de plaisance.","mrgid":5687,"zone_name":"Poland","country_iso2":"PL","validated":true,"distance_km":0.0,"geocode_source":"nominatim","source_urls":["https://granica.gov.pl/przejscia.php","https://eli.gov.pl/api/acts/DU/2023/518/text.html"],"extracted_at":"2026-08-26T12:17:02Z"}},{"type":"Feature","geometry":{"type":"Point","coordinates":[19.387166,54.1752719]},"properties":{"id":"45a76919-d020-4b32-aa40-dac26a790617","name":"Elbląg","city":"Elbląg","note":"Trafic passagers et marchandises.","mrgid":5687,"zone_name":"Poland","country_iso2":"PL","validated":true,"distance_km":5.2,"geocode_source":"nominatim","source_urls":["https://granica.gov.pl/przejscia.php","https://eli.gov.pl/api/acts/DU/2023/518/text.html"],"extracted_at":"2026-08-26T12:17:03Z"}},{"type":"Feature","geometry":{"type":"Point","coordinates":[19.67613,54.3576262]},"properties":{"id":"9808b307-4ed3-48ac-9dc2-eb5deb405299","name":"Frombork","city":"Frombork","note":"Trafic passagers et marchandises.","mrgid":5687,"zone_name":"Poland","country_iso2":"PL","validated":true,"distance_km":0.5,"geocode_source":"nominatim","source_urls":["https://granica.gov.pl/przejscia.php","https://eli.gov.pl/api/acts/DU/2023/518/text.html"],"extracted_at":"2026-08-26T12:17:04Z"}},{"type":"Feature","geometry":{"type":"Point","coordinates":[18.798327,54.4288032]},"properties":{"id":"b4f8aa08-28a4-4442-ad89-0a49f3161d9b","name":"Gdańsk-Górki Zachodnie","city":"Gdańsk","note":"Trafic passagers pour navires de sport et de plaisance.","mrgid":5687,"zone_name":"Poland","country_iso2":"PL","validated":true,"distance_km":0.0,"geocode_source":"nominatim","source_urls":["https://granica.gov.pl/przejscia.php","https://eli.gov.pl/api/acts/DU/2023/518/text.html"],"extracted_at":"2026-08-26T12:17:08Z"}},{"type":"Feature","geometry":{"type":"Point","coordinates":[18.7100948,54.3205183]},"properties":{"id":"10303427-9d82-42d9-9fd4-2f1dcdac1f8c","name":"Gdańsk-Port","city":"Gdańsk","note":"Trafic passagers et marchandises.","mrgid":5687,"zone_name":"Poland","country_iso2":"PL","validated":true,"distance_km":3.5,"geocode_source":"nominatim","source_urls":["https://granica.gov.pl/przejscia.php","https://eli.gov.pl/api/acts/DU/2023/518/text.html"],"extracted_at":"2026-08-26T12:17:09Z"}},{"type":"Feature","geometry":{"type":"Point","coordinates":[18.5402738,54.5164982]},"properties":{"id":"52ede1f0-e69f-4978-90cf-df980afb6403","name":"Gdynia","city":"Gdynia","note":"Trafic passagers et marchandises.","mrgid":5687,"zone_name":"Poland","country_iso2":"PL","validated":true,"distance_km":2.0,"geocode_source":"nominatim","source_urls":["https://granica.gov.pl/przejscia.php","https://eli.gov.pl/api/acts/DU/2023/518/text.html"],"extracted_at":"2026-08-26T12:17:10Z"}},{"type":"Feature","geometry":{"type":"Point","coordinates":[18.8008848,54.6110402]},"properties":{"id":"6f9a06ba-d3b6-4826-9e15-9e0b2a4ccadc","name":"Hel","city":"Hel","note":"Trafic passagers et marchandises.","mrgid":5687,"zone_name":"Poland","country_iso2":"PL","validated":true,"distance_km":0.8,"geocode_source":"nominatim","source_urls":["https://granica.gov.pl/przejscia.php","https://eli.gov.pl/api/acts/DU/2023/518/text.html"],"extracted_at":"2026-08-26T12:17:11Z"}},{"type":"Feature","geometry":{"type":"Point","coordinates":[18.6766494,54.7016654]},"properties":{"id":"3d7c6331-07b7-415f-92d0-d79cf8ef72dc","name":"Jastarnia","city":"Jastarnia","note":"Trafic passagers pour navires de sport et de plaisance.","mrgid":5687,"zone_name":"Poland","country_iso2":"PL","validated":true,"distance_km":0.2,"geocode_source":"nominatim","source_urls":["https://granica.gov.pl/przejscia.php","https://eli.gov.pl/api/acts/DU/2023/518/text.html"],"extracted_at":"2026-08-26T12:17:12Z"}},{"type":"Feature","geometry":{"type":"Point","coordinates":[15.5765542,54.1760677]},"properties":{"id":"b90edcc4-fedc-43c7-a63a-e99fa7c544dc","name":"Kołobrzeg","city":"Kołobrzeg","note":"Trafic passagers et marchandises.","mrgid":5687,"zone_name":"Poland","country_iso2":"PL","validated":true,"distance_km":0.2,"geocode_source":"nominatim","source_urls":["https://granica.gov.pl/przejscia.php","https://eli.gov.pl/api/acts/DU/2023/518/text.html"],"extracted_at":"2026-08-26T12:17:13Z"}},{"type":"Feature","geometry":{"type":"Point","coordinates":[17.5313769,54.7604388]},"properties":{"id":"0d6b5191-d5d7-4847-8254-94002930bda0","name":"Łeba","city":"Łeba","note":"Trafic passagers pour navires de sport et de plaisance.","mrgid":5687,"zone_name":"Poland","country_iso2":"PL","validated":true,"distance_km":1.0,"geocode_source":"nominatim","source_urls":["https://granica.gov.pl/przejscia.php","https://eli.gov.pl/api/acts/DU/2023/518/text.html"],"extracted_at":"2026-08-26T12:17:14Z"}},{"type":"Feature","geometry":{"type":"Point","coordinates":[14.2856486,53.7231085]},"properties":{"id":"1d38dca6-8e45-454f-964c-a38b923a8098","name":"Nowe Warpno","city":"Nowe Warpno","note":"Trafic passagers.","mrgid":5687,"zone_name":"Poland","country_iso2":"PL","validated":true,"distance_km":0.0,"geocode_source":"nominatim","source_urls":["https://granica.gov.pl/przejscia.php","https://eli.gov.pl/api/acts/DU/2023/518/text.html"],"extracted_at":"2026-08-26T12:17:15Z"}},{"type":"Feature","geometry":{"type":"Point","coordinates":[14.5796189,53.3631686]},"properties":{"id":"0fc34d1c-163a-423a-af60-8a629263eebf","name":"Szczecin","city":"Szczecin","note":"Trafic passagers et marchandises.","mrgid":5687,"zone_name":"Poland","country_iso2":"PL","validated":true,"distance_km":0.0,"geocode_source":"nominatim","source_urls":["https://granica.gov.pl/przejscia.php","https://eli.gov.pl/api/acts/DU/2023/518/text.html"],"extracted_at":"2026-08-26T12:17:16Z"}},{"type":"Feature","geometry":{"type":"Point","coordinates":[14.2660228,53.9044446]},"properties":{"id":"dcabd0a7-60ec-4ec2-bbbc-bdb139034014","name":"Świnoujście","city":"Świnoujście","note":"Trafic passagers et marchandises.","mrgid":5687,"zone_name":"Poland","country_iso2":"PL","validated":true,"distance_km":0.0,"geocode_source":"nominatim","source_urls":["https://granica.gov.pl/przejscia.php","https://eli.gov.pl/api/acts/DU/2023/518/text.html"],"extracted_at":"2026-08-26T12:17:18Z"}},{"type":"Feature","geometry":{"type":"Point","coordinates":[16.8644149,54.5751305]},"properties":{"id":"8ca393ad-9cdc-4e9b-a7b0-21f556cb995b","name":"Ustka","city":"Ustka","note":"Trafic passagers et marchandises.","mrgid":5687,"zone_name":"Poland","country_iso2":"PL","validated":true,"distance_km":1.5,"geocode_source":"nominatim","source_urls":["https://granica.gov.pl/przejscia.php","https://eli.gov.pl/api/acts/DU/2023/518/text.html"],"extracted_at":"2026-08-26T12:17:19Z"}},{"type":"Feature","geometry":{"type":"Point","coordinates":[18.4019048,54.7934715]},"properties":{"id":"f527edcf-d2d6-4a42-83c9-fc44f7c0e40b","name":"Władysławowo","city":"Władysławowo","note":"Trafic passagers et marchandises.","mrgid":5687,"zone_name":"Poland","country_iso2":"PL","validated":true,"distance_km":1.5,"geocode_source":"nominatim","source_urls":["https://granica.gov.pl/przejscia.php","https://eli.gov.pl/api/acts/DU/2023/518/text.html"],"extracted_at":"2026-08-26T12:17:21Z"}},{"type":"Feature","geometry":{"type":"Point","coordinates":[-8.7410943,41.7039626]},"properties":{"id":"680daccc-293b-43b7-bf03-f3e014168395","name":"Porto de Viana do Castelo","city":"Viana do Castelo","note":"Poste frontière maritime PF 204","mrgid":5688,"zone_name":"Portugal","country_iso2":"PT","validated":true,"distance_km":0.0,"geocode_source":"nominatim","source_urls":["https://www.gov.pt/entidades/autoridade-tributaria-e-aduaneira"],"extracted_at":"2026-08-26T12:17:21Z"}},{"type":"Feature","geometry":{"type":"Point","coordinates":[-8.7599211,41.3814106]},"properties":{"id":"b7b7b926-866e-43a3-8785-6776150ca9f0","name":"Porto da Póvoa de Varzim","city":"Póvoa de Varzim","note":"Poste frontière maritime PF 222","mrgid":5688,"zone_name":"Portugal","country_iso2":"PT","validated":true,"distance_km":1.7,"geocode_source":"nominatim","source_urls":["https://www.gov.pt/entidades/autoridade-tributaria-e-aduaneira"],"extracted_at":"2026-08-26T12:17:22Z"}},{"type":"Feature","geometry":{"type":"Point","coordinates":[-8.6904104,41.1955788]},"properties":{"id":"a05862d7-63f7-4539-81f0-f0d858dde2c4","name":"Porto de Leixões / Marina Porto Atlântico","city":"Matosinhos / Leça da Palmeira (Porto)","note":"Poste frontière maritime PF 202","mrgid":5688,"zone_name":"Portugal","country_iso2":"PT","validated":true,"distance_km":2.6,"geocode_source":"nominatim","source_urls":["https://www.gov.pt/entidades/autoridade-tributaria-e-aduaneira"],"extracted_at":"2026-08-26T12:17:27Z"}},{"type":"Feature","geometry":{"type":"Point","coordinates":[-8.7307586,40.6329094]},"properties":{"id":"cb2cb89d-5556-49ce-8c90-c3cc6dee8c78","name":"Porto de Aveiro","city":"Gafanha da Nazaré / Ílhavo (Aveiro)","note":"Poste frontière maritime PF 207","mrgid":5688,"zone_name":"Portugal","country_iso2":"PT","validated":true,"distance_km":1.1,"geocode_source":"nominatim","source_urls":["https://www.gov.pt/entidades/autoridade-tributaria-e-aduaneira"],"extracted_at":"2026-08-26T12:17:28Z"}},{"type":"Feature","geometry":{"type":"Point","coordinates":[-8.8246195,40.1453279]},"properties":{"id":"d7b6e903-7547-47fb-8e6f-cd552bb36f85","name":"Porto da Figueira da Foz","city":"Figueira da Foz","note":"Poste frontière maritime PF 206","mrgid":5688,"zone_name":"Portugal","country_iso2":"PT","validated":true,"distance_km":0.1,"geocode_source":"nominatim","source_urls":["https://www.gov.pt/entidades/autoridade-tributaria-e-aduaneira"],"extracted_at":"2026-08-26T12:17:29Z"}},{"type":"Feature","geometry":{"type":"Point","coordinates":[-9.0765029,39.5838168]},"properties":{"id":"71de8dd2-cfb1-478f-87f0-78da14e08d49","name":"Porto da Nazaré","city":"Nazaré","note":"Poste frontière maritime PF 220","mrgid":5688,"zone_name":"Portugal","country_iso2":"PT","validated":true,"distance_km":0.0,"geocode_source":"nominatim","source_urls":["https://www.gov.pt/entidades/autoridade-tributaria-e-aduaneira"],"extracted_at":"2026-08-26T12:17:30Z"}},{"type":"Feature","geometry":{"type":"Point","coordinates":[-9.373935,39.3526172]},"properties":{"id":"4a2fb909-9098-4d4a-8b4b-0c30794f99bd","name":"Porto de Peniche","city":"Peniche","note":"Poste frontière maritime PF 218","mrgid":5688,"zone_name":"Portugal","country_iso2":"PT","validated":true,"distance_km":2.2,"geocode_source":"nominatim","source_urls":["https://www.gov.pt/entidades/autoridade-tributaria-e-aduaneira"],"extracted_at":"2026-08-26T12:17:31Z"}},{"type":"Feature","geometry":{"type":"Point","coordinates":[-9.4177002,38.6923068]},"properties":{"id":"1c48d8a4-f0b6-4799-a9ab-38b585f2727c","name":"Marina de Cascais","city":"Cascais","note":"Poste frontière maritime PF 227","mrgid":5688,"zone_name":"Portugal","country_iso2":"PT","validated":true,"distance_km":0.0,"geocode_source":"nominatim","source_urls":["https://www.gov.pt/entidades/autoridade-tributaria-e-aduaneira"],"extracted_at":"2026-08-26T12:17:32Z"}},{"type":"Feature","geometry":{"type":"Point","coordinates":[-9.1746951,38.7001174]},"properties":{"id":"17b6aa15-7e9e-49bc-bf67-0f33e665e48d","name":"Porto de Lisboa / Doca de Alcântara","city":"Lisbon (Lisboa)","note":"Poste frontière maritime PF 201","mrgid":5688,"zone_name":"Portugal","country_iso2":"PT","validated":true,"distance_km":0.0,"geocode_source":"nominatim","source_urls":["https://www.gov.pt/entidades/autoridade-tributaria-e-aduaneira"],"extracted_at":"2026-08-26T12:17:33Z"}},{"type":"Feature","geometry":{"type":"Point","coordinates":[-9.1136802,38.4410696]},"properties":{"id":"83ba9a29-ff16-4880-be3a-167bdb357c26","name":"Porto de Sesimbra","city":"Sesimbra","note":"Poste frontière maritime PF 228","mrgid":5688,"zone_name":"Portugal","country_iso2":"PT","validated":true,"distance_km":0.0,"geocode_source":"nominatim","source_urls":["https://www.gov.pt/entidades/autoridade-tributaria-e-aduaneira"],"extracted_at":"2026-08-26T12:17:34Z"}},{"type":"Feature","geometry":{"type":"Point","coordinates":[-8.8688677,38.514352]},"properties":{"id":"3ab0e6b3-21d9-46cd-9e4d-9269a1710a4d","name":"Porto de Setúbal","city":"Setúbal","note":"Poste frontière maritime PF 203","mrgid":5688,"zone_name":"Portugal","country_iso2":"PT","validated":true,"distance_km":0.5,"geocode_source":"nominatim","source_urls":["https://www.gov.pt/entidades/autoridade-tributaria-e-aduaneira"],"extracted_at":"2026-08-26T12:17:35Z"}},{"type":"Feature","geometry":{"type":"Point","coordinates":[-8.8417156,37.9403535]},"properties":{"id":"3bcaff99-e545-425e-98c2-16fc947f2453","name":"Porto de Sines","city":"Sines","note":"Poste frontière maritime PF 205","mrgid":5688,"zone_name":"Portugal","country_iso2":"PT","validated":true,"distance_km":1.0,"geocode_source":"nominatim","source_urls":["https://www.gov.pt/entidades/autoridade-tributaria-e-aduaneira"],"extracted_at":"2026-08-26T12:17:36Z"}},{"type":"Feature","geometry":{"type":"Point","coordinates":[-8.6748233,37.1098806]},"properties":{"id":"a66ce1f6-57da-4517-aa61-cce51bb8361a","name":"Marina de Lagos","city":"Lagos","note":"Poste frontière maritime PF 216","mrgid":5688,"zone_name":"Portugal","country_iso2":"PT","validated":true,"distance_km":3.1,"geocode_source":"nominatim","source_urls":["https://www.gov.pt/entidades/autoridade-tributaria-e-aduaneira"],"extracted_at":"2026-08-26T12:17:37Z"}},{"type":"Feature","geometry":{"type":"Point","coordinates":[-8.5333344,37.1306889]},"properties":{"id":"ef20ce40-ae94-404a-b867-b01670b88dbe","name":"Porto / Marina de Portimão","city":"Portimão","note":"Poste frontière maritime PF 215","mrgid":5688,"zone_name":"Portugal","country_iso2":"PT","validated":true,"distance_km":0.0,"geocode_source":"nominatim","source_urls":["https://www.gov.pt/entidades/autoridade-tributaria-e-aduaneira"],"extracted_at":"2026-08-26T12:17:39Z"}},{"type":"Feature","geometry":{"type":"Point","coordinates":[-8.1189431,37.0787125]},"properties":{"id":"c8666e05-6836-4443-bf30-3dd1b2797272","name":"Marina de Vilamoura","city":"Vilamoura / Quarteira (Loulé)","note":"Poste frontière maritime PF 214","mrgid":5688,"zone_name":"Portugal","country_iso2":"PT","validated":true,"distance_km":1.8,"geocode_source":"nominatim","source_urls":["https://www.gov.pt/entidades/autoridade-tributaria-e-aduaneira"],"extracted_at":"2026-08-26T12:17:40Z"}},{"type":"Feature","geometry":{"type":"Point","coordinates":[-7.8356426,37.0311693]},"properties":{"id":"7e7314ae-3bc8-443e-94b2-3a4649ead4b4","name":"Porto e Marina de Olhão / Faro","city":"Faro / Olhão","note":"Poste frontière maritime PF 217","mrgid":5688,"zone_name":"Portugal","country_iso2":"PT","validated":true,"distance_km":0.7,"geocode_source":"nominatim","source_urls":["https://www.gov.pt/entidades/autoridade-tributaria-e-aduaneira"],"extracted_at":"2026-08-26T12:17:43Z"}},{"type":"Feature","geometry":{"type":"Point","coordinates":[-8.6119737,41.1467704]},"properties":{"id":"9e4e644b-a04f-4ff7-81e8-aa32ba700a00","name":"Porto de Porto Santo","city":"Porto Santo (Porto Santo Island)","note":"Madère - Poste frontière maritime PF 223","mrgid":5688,"zone_name":"Portugal","country_iso2":"PT","validated":true,"distance_km":0.0,"geocode_source":"nominatim","source_urls":["https://www.gov.pt/entidades/autoridade-tributaria-e-aduaneira"],"extracted_at":"2026-08-26T12:18:02Z"}},{"type":"Feature","geometry":{"type":"Point","coordinates":[51.5081812,25.3108807]},"properties":{"id":"134cf67f-c331-4384-ad96-5628c779bc5a","name":"Old Doha Port (Mina District Marina)","city":"Doha","note":"Port d'entrée officiel dédié aux yachts et bateaux de plaisance étrangers via la plateforme Minakom.","mrgid":8468,"zone_name":"Qatar","country_iso2":"QA","validated":true,"distance_km":2.0,"geocode_source":"nominatim","source_urls":["https://portal.moi.gov.qa/wps/portal/MOIInternet/departmentcommittees/permanentmarine"],"extracted_at":"2026-08-26T12:20:03Z"}},{"type":"Feature","geometry":{"type":"Point","coordinates":[51.5081812,25.3108807]},"properties":{"id":"27d8036c-89e2-4a54-89f3-774b9a3d1f5a","name":"Old Doha Port (Mina Doha / Doha Port)","city":"Doha","note":"Port d'entrée principal pour la plaisance et les yachts, avec douanes et immigration permanentes.","mrgid":50170,"zone_name":"Qatar","country_iso2":"QA","validated":false,"distance_km":66.8,"geocode_source":"nominatim","source_urls":[],"extracted_at":"2026-08-26T12:20:05Z"}},{"type":"Feature","geometry":{"type":"Point","coordinates":[51.205436,26.1434043]},"properties":{"id":"67517cb8-5bee-4552-9747-c45eb3202db5","name":"Al Ruwais Port (Mina Al Ruwais)","city":"Al Ruwais / Madinat ash Shamal","note":"Port d'entrée nord avec contrôle frontalier et douane 24/7 pour navires régionaux et yachts.","mrgid":50170,"zone_name":"Qatar","country_iso2":"QA","validated":false,"distance_km":165.1,"geocode_source":"nominatim","source_urls":[],"extracted_at":"2026-08-26T12:20:08Z"}},{"type":"Feature","geometry":{"type":"Point","coordinates":[57.5028044,-20.1624522]},"properties":{"id":"2e1fb4df-7b3e-4201-af0b-dc45942d6203","name":"Customs Landing Steps, Port Louis","city":"Port Louis","note":"Seul port d'entrée officiel pour les yachts à l'arrivée pour toutes les formalités.","mrgid":8343,"zone_name":"Republic of Mauritius","country_iso2":"MU","validated":true,"distance_km":0.4,"geocode_source":"nominatim","source_urls":["https://www.mra.mu/customs1/more-topics/visiting-crafts/small-crafts"],"extracted_at":"2026-08-26T12:20:32Z"}},{"type":"Feature","geometry":{"type":"Point","coordinates":[11.8336035,-4.7934884]},"properties":{"id":"91ae3c1e-c9ba-43e1-a724-faafd2373e10","name":"Port Autonome de Pointe-Noire (PAPN)","city":"Pointe-Noire","note":"Seul port maritime d'entrée désigné avec services complets de douane, immigration et capitainerie","mrgid":8394,"zone_name":"Republic of the Congo","country_iso2":"CG","validated":true,"distance_km":0.0,"geocode_source":"nominatim","source_urls":[],"extracted_at":"2026-08-26T12:20:50Z"}},{"type":"Feature","geometry":{"type":"Point","coordinates":[28.6507598,44.1767161]},"properties":{"id":"05da4fa2-4083-422a-8f4a-3808a9029fd4","name":"Port of Constanța","city":"Constanța","note":"Port d'entrée maritime en mer Noire. Possibilité de rejoindre ensuite des marinas comme le Port Tomis.","mrgid":5689,"zone_name":"Romania","country_iso2":"RO","validated":true,"distance_km":0.9,"geocode_source":"nominatim","source_urls":["https://www.politiadefrontiera.ro/ro/pct-loc-215.html"],"extracted_at":"2026-08-26T12:20:56Z"}},{"type":"Feature","geometry":{"type":"Point","coordinates":[28.5830306,43.8150793]},"properties":{"id":"3588f392-c214-4eef-a1e1-93d97ddba871","name":"Port of Mangalia","city":"Mangalia","note":"Port d'entrée maritime en mer Noire pour Mangalia et les marinas voisines (ex. Marina Limanu).","mrgid":5689,"zone_name":"Romania","country_iso2":"RO","validated":true,"distance_km":0.4,"geocode_source":"nominatim","source_urls":["https://www.politiadefrontiera.ro/ro/pct-loc-215.html"],"extracted_at":"2026-08-26T12:21:00Z"}},{"type":"Feature","geometry":{"type":"Point","coordinates":[28.6260688,44.335902]},"properties":{"id":"7fe117c6-0e45-4201-8c49-0541308345fa","name":"Port of Midia","city":"Năvodari","note":"Port d'entrée maritime en mer Noire.","mrgid":5689,"zone_name":"Romania","country_iso2":"RO","validated":true,"distance_km":1.2,"geocode_source":"nominatim","source_urls":["https://www.politiadefrontiera.ro/ro/pct-loc-215.html"],"extracted_at":"2026-08-26T12:21:03Z"}},{"type":"Feature","geometry":{"type":"Point","coordinates":[28.653546,44.0982512]},"properties":{"id":"cd28ae50-2533-409c-b224-875c2fe01d38","name":"Port of Constanța Sud - Agigea","city":"Agigea","note":"Port d'entrée maritime officiel.","mrgid":5689,"zone_name":"Romania","country_iso2":"RO","validated":true,"distance_km":0.0,"geocode_source":"nominatim","source_urls":["https://www.politiadefrontiera.ro/ro/pct-loc-215.html"],"extracted_at":"2026-08-26T12:21:06Z"}},{"type":"Feature","geometry":{"type":"Point","coordinates":[29.655027,45.155824]},"properties":{"id":"0f2276f1-1c90-411d-ad36-c357ae049ac6","name":"Port of Sulina","city":"Sulina","note":"Port d'entrée à l'embouchure du Danube sur la mer Noire.","mrgid":5689,"zone_name":"Romania","country_iso2":"RO","validated":true,"distance_km":0.1,"geocode_source":"nominatim","source_urls":["https://www.politiadefrontiera.ro/ro/pct-loc-215.html"],"extracted_at":"2026-08-26T12:21:09Z"}},{"type":"Feature","geometry":{"type":"Point","coordinates":[28.8016348,45.177518]},"properties":{"id":"b56bdb2d-89b2-4521-a214-f3ea88d05e0e","name":"Port of Tulcea","city":"Tulcea","note":"Point de passage frontalier fluvial sur le Danube.","mrgid":5689,"zone_name":"Romania","country_iso2":"RO","validated":false,"distance_km":57.2,"geocode_source":"nominatim","source_urls":["https://www.politiadefrontiera.ro/ro/pct-loc-215.html"],"extracted_at":"2026-08-26T12:21:13Z"}},{"type":"Feature","geometry":{"type":"Point","coordinates":[28.0549395,45.4338215]},"properties":{"id":"6e763da7-eafe-4ae2-ab2f-730fc9ba6551","name":"Port of Galați (Portuar)","city":"Galați","note":"Point de passage frontalier fluvial sur le Danube.","mrgid":5689,"zone_name":"Romania","country_iso2":"RO","validated":false,"distance_km":136.0,"geocode_source":"nominatim","source_urls":["https://www.politiadefrontiera.ro/ro/pct-loc-215.html"],"extracted_at":"2026-08-26T12:21:19Z"}},{"type":"Feature","geometry":{"type":"Point","coordinates":[27.9742932,45.2716092]},"properties":{"id":"a757adb4-c295-404e-92cd-c9b2758e4dc2","name":"Port of Brăila","city":"Brăila","note":"Point de passage frontalier fluvial sur le Danube.","mrgid":5689,"zone_name":"Romania","country_iso2":"RO","validated":false,"distance_km":127.7,"geocode_source":"nominatim","source_urls":["https://www.politiadefrontiera.ro/ro/pct-loc-215.html"],"extracted_at":"2026-08-26T12:21:22Z"}},{"type":"Feature","geometry":{"type":"Point","coordinates":[28.4571456,45.2721887]},"properties":{"id":"8477e0d5-5f4a-46cd-ae11-756d55cbbe1a","name":"Port of Isaccea","city":"Isaccea","note":"Point de passage frontalier fluvial sur le Danube.","mrgid":5689,"zone_name":"Romania","country_iso2":"RO","validated":false,"distance_km":91.0,"geocode_source":"nominatim","source_urls":["https://www.politiadefrontiera.ro/ro/pct-loc-215.html"],"extracted_at":"2026-08-26T12:21:25Z"}},{"type":"Feature","geometry":{"type":"Point","coordinates":[28.0316248,44.3416349]},"properties":{"id":"2d21c90d-c29c-49a1-a502-fb8760f36c7d","name":"Port of Cernavodă","city":"Cernavodă","note":"Point de passage frontalier fluvial sur le Danube.","mrgid":5689,"zone_name":"Romania","country_iso2":"RO","validated":false,"distance_km":66.1,"geocode_source":"nominatim","source_urls":["https://www.politiadefrontiera.ro/ro/pct-loc-215.html"],"extracted_at":"2026-08-26T12:21:28Z"}},{"type":"Feature","geometry":{"type":"Point","coordinates":[30.1586551,59.9606739]},"properties":{"id":"cf132fb7-e5b5-46fd-854d-83d750eb5f8e","name":"Passenger Port of St. Petersburg (\"Marine Facade\")","city":"St. Petersburg","note":"Port d'entrée officiel pour le golfe de Finlande","mrgid":5690,"zone_name":"Russia","country_iso2":"RU","validated":true,"distance_km":0.0,"geocode_source":"nominatim","source_urls":[],"extracted_at":"2026-08-26T12:21:56Z"}},{"type":"Feature","geometry":{"type":"Point","coordinates":[30.1586551,59.9606739]},"properties":{"id":"3f0e5f48-e7b6-4825-9f6a-073c9eff5c43","name":"Big Port St. Petersburg","city":"St. Petersburg","note":"Port d'entrée désigné","mrgid":5690,"zone_name":"Russia","country_iso2":"RU","validated":true,"distance_km":0.0,"geocode_source":"nominatim","source_urls":[],"extracted_at":"2026-08-26T12:22:00Z"}},{"type":"Feature","geometry":{"type":"Point","coordinates":[29.7032689,59.9951935]},"properties":{"id":"4eb60a49-8c64-435b-a84f-1e77da1cbaf3","name":"Fort Konstantin (Kronstadt)","city":"Kronstadt","note":"Poste de contrôle saisonnier dédié aux petits bateaux et yachts","mrgid":5690,"zone_name":"Russia","country_iso2":"RU","validated":true,"distance_km":0.0,"geocode_source":"nominatim","source_urls":[],"extracted_at":"2026-08-26T12:22:01Z"}},{"type":"Feature","geometry":{"type":"Point","coordinates":[28.744051,60.709217]},"properties":{"id":"8d80502d-a479-42b9-873a-b45a4090c674","name":"Port of Vyborg","city":"Vyborg","note":"Port d'entrée et poste-frontière du canal de Saimaa (Brusnichnoye / écluse de Pälli)","mrgid":5690,"zone_name":"Russia","country_iso2":"RU","validated":true,"distance_km":0.6,"geocode_source":"nominatim","source_urls":[],"extracted_at":"2026-08-26T12:22:04Z"}},{"type":"Feature","geometry":{"type":"Point","coordinates":[28.5688339,60.6280319]},"properties":{"id":"14007269-f119-46c2-8c2a-82abec69e3de","name":"Vysotsk","city":"Vysotsk","note":"Port d'entrée maritime","mrgid":5690,"zone_name":"Russia","country_iso2":"RU","validated":true,"distance_km":0.2,"geocode_source":"nominatim","source_urls":[],"extracted_at":"2026-08-26T12:22:07Z"}},{"type":"Feature","geometry":{"type":"Point","coordinates":[19.9110754,54.6472092]},"properties":{"id":"ab4ec2fc-654c-4649-9726-0b376cf3d38e","name":"Baltiysk / Kaliningrad","city":"Baltiysk / Kaliningrad","note":"Poste de contrôle à l'entrée du canal maritime de Kaliningrad","mrgid":5690,"zone_name":"Russia","country_iso2":"RU","validated":true,"distance_km":0.3,"geocode_source":"nominatim","source_urls":[],"extracted_at":"2026-08-26T12:22:08Z"}},{"type":"Feature","geometry":{"type":"Point","coordinates":[39.7167522,43.5804093]},"properties":{"id":"b766d055-24c0-4910-ad6e-931a8a203fe7","name":"Port of Sochi / Sochi Grand Marina","city":"Sochi","note":"Point principal de réception et de dédouanement des yachts sur la mer Noire","mrgid":5690,"zone_name":"Russia","country_iso2":"RU","validated":true,"distance_km":0.0,"geocode_source":"nominatim","source_urls":[],"extracted_at":"2026-08-26T12:22:11Z"}},{"type":"Feature","geometry":{"type":"Point","coordinates":[37.8408407,44.6838594]},"properties":{"id":"4e1cf9af-d4a6-4a08-bf84-ae514c6c95a2","name":"Novorossiysk","city":"Novorossiysk","note":"Port d'entrée en mer Noire","mrgid":5690,"zone_name":"Russia","country_iso2":"RU","validated":true,"distance_km":0.0,"geocode_source":"nominatim","source_urls":[],"extracted_at":"2026-08-26T12:22:12Z"}},{"type":"Feature","geometry":{"type":"Point","coordinates":[39.146848,44.1423593]},"properties":{"id":"fe142bfc-eb65-41ef-adea-a7f83d35c433","name":"Tuapse","city":"Tuapse","note":"Port d'entrée en mer Noire","mrgid":5690,"zone_name":"Russia","country_iso2":"RU","validated":true,"distance_km":8.4,"geocode_source":"nominatim","source_urls":[],"extracted_at":"2026-08-26T12:22:13Z"}},{"type":"Feature","geometry":{"type":"Point","coordinates":[38.0810736,44.562358]},"properties":{"id":"5ec8b416-a42e-4ddf-91e0-63a2d9464449","name":"Gelendzhik","city":"Gelendzhik","note":"Port d'entrée en mer Noire","mrgid":5690,"zone_name":"Russia","country_iso2":"RU","validated":true,"distance_km":0.3,"geocode_source":"nominatim","source_urls":[],"extracted_at":"2026-08-26T12:22:14Z"}},{"type":"Feature","geometry":{"type":"Point","coordinates":[37.316887,44.894272]},"properties":{"id":"e71853b6-605c-4203-9a68-de37794c0ea0","name":"Anapa","city":"Anapa","note":"Port d'entrée en mer Noire","mrgid":5690,"zone_name":"Russia","country_iso2":"RU","validated":true,"distance_km":1.6,"geocode_source":"nominatim","source_urls":[],"extracted_at":"2026-08-26T12:22:15Z"}},{"type":"Feature","geometry":{"type":"Point","coordinates":[38.9287313,47.2162246]},"properties":{"id":"c4f3fdca-dba1-49f3-b5f0-9430c2851194","name":"Taganrog","city":"Taganrog","note":"Port d'entrée en mer d'Azov","mrgid":5690,"zone_name":"Russia","country_iso2":"RU","validated":true,"distance_km":2.4,"geocode_source":"nominatim","source_urls":[],"extracted_at":"2026-08-26T12:22:17Z"}},{"type":"Feature","geometry":{"type":"Point","coordinates":[33.07497,68.970665]},"properties":{"id":"7cd5b099-3386-465b-bbe5-4d070f70e3b2","name":"Murmansk","city":"Murmansk","note":"Port d'entrée en mer de Barents / bassin Arctique","mrgid":5690,"zone_name":"Russia","country_iso2":"RU","validated":true,"distance_km":2.3,"geocode_source":"nominatim","source_urls":[],"extracted_at":"2026-08-26T12:22:25Z"}},{"type":"Feature","geometry":{"type":"Point","coordinates":[40.5286774,64.5410251]},"properties":{"id":"edb67261-d0f2-4285-a60b-f31ad7e5b07f","name":"Arkhangelsk","city":"Arkhangelsk","note":"Port d'entrée en mer Blanche","mrgid":5690,"zone_name":"Russia","country_iso2":"RU","validated":true,"distance_km":0.9,"geocode_source":"nominatim","source_urls":[],"extracted_at":"2026-08-26T12:22:27Z"}},{"type":"Feature","geometry":{"type":"Point","coordinates":[177.5060925,64.7316875]},"properties":{"id":"be8f92d3-2a0c-4bb0-b712-2aa84f536975","name":"Anadyr","city":"Anadyr","note":"Port d'entrée dans le bassin Arctique","mrgid":5690,"zone_name":"Russia","country_iso2":"RU","validated":true,"distance_km":0.2,"geocode_source":"nominatim","source_urls":[],"extracted_at":"2026-08-26T12:22:29Z"}},{"type":"Feature","geometry":{"type":"Point","coordinates":[131.8855768,43.1150678]},"properties":{"id":"2c94453a-3564-402e-a35c-9ea0bb7e71bc","name":"Vladivostok","city":"Vladivostok","note":"Port d'entrée dans le Pacifique / Extrême-Orient","mrgid":5690,"zone_name":"Russia","country_iso2":"RU","validated":true,"distance_km":0.3,"geocode_source":"nominatim","source_urls":[],"extracted_at":"2026-08-26T12:22:30Z"}},{"type":"Feature","geometry":{"type":"Point","coordinates":[132.9606716,42.8469903]},"properties":{"id":"e4135878-cef1-433a-ac48-99bfb0b5a59a","name":"Nakhodka","city":"Nakhodka","note":"Port d'entrée dans le Pacifique / Extrême-Orient","mrgid":5690,"zone_name":"Russia","country_iso2":"RU","validated":true,"distance_km":1.3,"geocode_source":"nominatim","source_urls":[],"extracted_at":"2026-08-26T12:22:31Z"}},{"type":"Feature","geometry":{"type":"Point","coordinates":[158.6428015,53.027194]},"properties":{"id":"8214de88-b7b8-4d7a-95c7-1bd21fa15ac4","name":"Petropavlovsk-Kamchatsky","city":"Petropavlovsk-Kamchatsky","note":"Port d'entrée dans le Pacifique / Extrême-Orient","mrgid":5690,"zone_name":"Russia","country_iso2":"RU","validated":true,"distance_km":0.4,"geocode_source":"nominatim","source_urls":[],"extracted_at":"2026-08-26T12:22:32Z"}},{"type":"Feature","geometry":{"type":"Point","coordinates":[142.7742834,46.6389226]},"properties":{"id":"cd58cffc-c87b-4615-8ce2-26650be43714","name":"Korsakov","city":"Korsakov","note":"Port d'entrée à Sakhaline","mrgid":5690,"zone_name":"Russia","country_iso2":"RU","validated":true,"distance_km":1.4,"geocode_source":"nominatim","source_urls":[],"extracted_at":"2026-08-26T12:22:33Z"}},{"type":"Feature","geometry":{"type":"Point","coordinates":[142.0589676,47.1040209]},"properties":{"id":"aec35ea4-fb83-4129-b94b-37b6f4df54dc","name":"Kholmsk","city":"Kholmsk","note":"Port d'entrée à Sakhaline","mrgid":5690,"zone_name":"Russia","country_iso2":"RU","validated":true,"distance_km":0.0,"geocode_source":"nominatim","source_urls":[],"extracted_at":"2026-08-26T12:22:34Z"}},{"type":"Feature","geometry":{"type":"Point","coordinates":[150.8078832,59.5645655]},"properties":{"id":"9fd0ccfc-314b-4e1c-946f-ac8bd559422b","name":"Magadan","city":"Magadan","note":"Port d'entrée dans le Pacifique / Extrême-Orient","mrgid":5690,"zone_name":"Russia","country_iso2":"RU","validated":true,"distance_km":4.0,"geocode_source":"nominatim","source_urls":[],"extracted_at":"2026-08-26T12:22:35Z"}},{"type":"Feature","geometry":{"type":"Point","coordinates":[-5.7186776,-15.9233608]},"properties":{"id":"29c0d8bf-1aae-4c53-8685-0618648777ee","name":"James Bay","city":"Jamestown","note":"Zone de mouillage officielle pour les yachts de plaisance.","mrgid":8380,"zone_name":"Saint Helena","country_iso2":"SH","validated":true,"distance_km":0.3,"geocode_source":"nominatim","source_urls":["https://www.sainthelena.gov.sh/st-helena/government/portfolios/safety-security-and-home-affairs/port-control/"],"extracted_at":"2026-08-26T12:23:03Z"}},{"type":"Feature","geometry":{"type":"Point","coordinates":[-5.7126153,-15.9170874]},"properties":{"id":"f4cb1cdc-e969-4152-ad5c-8e8fffdc6136","name":"Rupert's Bay","city":null,"note":"Formalités de clearance (douane, immigration, Port Control) à Seaport House.","mrgid":8380,"zone_name":"Saint Helena","country_iso2":"SH","validated":true,"distance_km":0.4,"geocode_source":"nominatim","source_urls":["https://www.sainthelena.gov.sh/st-helena/government/portfolios/safety-security-and-home-affairs/port-control/"],"extracted_at":"2026-08-26T12:23:04Z"}},{"type":"Feature","geometry":{"type":"Point","coordinates":[-62.7246007,17.2925949]},"properties":{"id":"be435370-311d-4be6-b5c3-b72a19aeb70c","name":"Port Zante Marina","city":"Basseterre","note":"Port d'entrée principal pour la plaisance à Saint-Kitts avec douane et immigration sur place.","mrgid":8413,"zone_name":"Saint Kitts and Nevis","country_iso2":"KN","validated":true,"distance_km":0.8,"geocode_source":"nominatim","source_urls":["https://www.sknis.gov.kn/2021/02/11/immigration-officers-sport-new-uniforms-as-department-moulds-its-identity/"],"extracted_at":"2026-08-26T12:23:13Z"}},{"type":"Feature","geometry":{"type":"Point","coordinates":[-62.6567813,17.2451375]},"properties":{"id":"3b0e372f-ac80-4d85-8c14-9b4d8481dcaa","name":"Christophe Harbour","city":"South East Peninsula","note":"Marina pour yachts et port d'entrée officiel avec services des douanes et de l'immigration.","mrgid":8413,"zone_name":"Saint Kitts and Nevis","country_iso2":"KN","validated":true,"distance_km":1.6,"geocode_source":"nominatim","source_urls":["https://www.sknis.gov.kn/2021/02/11/immigration-officers-sport-new-uniforms-as-department-moulds-its-identity/"],"extracted_at":"2026-08-26T12:23:14Z"}},{"type":"Feature","geometry":{"type":"Point","coordinates":[-62.6304273,17.1388286]},"properties":{"id":"c566eaa0-2787-4bf4-ba64-e1f41fa06808","name":"Charlestown Pier","city":"Charlestown","note":"Port d'entrée principal pour les navires de plaisance à Niévès (douane et immigration).","mrgid":8413,"zone_name":"Saint Kitts and Nevis","country_iso2":"KN","validated":true,"distance_km":0.0,"geocode_source":"nominatim","source_urls":["https://www.sknis.gov.kn/2021/02/11/immigration-officers-sport-new-uniforms-as-department-moulds-its-identity/"],"extracted_at":"2026-08-26T12:23:16Z"}},{"type":"Feature","geometry":{"type":"Point","coordinates":[-62.6224629,17.1091037]},"properties":{"id":"999cc983-267b-4d92-9f7a-a314454d1d9c","name":"Long Point Port","city":"Long Point","note":"Port en eau profonde avec présence permanente des douanes et de l'immigration à Niévès.","mrgid":8413,"zone_name":"Saint Kitts and Nevis","country_iso2":"KN","validated":true,"distance_km":0.0,"geocode_source":"nominatim","source_urls":["https://www.sknis.gov.kn/2021/02/11/immigration-officers-sport-new-uniforms-as-department-moulds-its-identity/"],"extracted_at":"2026-08-26T12:23:19Z"}},{"type":"Feature","geometry":{"type":"Point","coordinates":[-61.2237657,13.1491271]},"properties":{"id":"8f804312-f1bd-401d-b13c-6b1e2958ac1c","name":"Kingstown","city":"Kingstown","note":"Bureau principal des douanes à Saint-Vincent.","mrgid":8421,"zone_name":"Saint Vincent and the Grenadines","country_iso2":"VC","validated":true,"distance_km":0.0,"geocode_source":"nominatim","source_urls":["https://customs.gov.vc/contact","https://finance.gov.vc/finance/images/PDF/budgetaddress/budget_address_and_econ_review_combine_2017-11.pdf","https://tourism.gov.vc/tourism/index.php/clearance-procedures"],"extracted_at":"2026-08-26T12:23:38Z"}},{"type":"Feature","geometry":{"type":"Point","coordinates":[-61.2352537,13.0115445]},"properties":{"id":"49de2402-435e-4bd3-b002-284c8486c5e0","name":"Port Elizabeth","city":"Bequia","note":"Poste de douane maritime (seaport) sur l'île de Bequia.","mrgid":8421,"zone_name":"Saint Vincent and the Grenadines","country_iso2":"VC","validated":true,"distance_km":1.3,"geocode_source":"nominatim","source_urls":["https://customs.gov.vc/contact","https://finance.gov.vc/finance/images/PDF/budgetaddress/budget_address_and_econ_review_combine_2017-11.pdf","https://tourism.gov.vc/tourism/index.php/clearance-procedures"],"extracted_at":"2026-08-26T12:23:39Z"}},{"type":"Feature","geometry":{"type":"Point","coordinates":[-61.1828409,12.8760094]},"properties":{"id":"b3bf15be-ded3-4d8a-a132-9474d284913d","name":"Mustique","city":"Mustique","note":"Poste maritime. Les navires transportant plus de 25 personnes sont interdits.","mrgid":8421,"zone_name":"Saint Vincent and the Grenadines","country_iso2":"VC","validated":true,"distance_km":0.6,"geocode_source":"nominatim","source_urls":["https://customs.gov.vc/contact","https://finance.gov.vc/finance/images/PDF/budgetaddress/budget_address_and_econ_review_combine_2017-11.pdf","https://tourism.gov.vc/tourism/index.php/clearance-procedures"],"extracted_at":"2026-08-26T12:23:42Z"}},{"type":"Feature","geometry":{"type":"Point","coordinates":[-61.3267997,12.7021157]},"properties":{"id":"e3773f13-239a-4f69-9b06-0eb8bfea3148","name":"Canouan","city":"Canouan","note":"Poste de douane maritime (seaport) sur l'île de Canouan.","mrgid":8421,"zone_name":"Saint Vincent and the Grenadines","country_iso2":"VC","validated":true,"distance_km":0.0,"geocode_source":"nominatim","source_urls":["https://customs.gov.vc/contact","https://finance.gov.vc/finance/images/PDF/budgetaddress/budget_address_and_econ_review_combine_2017-11.pdf","https://tourism.gov.vc/tourism/index.php/clearance-procedures"],"extracted_at":"2026-08-26T12:23:44Z"}},{"type":"Feature","geometry":{"type":"Point","coordinates":[-61.4335378,12.5972425]},"properties":{"id":"1e0c9173-f0de-46e4-8123-ac69fc4394aa","name":"Union Island","city":"Union Island","note":"Poste de douane maritime (seaport) sur l'île d'Union Island.","mrgid":8421,"zone_name":"Saint Vincent and the Grenadines","country_iso2":"VC","validated":true,"distance_km":0.2,"geocode_source":"nominatim","source_urls":["https://customs.gov.vc/contact","https://finance.gov.vc/finance/images/PDF/budgetaddress/budget_address_and_econ_review_combine_2017-11.pdf","https://tourism.gov.vc/tourism/index.php/clearance-procedures"],"extracted_at":"2026-08-26T12:23:48Z"}},{"type":"Feature","geometry":{"type":"Point","coordinates":[-60.9482688,14.0754093]},"properties":{"id":"7cdfdf5f-44a5-4587-9a5b-b905894ad744","name":"Rodney Bay Marina","city":"Gros Islet","note":"Hub principal d'entrée et de dédouanement pour yachts et méga-yachts.","mrgid":8416,"zone_name":"Saint Lucia","country_iso2":"LC","validated":true,"distance_km":1.6,"geocode_source":"nominatim","source_urls":[],"extracted_at":"2026-08-26T12:23:43Z"}},{"type":"Feature","geometry":{"type":"Point","coordinates":[-61.0259824,13.9657467]},"properties":{"id":"cd39f4dc-bca5-42a3-8133-2380fbbccefa","name":"Marigot Bay Marina","city":"Marigot","note":"Port d'entrée de plaisance avec installations de douane et de contrôle frontalier.","mrgid":8416,"zone_name":"Saint Lucia","country_iso2":"LC","validated":true,"distance_km":0.0,"geocode_source":"nominatim","source_urls":[],"extracted_at":"2026-08-26T12:23:45Z"}},{"type":"Feature","geometry":{"type":"Point","coordinates":[-61.0238291,13.8522266]},"properties":{"id":"9ec59d9f-b24e-4d64-8cdc-ca4f496cb181","name":"Port Soufrière / Soufrière Bay","city":"Soufrière","note":"Port d'entrée désigné pour les navires de plaisance desservant les Pitons et la SMMA.","mrgid":8416,"zone_name":"Saint Lucia","country_iso2":"LC","validated":true,"distance_km":6.0,"geocode_source":"nominatim","source_urls":[],"extracted_at":"2026-08-26T12:23:50Z"}},{"type":"Feature","geometry":{"type":"Point","coordinates":[-60.999485,14.0146414]},"properties":{"id":"b873e22d-2362-43f1-af52-0501e6b09d36","name":"Port Castries","city":"Castries","note":"Port principal avec infrastructure complète des agences frontalières.","mrgid":8416,"zone_name":"Saint Lucia","country_iso2":"LC","validated":true,"distance_km":0.0,"geocode_source":"nominatim","source_urls":[],"extracted_at":"2026-08-26T12:23:52Z"}},{"type":"Feature","geometry":{"type":"Point","coordinates":[-60.9521255,13.7223583]},"properties":{"id":"01aaff9a-5e81-4ee0-b143-899c71b7622b","name":"Port Vieux Fort","city":"Vieux Fort","note":"Port maritime majeur sur la côte sud équipé de postes de douane.","mrgid":8416,"zone_name":"Saint Lucia","country_iso2":"LC","validated":true,"distance_km":1.0,"geocode_source":"nominatim","source_urls":[],"extracted_at":"2026-08-26T12:23:53Z"}},{"type":"Feature","geometry":{"type":"Point","coordinates":[6.7313031,0.3389242]},"properties":{"id":"5cf24c1f-0dbf-4fa0-826d-11171e2b1049","name":"Porto de São Tomé (Baía de Ana Chaves)","city":"São Tomé","note":"Port d'entrée principal du pays (douanes, capitainerie et immigration centralisées).","mrgid":8397,"zone_name":"Sao Tome and Principe","country_iso2":"ST","validated":true,"distance_km":1.1,"geocode_source":"nominatim","source_urls":["https://stp.gov.st/ministerios_detail?id=sqyivowlh1xghotej425vtre"],"extracted_at":"2026-08-26T12:24:54Z"}},{"type":"Feature","geometry":{"type":"Point","coordinates":[7.405495,1.624747]},"properties":{"id":"a42baa8b-b2a9-47ea-b6c0-2579d45323ca","name":"Porto de Santo António (Baía de Santo António)","city":"Santo António","note":"Port d'entrée officiel pour l'île de Principe.","mrgid":8397,"zone_name":"Sao Tome and Principe","country_iso2":"ST","validated":true,"distance_km":2.6,"geocode_source":"nominatim","source_urls":["https://stp.gov.st/ministerios_detail?id=sqyivowlh1xghotej425vtre"],"extracted_at":"2026-08-26T12:24:56Z"}},{"type":"Feature","geometry":{"type":"Point","coordinates":[-171.7630955,-13.8345235]},"properties":{"id":"f0f25a10-3911-490d-a4eb-f44f6a999f85","name":"Apia Wharf (Matautu Port)","city":"Apia","note":"Point d'entrée maritime officiel désigné pour les arrivées internationales.","mrgid":8445,"zone_name":"Samoa","country_iso2":"WS","validated":true,"distance_km":0.3,"geocode_source":"nominatim","source_urls":["https://www.sbs.gov.ws/documents/social/International_Arrival_Statistics/2026/International_Arrival_Stats-May-2026.pdf","https://www.mcil.gov.ws/sites/default/files/documents/2026-07/samoa-investment-guide-2026.pdf","https://maf.gov.ws/biosecurity/"],"extracted_at":"2026-08-26T12:25:09Z"}},{"type":"Feature","geometry":{"type":"Point","coordinates":[39.1015469,21.6529588]},"properties":{"id":"a79dc060-b13b-4d4b-a48d-9ec33220079b","name":"Jeddah Yacht Club & Marina (JYC)","city":"Jeddah","note":"Marina d'entrée dédiée aux yachts avec postes de douane (ZATCA) et d'immigration sur place.","mrgid":8356,"zone_name":"Saudi Arabia","country_iso2":"SA","validated":true,"distance_km":0.9,"geocode_source":"nominatim","source_urls":["https://oldsfda.sfda.gov.sa/en/nnjzha","https://zatca.gov.sa/ar/ContactUs/Pages/geo-branches.aspx"],"extracted_at":"2026-08-26T12:25:24Z"}},{"type":"Feature","geometry":{"type":"Point","coordinates":[39.558056,23.198611]},"properties":{"id":"a326077b-c9b0-47f0-bc26-253a0532aeea","name":"Dhiba Port","city":"Duba","note":"Port d'entrée et de dédouanement pour le nord de la mer Rouge et la région de NEOM.","mrgid":8356,"zone_name":"Saudi Arabia","country_iso2":"SA","validated":false,"distance_km":74.8,"geocode_source":"nominatim","source_urls":["https://oldsfda.sfda.gov.sa/en/nnjzha","https://zatca.gov.sa/ar/ContactUs/Pages/geo-branches.aspx"],"extracted_at":"2026-08-26T12:25:27Z"}},{"type":"Feature","geometry":{"type":"Point","coordinates":[38.0659117,24.0802586]},"properties":{"id":"f2b72903-024f-452b-862a-91e71acc47ca","name":"Yanbu Commercial Port","city":"Yanbu","note":"Port de clearance principal pour la côte centre-nord de la mer Rouge.","mrgid":8356,"zone_name":"Saudi Arabia","country_iso2":"SA","validated":true,"distance_km":0.7,"geocode_source":"nominatim","source_urls":["https://oldsfda.sfda.gov.sa/en/nnjzha","https://zatca.gov.sa/ar/ContactUs/Pages/geo-branches.aspx"],"extracted_at":"2026-08-26T12:25:28Z"}},{"type":"Feature","geometry":{"type":"Point","coordinates":[39.1679807,21.4692348]},"properties":{"id":"f9f35c1f-4c26-4f2e-81fa-71ed49bf004c","name":"Jeddah Islamic Port","city":"Jeddah","note":"Port maritime principal et point de contrôle douanier dans l'ouest du pays.","mrgid":8356,"zone_name":"Saudi Arabia","country_iso2":"SA","validated":true,"distance_km":1.5,"geocode_source":"nominatim","source_urls":["https://oldsfda.sfda.gov.sa/en/nnjzha","https://zatca.gov.sa/ar/ContactUs/Pages/geo-branches.aspx"],"extracted_at":"2026-08-26T12:25:29Z"}},{"type":"Feature","geometry":{"type":"Point","coordinates":[42.5374196,16.8906973]},"properties":{"id":"e52761a6-b753-41be-adbf-3dc454bcc815","name":"Jazan Port","city":"Jazan","note":"Port d'entrée pour le sud de la mer Rouge et les îles Farasan.","mrgid":8356,"zone_name":"Saudi Arabia","country_iso2":"SA","validated":true,"distance_km":0.9,"geocode_source":"nominatim","source_urls":["https://oldsfda.sfda.gov.sa/en/nnjzha","https://zatca.gov.sa/ar/ContactUs/Pages/geo-branches.aspx"],"extracted_at":"2026-08-26T12:25:30Z"}},{"type":"Feature","geometry":{"type":"Point","coordinates":[50.2031843,26.5112268]},"properties":{"id":"397d2426-81d4-4c31-aa9a-635a2969b6dd","name":"King Abdulaziz Port","city":"Dammam","note":"Port d'entrée maritime désigné pour les navires arrivant par le golfe Persique.","mrgid":8356,"zone_name":"Saudi Arabia","country_iso2":"SA","validated":true,"distance_km":0.0,"geocode_source":"nominatim","source_urls":["https://oldsfda.sfda.gov.sa/en/nnjzha","https://zatca.gov.sa/ar/ContactUs/Pages/geo-branches.aspx"],"extracted_at":"2026-08-26T12:25:32Z"}},{"type":"Feature","geometry":{"type":"Point","coordinates":[-17.4269192,14.6720332]},"properties":{"id":"613ef7ac-6dcf-4ee2-bf5f-b421b30bc820","name":"Port of Dakar","city":"Dakar","note":"Port d'entrée principal au Sénégal (Capitainerie du PAD, Douanes, PAF).","mrgid":8371,"zone_name":"Senegal","country_iso2":"SN","validated":true,"distance_km":0.0,"geocode_source":"nominatim","source_urls":[],"extracted_at":"2026-08-26T12:25:54Z"}},{"type":"Feature","geometry":{"type":"Point","coordinates":[-16.5048686,16.0280445]},"properties":{"id":"6e42a044-27b2-488c-877a-4b3a858a5a41","name":"Port of Saint-Louis","city":"Saint-Louis","note":"Port d'entrée nord sur l'estuaire du fleuve Sénégal.","mrgid":8371,"zone_name":"Senegal","country_iso2":"SN","validated":true,"distance_km":0.0,"geocode_source":"nominatim","source_urls":[],"extracted_at":"2026-08-26T12:26:10Z"}},{"type":"Feature","geometry":{"type":"Point","coordinates":[-17.4269192,14.6720332]},"properties":{"id":"2caefef1-3b34-4611-b1d4-5e2d08b81503","name":"Port of Dakar","city":"Dakar","note":"Port d'entrée international principal pour le Sénégal.","mrgid":48964,"zone_name":"Senegal","country_iso2":"SN","validated":false,"distance_km":261.3,"geocode_source":"nominatim","source_urls":[],"extracted_at":"2026-08-26T12:26:23Z"}},{"type":"Feature","geometry":{"type":"Point","coordinates":[-16.2626748,12.5865731]},"properties":{"id":"27b9413f-10ef-4760-8ff3-58e2e5bd501f","name":"Port of Ziguinchor","city":"Ziguinchor","note":"Port d'entrée principal au sud pour naviguer sur le fleuve Casamance.","mrgid":48964,"zone_name":"Senegal","country_iso2":"SN","validated":false,"distance_km":82.6,"geocode_source":"nominatim","source_urls":[],"extracted_at":"2026-08-26T12:26:25Z"}},{"type":"Feature","geometry":{"type":"Point","coordinates":[55.4544594,-4.6263519]},"properties":{"id":"41fafdca-84e8-4246-a41d-8335e8722f6e","name":"Port Victoria","city":"Victoria","note":"Port d'entrée obligatoire pour les formalités de douane, immigration et santé à l'arrivée.","mrgid":8337,"zone_name":"Seychelles","country_iso2":"SC","validated":true,"distance_km":0.2,"geocode_source":"nominatim","source_urls":["https://www.ics.gov.sc/visa-and-travel/visiting-yacht"],"extracted_at":"2026-08-26T12:27:09Z"}},{"type":"Feature","geometry":{"type":"Point","coordinates":[103.8519072,1.2899175]},"properties":{"id":"7f139c22-29f0-449d-8e79-d704bca9b98b","name":"OneDegree15 Marina","city":"Singapore","note":"Marina désignée pour les formalités CIQ de la plaisance (Sentosa Cove).","mrgid":8485,"zone_name":"Singapore","country_iso2":"SG","validated":true,"distance_km":0.1,"geocode_source":"nominatim","source_urls":["https://www.ica.gov.sg/news-and-publications/newsroom/media-release/response-to--bring-down-ciq-costs-for-pleasure-craft-owners-in-singapore--(the-straits-times--7-january-2026)","https://www.mpa.gov.sg/media-centre/details/port-marine-notice-no.-05-of-2026---notice-on-immigration-clearance-requirements-for-sea-crew-and-passengers-at-singapore-ports"],"extracted_at":"2026-08-26T12:27:34Z"}},{"type":"Feature","geometry":{"type":"Point","coordinates":[103.6347709,1.3425767]},"properties":{"id":"7598771b-b897-4071-8941-5d2fdb629d0a","name":"Raffles Marina","city":"Singapore","note":"Marina désignée pour les formalités CIQ de la plaisance (Tuas).","mrgid":8485,"zone_name":"Singapore","country_iso2":"SG","validated":true,"distance_km":0.2,"geocode_source":"nominatim","source_urls":["https://www.ica.gov.sg/news-and-publications/newsroom/media-release/response-to--bring-down-ciq-costs-for-pleasure-craft-owners-in-singapore--(the-straits-times--7-january-2026)","https://www.mpa.gov.sg/media-centre/details/port-marine-notice-no.-05-of-2026---notice-on-immigration-clearance-requirements-for-sea-crew-and-passengers-at-singapore-ports"],"extracted_at":"2026-08-26T12:27:35Z"}},{"type":"Feature","geometry":{"type":"Point","coordinates":[-13.2129449,8.4920628]},"properties":{"id":"778e0942-dfbe-4406-a49f-e8c571e632ff","name":"Queen Elizabeth II Quay","city":"Freetown","note":"Point d'entrée maritime officiel avec services de douane, d'immigration et de santé portuaire.","mrgid":8390,"zone_name":"Sierra Leone","country_iso2":"SL","validated":true,"distance_km":0.0,"geocode_source":"nominatim","source_urls":["https://www.sliepa.gov.sl/trade-information/faqs","https://poep.npha.gov.sl/"],"extracted_at":"2026-08-26T12:27:37Z"}},{"type":"Feature","geometry":{"type":"Point","coordinates":[13.5684485,45.5284919]},"properties":{"id":"7500a9ee-0b28-4bcf-875d-5ac464997428","name":"Piran","city":"Piran","note":"Point de passage frontalier maritime permanent, quai dédié pour la plaisance (tirant d'eau max 3 m).","mrgid":5692,"zone_name":"Slovenia","country_iso2":"SI","validated":true,"distance_km":0.2,"geocode_source":"nominatim","source_urls":["https://www.gov.si/teme/prihodi-ladij/"],"extracted_at":"2026-08-26T12:28:32Z"}},{"type":"Feature","geometry":{"type":"Point","coordinates":[13.7304781,45.5479864]},"properties":{"id":"cfe31043-5294-4fed-ad4a-a501d5cd07f1","name":"Koper","city":"Koper","note":"Point de passage frontalier maritime permanent, ouvert 24h/24 toute l'année pour tous navires.","mrgid":5692,"zone_name":"Slovenia","country_iso2":"SI","validated":true,"distance_km":1.2,"geocode_source":"nominatim","source_urls":["https://www.gov.si/teme/prihodi-ladij/"],"extracted_at":"2026-08-26T12:28:33Z"}},{"type":"Feature","geometry":{"type":"Point","coordinates":[159.9581607,-9.4257949]},"properties":{"id":"b26ecba2-1fe7-4647-81c1-4c0c01d441a9","name":"Point Cruz","city":"Honiara","note":"Port maritime principal pour le dédouanement et le contrôle de biosécurité des navires.","mrgid":8314,"zone_name":"Solomon Islands","country_iso2":"SB","validated":true,"distance_km":0.1,"geocode_source":"nominatim","source_urls":["https://solomons.gov.sb/ministry-of-finance-and-treasury/customs-and-excise-division/","https://immigration.gov.sb/visitor-visa-yacht-persons-master-and-crew/","https://www.biosecurity.gov.sb/About-Us"],"extracted_at":"2026-08-26T12:28:36Z"}},{"type":"Feature","geometry":{"type":"Point","coordinates":[157.1987537,-8.2422346]},"properties":{"id":"b7035b7f-38af-41af-a855-e3cd89f2670c","name":"Noro","city":"Noro","note":"Port de mer officiel d'entrée avec services de douane et de biosécurité.","mrgid":8314,"zone_name":"Solomon Islands","country_iso2":"SB","validated":true,"distance_km":0.0,"geocode_source":"nominatim","source_urls":["https://solomons.gov.sb/ministry-of-finance-and-treasury/customs-and-excise-division/","https://immigration.gov.sb/visitor-visa-yacht-persons-master-and-crew/","https://www.biosecurity.gov.sb/About-Us"],"extracted_at":"2026-08-26T12:28:37Z"}},{"type":"Feature","geometry":{"type":"Point","coordinates":[156.7871154,-8.0750297]},"properties":{"id":"ebeaf10a-0064-45a4-b622-94129210a2fb","name":"Gizo","city":"Gizo","note":"Port d'entrée officiel avec bureau de douane et agents de biosécurité.","mrgid":8314,"zone_name":"Solomon Islands","country_iso2":"SB","validated":true,"distance_km":0.5,"geocode_source":"nominatim","source_urls":["https://solomons.gov.sb/ministry-of-finance-and-treasury/customs-and-excise-division/","https://immigration.gov.sb/visitor-visa-yacht-persons-master-and-crew/","https://www.biosecurity.gov.sb/About-Us"],"extracted_at":"2026-08-26T12:28:38Z"}},{"type":"Feature","geometry":{"type":"Point","coordinates":[165.7982204,-10.7244151]},"properties":{"id":"d4a66d08-06b4-4067-9a56-1c0ec3ddad5b","name":"Lata","city":"Lata","note":"Poste d'entrée maritime pour le dédouanement et la biosécurité en province de Temotu.","mrgid":8314,"zone_name":"Solomon Islands","country_iso2":"SB","validated":true,"distance_km":0.5,"geocode_source":"nominatim","source_urls":["https://solomons.gov.sb/ministry-of-finance-and-treasury/customs-and-excise-division/","https://immigration.gov.sb/visitor-visa-yacht-persons-master-and-crew/","https://www.biosecurity.gov.sb/About-Us"],"extracted_at":"2026-08-26T12:28:39Z"}},{"type":"Feature","geometry":{"type":"Point","coordinates":[155.7721899,-7.0357585]},"properties":{"id":"bcde0035-1215-4d5c-9444-c1c7cbd6fd10","name":"Shortland Islands","city":null,"note":"Point d'entrée maritime frontalier pour le contrôle et la clairance des navires entrants.","mrgid":8314,"zone_name":"Solomon Islands","country_iso2":"SB","validated":true,"distance_km":3.7,"geocode_source":"nominatim","source_urls":["https://solomons.gov.sb/ministry-of-finance-and-treasury/customs-and-excise-division/","https://immigration.gov.sb/visitor-visa-yacht-persons-master-and-crew/","https://www.biosecurity.gov.sb/About-Us"],"extracted_at":"2026-08-26T12:28:40Z"}},{"type":"Feature","geometry":{"type":"Point","coordinates":[-36.4946355,-54.283545]},"properties":{"id":"13a6d4ba-238c-442b-97d0-4a1343a8cd1c","name":"King Edward Point","city":"Grytviken / King Edward Point","note":"Unique port d'entrée officiel. Clearance obligatoire (douanes, immigration, biosécurité) avec permis préalable.","mrgid":8383,"zone_name":"South Georgia and the South Sandwich Islands","country_iso2":"GS","validated":true,"distance_km":0.0,"geocode_source":"nominatim","source_urls":[],"extracted_at":"2026-08-26T12:28:59Z"}},{"type":"Feature","geometry":{"type":"Point","coordinates":[32.0577775,-28.7707857]},"properties":{"id":"78552a12-9c81-4128-a805-fe8c583dd6e7","name":"Port of Richards Bay","city":"Richards Bay","note":"Zululand Yacht Club / Tuzi Gazi Marina. Premier port d'escale habituel depuis l'océan Indien.","mrgid":8396,"zone_name":"South Africa","country_iso2":"ZA","validated":true,"distance_km":2.5,"geocode_source":"nominatim","source_urls":["https://www.sars.gov.za/latest-news/required-online-traveller-declarations-from-1-july-2026-2/"],"extracted_at":"2026-08-26T12:28:57Z"}},{"type":"Feature","geometry":{"type":"Point","coordinates":[31.0437485,-29.8831775]},"properties":{"id":"529f21e3-1a81-4a34-bbe3-7aed6feb2b16","name":"Port of Durban","city":"Durban","note":"Point Yacht Club / Royal Natal Yacht Club.","mrgid":8396,"zone_name":"South Africa","country_iso2":"ZA","validated":true,"distance_km":0.2,"geocode_source":"nominatim","source_urls":["https://www.sars.gov.za/latest-news/required-online-traveller-declarations-from-1-july-2026-2/"],"extracted_at":"2026-08-26T12:28:59Z"}},{"type":"Feature","geometry":{"type":"Point","coordinates":[27.8998573,-33.0191604]},"properties":{"id":"b9efb126-a832-49e1-8a19-b0c2e50f7be4","name":"Port of East London","city":"East London","note":"Buffalo Harbour / East London Yacht Club.","mrgid":8396,"zone_name":"South Africa","country_iso2":"ZA","validated":true,"distance_km":0.9,"geocode_source":"nominatim","source_urls":["https://www.sars.gov.za/latest-news/required-online-traveller-declarations-from-1-july-2026-2/"],"extracted_at":"2026-08-26T12:29:05Z"}},{"type":"Feature","geometry":{"type":"Point","coordinates":[25.5664679,-33.9501871]},"properties":{"id":"8286f696-7290-4fc1-959c-85f79941354b","name":"Port of Port Elizabeth","city":"Gqeberha (Port Elizabeth)","note":"Port Elizabeth Harbour / Algoa Bay Yacht Club.","mrgid":8396,"zone_name":"South Africa","country_iso2":"ZA","validated":true,"distance_km":5.2,"geocode_source":"nominatim","source_urls":["https://www.sars.gov.za/latest-news/required-online-traveller-declarations-from-1-july-2026-2/"],"extracted_at":"2026-08-26T12:29:06Z"}},{"type":"Feature","geometry":{"type":"Point","coordinates":[22.1536248,-34.1832022]},"properties":{"id":"2c4a26fa-34f6-4015-9cb3-1722e56db7a2","name":"Port of Mossel Bay","city":"Mossel Bay","note":"Mossel Bay Harbour / Mossel Bay Yacht and Boat Club.","mrgid":8396,"zone_name":"South Africa","country_iso2":"ZA","validated":true,"distance_km":0.0,"geocode_source":"nominatim","source_urls":["https://www.sars.gov.za/latest-news/required-online-traveller-declarations-from-1-july-2026-2/"],"extracted_at":"2026-08-26T12:29:09Z"}},{"type":"Feature","geometry":{"type":"Point","coordinates":[18.4254506,-33.9114165]},"properties":{"id":"cf2185aa-76b6-4129-90bd-aa2efc7df054","name":"Port of Cape Town","city":"Cape Town","note":"Royal Cape Yacht Club (RCYC) / Victoria & Alfred Marina.","mrgid":8396,"zone_name":"South Africa","country_iso2":"ZA","validated":true,"distance_km":0.6,"geocode_source":"nominatim","source_urls":["https://www.sars.gov.za/latest-news/required-online-traveller-declarations-from-1-july-2026-2/"],"extracted_at":"2026-08-26T12:29:11Z"}},{"type":"Feature","geometry":{"type":"Point","coordinates":[18.0097222,-33.0347222]},"properties":{"id":"35221d16-c53d-48d1-8a93-b2e5fc030ba0","name":"Port of Saldanha Bay","city":"Saldanha","note":"Saldanha Bay Harbour / Saldanha Bay Yacht Club.","mrgid":8396,"zone_name":"South Africa","country_iso2":"ZA","validated":true,"distance_km":0.0,"geocode_source":"nominatim","source_urls":["https://www.sars.gov.za/latest-news/required-online-traveller-declarations-from-1-july-2026-2/"],"extracted_at":"2026-08-26T12:29:14Z"}},{"type":"Feature","geometry":{"type":"Point","coordinates":[25.6555284,-33.8016866]},"properties":{"id":"6ac4c0e2-75d6-41f2-ab47-9e23b166f1fb","name":"Port of Ngqura","city":"Coega (Gqeberha)","note":"Port commercial ; les navires de plaisance effectuent généralement la clearance à Port Elizabeth.","mrgid":8396,"zone_name":"South Africa","country_iso2":"ZA","validated":true,"distance_km":2.1,"geocode_source":"nominatim","source_urls":["https://www.sars.gov.za/latest-news/required-online-traveller-declarations-from-1-july-2026-2/"],"extracted_at":"2026-08-26T12:29:16Z"}},{"type":"Feature","geometry":{"type":"Point","coordinates":[126.3578931,37.45797]},"properties":{"id":"7a63acb1-63eb-48ff-ab73-ae90823aab4c","name":"Wangsan Marina","city":"Incheon","note":"Marina hub d'entrée CIQ désignée pour les navires de plaisance","mrgid":8327,"zone_name":"South Korea","country_iso2":"KR","validated":true,"distance_km":0.0,"geocode_source":"nominatim","source_urls":[],"extracted_at":"2026-08-26T12:30:56Z"}},{"type":"Feature","geometry":{"type":"Point","coordinates":[127.0718642,38.0245987]},"properties":{"id":"7ab5de4b-316d-49e8-a861-d30f3fafd049","name":"Jeongok Marina","city":"Hwaseong-si","note":"Marina hub d'entrée CIQ désignée pour les navires de plaisance","mrgid":8327,"zone_name":"South Korea","country_iso2":"KR","validated":true,"distance_km":26.3,"geocode_source":"nominatim","source_urls":[],"extracted_at":"2026-08-26T12:30:59Z"}},{"type":"Feature","geometry":{"type":"Point","coordinates":[128.433205,34.854254]},"properties":{"id":"8cdadbbe-8c66-478e-a777-3a7fe7b73941","name":"Tongyeong Kumho Marina","city":"Tongyeong-si","note":"Marina hub d'entrée CIQ désignée pour les navires de plaisance","mrgid":8327,"zone_name":"South Korea","country_iso2":"KR","validated":true,"distance_km":0.0,"geocode_source":"nominatim","source_urls":[],"extracted_at":"2026-08-26T12:31:03Z"}},{"type":"Feature","geometry":{"type":"Point","coordinates":[126.9924769,37.5600885]},"properties":{"id":"06439025-72af-4a24-bb1c-fd9df20ca516","name":"Elim Marina","city":"Namhae-gun","note":"Marina hub d'entrée CIQ désignée pour les navires de plaisance","mrgid":8327,"zone_name":"South Korea","country_iso2":"KR","validated":true,"distance_km":22.9,"geocode_source":"nominatim","source_urls":[],"extracted_at":"2026-08-26T12:31:07Z"}},{"type":"Feature","geometry":{"type":"Point","coordinates":[127.6730645,34.7446451]},"properties":{"id":"5426ada4-a8be-4b61-a78a-3ff9a10e119c","name":"Yi Sun-sin Marina","city":"Yeosu-si","note":"Marina hub d'entrée CIQ désignée pour les navires de plaisance","mrgid":8327,"zone_name":"South Korea","country_iso2":"KR","validated":true,"distance_km":0.0,"geocode_source":"nominatim","source_urls":[],"extracted_at":"2026-08-26T12:31:08Z"}},{"type":"Feature","geometry":{"type":"Point","coordinates":[126.36824,34.7843832]},"properties":{"id":"a5493e8b-cf50-40fc-8e4e-180a84c593fa","name":"Mokpo Marina","city":"Mokpo-si","note":"Marina hub d'entrée CIQ désignée pour les navires de plaisance","mrgid":8327,"zone_name":"South Korea","country_iso2":"KR","validated":true,"distance_km":0.0,"geocode_source":"nominatim","source_urls":[],"extracted_at":"2026-08-26T12:31:09Z"}},{"type":"Feature","geometry":{"type":"Point","coordinates":[129.37019,36.04569]},"properties":{"id":"612eec74-bfa4-469e-a5c7-5df0550e5bda","name":"Dongbin Marina","city":"Pohang-si","note":"Marina hub d'entrée CIQ désignée pour les navires de plaisance","mrgid":8327,"zone_name":"South Korea","country_iso2":"KR","validated":true,"distance_km":2.3,"geocode_source":"nominatim","source_urls":[],"extracted_at":"2026-08-26T12:31:13Z"}},{"type":"Feature","geometry":{"type":"Point","coordinates":[128.5913424,38.2069574]},"properties":{"id":"5a4f790b-e304-4929-bc62-5206de669228","name":"Sokcho Marina","city":"Sokcho-si","note":"Marina hub d'entrée CIQ désignée pour les navires de plaisance","mrgid":8327,"zone_name":"South Korea","country_iso2":"KR","validated":true,"distance_km":1.4,"geocode_source":"nominatim","source_urls":[],"extracted_at":"2026-08-26T12:31:20Z"}},{"type":"Feature","geometry":{"type":"Point","coordinates":[129.1414591,35.1568517]},"properties":{"id":"55d876df-7709-448f-ac9b-800ebd79ab1a","name":"Suyeong Bay Marina","city":"Busan","note":"Marina hub d'entrée CIQ désignée pour les navires de plaisance","mrgid":8327,"zone_name":"South Korea","country_iso2":"KR","validated":true,"distance_km":0.0,"geocode_source":"nominatim","source_urls":[],"extracted_at":"2026-08-26T12:31:27Z"}},{"type":"Feature","geometry":{"type":"Point","coordinates":[126.473526,33.5100339]},"properties":{"id":"aca818d7-b99d-4bdc-b391-8e6f8e50e094","name":"Dodu Marina","city":"Jeju-si","note":"Marina hub d'entrée CIQ désignée pour les navires de plaisance","mrgid":8327,"zone_name":"South Korea","country_iso2":"KR","validated":true,"distance_km":0.0,"geocode_source":"nominatim","source_urls":[],"extracted_at":"2026-08-26T12:31:33Z"}},{"type":"Feature","geometry":{"type":"Point","coordinates":[129.1405084,35.1600749]},"properties":{"id":"4b172171-b000-43dc-857f-ced45534f919","name":"Suyeongman Marina","city":"Busan","note":"Aussi appelée Busan Yacht Center ; marina hub désignée pour les formalités CIQ.","mrgid":21796,"zone_name":"South Korea","country_iso2":"KR","validated":false,"distance_km":262.5,"geocode_source":"nominatim","source_urls":[],"extracted_at":"2026-08-26T12:31:21Z"}},{"type":"Feature","geometry":{"type":"Point","coordinates":[128.433205,34.854254]},"properties":{"id":"e9dd9444-2fca-4632-ba37-46a5c06b775b","name":"Tongyeong Kumho Marina","city":"Tongyeong-si","note":"Marina hub désignée pour les formalités CIQ des navires de plaisance.","mrgid":21796,"zone_name":"South Korea","country_iso2":"KR","validated":false,"distance_km":211.9,"geocode_source":"nominatim","source_urls":[],"extracted_at":"2026-08-26T12:31:29Z"}},{"type":"Feature","geometry":{"type":"Point","coordinates":[127.6730645,34.7446451]},"properties":{"id":"c288009b-9519-4baf-9e0b-47711e011895","name":"Yi Sun-sin Marina","city":"Yeosu-si","note":"Marina hub désignée pour les formalités CIQ des navires de plaisance.","mrgid":21796,"zone_name":"South Korea","country_iso2":"KR","validated":false,"distance_km":199.2,"geocode_source":"nominatim","source_urls":[],"extracted_at":"2026-08-26T12:31:36Z"}},{"type":"Feature","geometry":{"type":"Point","coordinates":[126.36824,34.7843832]},"properties":{"id":"27cfdd10-d3f6-44fb-ac80-d5fbf089c587","name":"Mokpo Marina","city":"Mokpo-si","note":"Marina hub désignée pour les formalités CIQ des navires de plaisance.","mrgid":21796,"zone_name":"South Korea","country_iso2":"KR","validated":false,"distance_km":250.6,"geocode_source":"nominatim","source_urls":[],"extracted_at":"2026-08-26T12:31:37Z"}},{"type":"Feature","geometry":{"type":"Point","coordinates":[126.473526,33.5100339]},"properties":{"id":"58c685a1-69c4-4bdc-93bb-32afbd801058","name":"Dodu Marina","city":"Jeju-si","note":"Marina hub désignée pour les formalités CIQ des navires de plaisance (île de Jeju).","mrgid":21796,"zone_name":"South Korea","country_iso2":"KR","validated":false,"distance_km":133.9,"geocode_source":"nominatim","source_urls":[],"extracted_at":"2026-08-26T12:31:47Z"}},{"type":"Feature","geometry":{"type":"Point","coordinates":[-8.3901377,43.3613731]},"properties":{"id":"a63a843b-9afd-4d8d-8e03-046f517b13db","name":"Puerto de A Coruña","city":"A Coruña","note":"Poste frontière maritime habilité Schengen et bureau de douane","mrgid":5693,"zone_name":"Spain","country_iso2":"ES","validated":true,"distance_km":0.6,"geocode_source":"nominatim","source_urls":["https://www.boe.es/diario_boe/txt.php?id=BOE-A-2019-320"],"extracted_at":"2026-08-26T12:32:09Z"}},{"type":"Feature","geometry":{"type":"Point","coordinates":[-0.4947114,38.3282934]},"properties":{"id":"e4962b91-c1bf-4f19-986b-92f835fe5d22","name":"Puerto de Alicante","city":"Alicante","note":"Poste frontière maritime habilité Schengen et bureau de douane","mrgid":5693,"zone_name":"Spain","country_iso2":"ES","validated":true,"distance_km":0.0,"geocode_source":"nominatim","source_urls":["https://www.boe.es/diario_boe/txt.php?id=BOE-A-2019-320"],"extracted_at":"2026-08-26T12:32:10Z"}},{"type":"Feature","geometry":{"type":"Point","coordinates":[-2.4766283,36.8315291]},"properties":{"id":"490c9c25-a985-4f1b-a1ba-eeee147fd832","name":"Puerto de Almería","city":"Almería","note":"Poste frontière maritime habilité Schengen et bureau de douane","mrgid":5693,"zone_name":"Spain","country_iso2":"ES","validated":true,"distance_km":0.6,"geocode_source":"nominatim","source_urls":["https://www.boe.es/diario_boe/txt.php?id=BOE-A-2019-320"],"extracted_at":"2026-08-26T12:32:11Z"}},{"type":"Feature","geometry":{"type":"Point","coordinates":[-5.9107838,43.5528401]},"properties":{"id":"2c3a9250-a78e-4abc-8dac-620214cb80e2","name":"Puerto de Avilés","city":"Avilés","note":"Poste frontière maritime habilité Schengen et bureau de douane","mrgid":5693,"zone_name":"Spain","country_iso2":"ES","validated":true,"distance_km":1.2,"geocode_source":"nominatim","source_urls":["https://www.boe.es/diario_boe/txt.php?id=BOE-A-2019-320"],"extracted_at":"2026-08-26T12:32:13Z"}},{"type":"Feature","geometry":{"type":"Point","coordinates":[-2.4080968,36.866764]},"properties":{"id":"9cac00a6-0fc6-45be-bd5e-dcd479f54d42","name":"Puerto de Bahía de Algeciras","city":"Algeciras","note":"Poste frontière maritime habilité Schengen et bureau de douane","mrgid":5693,"zone_name":"Spain","country_iso2":"ES","validated":true,"distance_km":3.4,"geocode_source":"nominatim","source_urls":["https://www.boe.es/diario_boe/txt.php?id=BOE-A-2019-320"],"extracted_at":"2026-08-26T12:32:16Z"}},{"type":"Feature","geometry":{"type":"Point","coordinates":[-6.2078528,36.5246295]},"properties":{"id":"45433dd1-1864-49c4-888d-4f561281525a","name":"Puerto de Bahía de Cádiz","city":"Cádiz","note":"Poste frontière maritime habilité Schengen et bureau de douane","mrgid":5693,"zone_name":"Spain","country_iso2":"ES","validated":true,"distance_km":1.1,"geocode_source":"nominatim","source_urls":["https://www.boe.es/diario_boe/txt.php?id=BOE-A-2019-320"],"extracted_at":"2026-08-26T12:32:17Z"}},{"type":"Feature","geometry":{"type":"Point","coordinates":[2.1811795,41.4224675]},"properties":{"id":"127afe47-7447-4721-a382-c1220ab6f15f","name":"Puerto de Barcelona","city":"Barcelona","note":"Poste frontière maritime habilité Schengen et bureau de douane","mrgid":5693,"zone_name":"Spain","country_iso2":"ES","validated":true,"distance_km":3.7,"geocode_source":"nominatim","source_urls":["https://www.boe.es/diario_boe/txt.php?id=BOE-A-2019-320"],"extracted_at":"2026-08-26T12:32:19Z"}},{"type":"Feature","geometry":{"type":"Point","coordinates":[-3.0686937,43.3485262]},"properties":{"id":"bd2226b4-f0d8-4ead-afc2-2d0861522a3e","name":"Puerto de Bilbao","city":"Santurtzi / Zierbena","note":"Poste frontière maritime habilité Schengen et bureau de douane","mrgid":5693,"zone_name":"Spain","country_iso2":"ES","validated":true,"distance_km":0.0,"geocode_source":"nominatim","source_urls":["https://www.boe.es/diario_boe/txt.php?id=BOE-A-2019-320"],"extracted_at":"2026-08-26T12:32:20Z"}},{"type":"Feature","geometry":{"type":"Point","coordinates":[-0.8796913,37.5945101]},"properties":{"id":"0d2012c7-d521-45a5-b705-7a7f1c3da8b7","name":"Puerto de Cartagena","city":"Cartagena","note":"Poste frontière maritime habilité Schengen et bureau de douane","mrgid":5693,"zone_name":"Spain","country_iso2":"ES","validated":true,"distance_km":2.9,"geocode_source":"nominatim","source_urls":["https://www.boe.es/diario_boe/txt.php?id=BOE-A-2019-320"],"extracted_at":"2026-08-26T12:32:21Z"}},{"type":"Feature","geometry":{"type":"Point","coordinates":[0.0186903,39.9627036]},"properties":{"id":"1f1c6fe3-05a0-4ad9-9420-1c2346b14dee","name":"Puerto de Castellón","city":"El Grao de Castellón","note":"Poste frontière maritime habilité Schengen et bureau de douane","mrgid":5693,"zone_name":"Spain","country_iso2":"ES","validated":true,"distance_km":1.2,"geocode_source":"nominatim","source_urls":["https://www.boe.es/diario_boe/txt.php?id=BOE-A-2019-320"],"extracted_at":"2026-08-26T12:32:22Z"}},{"type":"Feature","geometry":{"type":"Point","coordinates":[-5.3139077,35.8889672]},"properties":{"id":"be3dcfd3-910b-4469-90f3-39dedccbd511","name":"Puerto de Ceuta","city":"Ceuta","note":"Poste frontière maritime habilité Schengen et bureau de douane","mrgid":5693,"zone_name":"Spain","country_iso2":"ES","validated":true,"distance_km":2.0,"geocode_source":"nominatim","source_urls":["https://www.boe.es/diario_boe/txt.php?id=BOE-A-2019-320"],"extracted_at":"2026-08-26T12:32:23Z"}},{"type":"Feature","geometry":{"type":"Point","coordinates":[1.2339305,38.9444885]},"properties":{"id":"b7996900-8119-4c64-bf91-20b38aadaf34","name":"Puerto de Eivissa","city":"Ibiza / Eivissa","note":"Poste frontière maritime habilité Schengen (Baléares)","mrgid":5693,"zone_name":"Spain","country_iso2":"ES","validated":true,"distance_km":1.9,"geocode_source":"nominatim","source_urls":["https://www.boe.es/diario_boe/txt.php?id=BOE-A-2019-320"],"extracted_at":"2026-08-26T12:32:24Z"}},{"type":"Feature","geometry":{"type":"Point","coordinates":[-8.3333201,43.4615631]},"properties":{"id":"f48a9d2e-56ac-4803-b8d3-c2013487f8fd","name":"Puerto de Ferrol","city":"Ferrol","note":"Poste frontière maritime habilité Schengen et bureau de douane","mrgid":5693,"zone_name":"Spain","country_iso2":"ES","validated":true,"distance_km":0.1,"geocode_source":"nominatim","source_urls":["https://www.boe.es/diario_boe/txt.php?id=BOE-A-2019-320"],"extracted_at":"2026-08-26T12:32:26Z"}},{"type":"Feature","geometry":{"type":"Point","coordinates":[-5.7000784,43.5694258]},"properties":{"id":"4367c534-da63-4191-8c4b-e4c119433800","name":"Puerto de Gijón (El Musel)","city":"Gijón","note":"Poste frontière maritime habilité Schengen et bureau de douane","mrgid":5693,"zone_name":"Spain","country_iso2":"ES","validated":true,"distance_km":0.0,"geocode_source":"nominatim","source_urls":["https://www.boe.es/diario_boe/txt.php?id=BOE-A-2019-320"],"extracted_at":"2026-08-26T12:32:28Z"}},{"type":"Feature","geometry":{"type":"Point","coordinates":[-6.8824321,37.1542221]},"properties":{"id":"5a8e5ce7-8c12-4bdf-ac36-78ab6976759c","name":"Puerto de Huelva","city":"Huelva","note":"Poste frontière maritime habilité Schengen et bureau de douane","mrgid":5693,"zone_name":"Spain","country_iso2":"ES","validated":true,"distance_km":0.0,"geocode_source":"nominatim","source_urls":["https://www.boe.es/diario_boe/txt.php?id=BOE-A-2019-320"],"extracted_at":"2026-08-26T12:32:31Z"}},{"type":"Feature","geometry":{"type":"Point","coordinates":[-4.4226328,36.708943]},"properties":{"id":"9ff74df0-d944-4b37-8b11-2ad291e04dff","name":"Puerto de Málaga","city":"Málaga","note":"Poste frontière maritime habilité Schengen et bureau de douane","mrgid":5693,"zone_name":"Spain","country_iso2":"ES","validated":true,"distance_km":0.9,"geocode_source":"nominatim","source_urls":["https://www.boe.es/diario_boe/txt.php?id=BOE-A-2019-320"],"extracted_at":"2026-08-26T12:32:35Z"}},{"type":"Feature","geometry":{"type":"Point","coordinates":[4.273317,39.8889297]},"properties":{"id":"c197b389-cde1-4340-9a2c-0c57df2d31c4","name":"Puerto de Maó (Mahón)","city":"Mahón / Maó","note":"Poste frontière maritime habilité Schengen (Minorque, Baléares)","mrgid":5693,"zone_name":"Spain","country_iso2":"ES","validated":true,"distance_km":0.4,"geocode_source":"nominatim","source_urls":["https://www.boe.es/diario_boe/txt.php?id=BOE-A-2019-320"],"extracted_at":"2026-08-26T12:32:37Z"}},{"type":"Feature","geometry":{"type":"Point","coordinates":[-2.928011,35.2909189]},"properties":{"id":"2377162f-8ec1-4fd8-b3e6-986ac9d5c7dd","name":"Puerto de Melilla","city":"Melilla","note":"Poste frontière maritime habilité Schengen et bureau de douane","mrgid":5693,"zone_name":"Spain","country_iso2":"ES","validated":true,"distance_km":46.2,"geocode_source":"nominatim","source_urls":["https://www.boe.es/diario_boe/txt.php?id=BOE-A-2019-320"],"extracted_at":"2026-08-26T12:32:40Z"}},{"type":"Feature","geometry":{"type":"Point","coordinates":[-3.5141413,36.7188805]},"properties":{"id":"e6b88041-40a3-4f9d-b76c-7c1d28b4eede","name":"Puerto de Motril","city":"Motril","note":"Poste frontière maritime habilité Schengen et bureau de douane","mrgid":5693,"zone_name":"Spain","country_iso2":"ES","validated":true,"distance_km":1.3,"geocode_source":"nominatim","source_urls":["https://www.boe.es/diario_boe/txt.php?id=BOE-A-2019-320"],"extracted_at":"2026-08-26T12:32:42Z"}},{"type":"Feature","geometry":{"type":"Point","coordinates":[2.6680788,39.5636168]},"properties":{"id":"7d40bc58-cebc-46fb-93e3-37ae0e812251","name":"Puerto de Palma","city":"Palma de Mallorca","note":"Poste frontière maritime habilité Schengen (Majorque, Baléares)","mrgid":5693,"zone_name":"Spain","country_iso2":"ES","validated":true,"distance_km":1.6,"geocode_source":"nominatim","source_urls":["https://www.boe.es/diario_boe/txt.php?id=BOE-A-2019-320"],"extracted_at":"2026-08-26T12:32:44Z"}},{"type":"Feature","geometry":{"type":"Point","coordinates":[-1.9346469,43.320741]},"properties":{"id":"8256620d-afc3-4e93-9d58-730785e9f75d","name":"Puerto de Pasaia (Pasajes)","city":"Pasaia","note":"Poste frontière maritime habilité Schengen et bureau de douane","mrgid":5693,"zone_name":"Spain","country_iso2":"ES","validated":true,"distance_km":1.5,"geocode_source":"nominatim","source_urls":["https://www.boe.es/diario_boe/txt.php?id=BOE-A-2019-320"],"extracted_at":"2026-08-26T12:32:46Z"}},{"type":"Feature","geometry":{"type":"Point","coordinates":[-0.2208575,39.6631732]},"properties":{"id":"18ac57b8-7186-4148-9182-97f2fecc432c","name":"Puerto de Sagunto","city":"Sagunto","note":"Poste frontière maritime habilité Schengen et bureau de douane","mrgid":5693,"zone_name":"Spain","country_iso2":"ES","validated":true,"distance_km":3.2,"geocode_source":"nominatim","source_urls":["https://www.boe.es/diario_boe/txt.php?id=BOE-A-2019-320"],"extracted_at":"2026-08-26T12:32:50Z"}},{"type":"Feature","geometry":{"type":"Point","coordinates":[79.8407872,6.9322225]},"properties":{"id":"09d0861c-678f-4dcd-8ce1-4b8e8c9a3789","name":"Colombo Port","city":"Colombo","note":"Port d'entrée maritime officiel approuvé par l'Immigration et les Douanes","mrgid":8346,"zone_name":"Sri Lanka","country_iso2":"LK","validated":true,"distance_km":0.0,"geocode_source":"nominatim","source_urls":["https://www.immigration.gov.lk/pages_e.php?id=13","https://www.customs.gov.lk/about-us/directorates-and-divisions/preventive-directorate/"],"extracted_at":"2026-08-26T12:32:26Z"}},{"type":"Feature","geometry":{"type":"Point","coordinates":[80.2499564,6.0372166]},"properties":{"id":"b2418e58-f8a0-4983-8df4-b843ef4159eb","name":"Galle Port","city":"Galle","note":"Port d'entrée maritime officiel approuvé avec facilités de clearance","mrgid":8346,"zone_name":"Sri Lanka","country_iso2":"LK","validated":true,"distance_km":3.1,"geocode_source":"nominatim","source_urls":["https://www.immigration.gov.lk/pages_e.php?id=13","https://www.customs.gov.lk/about-us/directorates-and-divisions/preventive-directorate/"],"extracted_at":"2026-08-26T12:32:28Z"}},{"type":"Feature","geometry":{"type":"Point","coordinates":[81.1242563,6.1249126]},"properties":{"id":"8cde3b8e-b68e-407a-ad8d-429a4d9a3cce","name":"Hambantota International Port","city":"Hambantota","note":"Port international d'entrée maritime approuvé","mrgid":8346,"zone_name":"Sri Lanka","country_iso2":"LK","validated":true,"distance_km":0.6,"geocode_source":"nominatim","source_urls":["https://www.immigration.gov.lk/pages_e.php?id=13","https://www.customs.gov.lk/about-us/directorates-and-divisions/preventive-directorate/"],"extracted_at":"2026-08-26T12:32:36Z"}},{"type":"Feature","geometry":{"type":"Point","coordinates":[81.2344952,8.576425]},"properties":{"id":"2bd35058-9254-46f3-a2b7-cfdc22e59bd6","name":"Trincomalee Port","city":"Trincomalee","note":"Port d'entrée maritime officiel approuvé","mrgid":8346,"zone_name":"Sri Lanka","country_iso2":"LK","validated":true,"distance_km":0.7,"geocode_source":"nominatim","source_urls":["https://www.immigration.gov.lk/pages_e.php?id=13","https://www.customs.gov.lk/about-us/directorates-and-divisions/preventive-directorate/"],"extracted_at":"2026-08-26T12:32:43Z"}},{"type":"Feature","geometry":{"type":"Point","coordinates":[80.0336663,9.8237194]},"properties":{"id":"8d2d61d9-4ac2-4044-97e8-a42d52370db5","name":"Kankasanthurai Port","city":"Kankesanthurai","note":"Port maritime approuvé pour l'immigration","mrgid":8346,"zone_name":"Sri Lanka","country_iso2":"LK","validated":true,"distance_km":0.0,"geocode_source":"nominatim","source_urls":["https://www.immigration.gov.lk/pages_e.php?id=13","https://www.customs.gov.lk/about-us/directorates-and-divisions/preventive-directorate/"],"extracted_at":"2026-08-26T12:32:52Z"}},{"type":"Feature","geometry":{"type":"Point","coordinates":[79.7298209,9.0987836]},"properties":{"id":"eb1661f2-d48b-4a7a-9fd3-d2a1e7552a06","name":"Thalaimannar Pier","city":"Talaimannar","note":"Jetée / port maritime d'entrée approuvé","mrgid":8346,"zone_name":"Sri Lanka","country_iso2":"LK","validated":true,"distance_km":0.4,"geocode_source":"nominatim","source_urls":["https://www.immigration.gov.lk/pages_e.php?id=13","https://www.customs.gov.lk/about-us/directorates-and-divisions/preventive-directorate/"],"extracted_at":"2026-08-26T12:32:53Z"}},{"type":"Feature","geometry":{"type":"Point","coordinates":[79.7357052,8.014741]},"properties":{"id":"cd2167b4-8e0c-4896-9e40-06d1520b2dcf","name":"Norochcholai Port","city":"Norochcholai","note":"Port maritime d'entrée approuvé","mrgid":8346,"zone_name":"Sri Lanka","country_iso2":"LK","validated":true,"distance_km":0.2,"geocode_source":"nominatim","source_urls":["https://www.immigration.gov.lk/pages_e.php?id=13","https://www.customs.gov.lk/about-us/directorates-and-divisions/preventive-directorate/"],"extracted_at":"2026-08-26T12:32:56Z"}},{"type":"Feature","geometry":{"type":"Point","coordinates":[79.8542005,6.9388614]},"properties":{"id":"a97f0285-4b83-4e04-b075-93ce24536334","name":"Colombo CHEC Port City (Immi/Emi)gration","city":"Colombo","note":"Zone Port City de Colombo approuvée pour l'immigration maritime","mrgid":8346,"zone_name":"Sri Lanka","country_iso2":"LK","validated":true,"distance_km":0.8,"geocode_source":"nominatim","source_urls":["https://www.immigration.gov.lk/pages_e.php?id=13","https://www.customs.gov.lk/about-us/directorates-and-divisions/preventive-directorate/"],"extracted_at":"2026-08-26T12:33:06Z"}},{"type":"Feature","geometry":{"type":"Point","coordinates":[37.211709,19.619217]},"properties":{"id":"b0c41a1c-6b35-496e-b7e5-507bc72bcf0a","name":"Port Sudan","city":"Port Sudan","note":"Port d'entrée principal avec formalités d'immigration, de douane et de la Sea Ports Corporation.","mrgid":8355,"zone_name":"Sudan","country_iso2":"SD","validated":true,"distance_km":0.0,"geocode_source":"nominatim","source_urls":["https://napreadiness.hcenr.gov.sd/wp-content/uploads/2025/08/10_Assessing_Economic_Social_Political_and_Environmental_Issues_Related_to_Mega-projects_A_case_study_of_Merowe_Dam_in_Sudan.pdf"],"extracted_at":"2026-08-26T12:33:13Z"}},{"type":"Feature","geometry":{"type":"Point","coordinates":[37.3285875,19.101866]},"properties":{"id":"432447e2-1b69-41f8-973b-ad5c17e1a834","name":"Prince Osman Digna Port","city":"Suakin","note":"Port d'entrée secondaire autorisé avec bureaux d'immigration et de douane.","mrgid":8355,"zone_name":"Sudan","country_iso2":"SD","validated":true,"distance_km":1.2,"geocode_source":"nominatim","source_urls":["https://napreadiness.hcenr.gov.sd/wp-content/uploads/2025/08/10_Assessing_Economic_Social_Political_and_Environmental_Issues_Related_to_Mega-projects_A_case_study_of_Merowe_Dam_in_Sudan.pdf"],"extracted_at":"2026-08-26T12:33:18Z"}},{"type":"Feature","geometry":{"type":"Point","coordinates":[-55.1662813,5.8241764]},"properties":{"id":"8f733bf6-2fb6-4678-b331-a8a2538d3ed9","name":"Port of Paramaribo","city":"Paramaribo","note":"Port d'entrée officiel sur le fleuve Suriname. Notification d'arrivée obligatoire auprès de la MAS.","mrgid":8461,"zone_name":"Suriname","country_iso2":"SR","validated":true,"distance_km":0.7,"geocode_source":"nominatim","source_urls":["https://mas.sr/form-notice-of-arrival/"],"extracted_at":"2026-08-26T12:33:26Z"}},{"type":"Feature","geometry":{"type":"Point","coordinates":[-56.9893521,5.9420605]},"properties":{"id":"37f5fc13-864f-4f70-be06-df29fb04c4e3","name":"Port of Nieuw Nickerie","city":"Nieuw Nickerie","note":"Port d'entrée officiel (fleuve Corantijn/Nickerie). Clearance MAS, douane et immigration.","mrgid":8461,"zone_name":"Suriname","country_iso2":"SR","validated":true,"distance_km":0.7,"geocode_source":"nominatim","source_urls":["https://mas.sr/form-notice-of-arrival/"],"extracted_at":"2026-08-26T12:33:29Z"}},{"type":"Feature","geometry":{"type":"Point","coordinates":[35.9772699,35.579874]},"properties":{"id":"6b4f3422-45d7-4ecc-8df1-b85f53525d32","name":"Port of Latakia / Latakia Leisure & Marina Basin","city":"Latakia","note":"Point d'entrée principal avec postes d'amarrage pour yachts et formalités de douane et d'immigration.","mrgid":8373,"zone_name":"Syria","country_iso2":"SY","validated":true,"distance_km":19.1,"geocode_source":"nominatim","source_urls":["http://www.gdp.gov.sy/ar/about/ports-affairs-department"],"extracted_at":"2026-08-26T12:34:21Z"}},{"type":"Feature","geometry":{"type":"Point","coordinates":[35.885167,34.8936225]},"properties":{"id":"d2d9f7aa-79b2-4784-95f5-be8b4e7a19a8","name":"Port of Tartous","city":"Tartous","note":"Port d'entrée international majeur avec services complets des douanes et de l'autorité portuaire.","mrgid":8373,"zone_name":"Syria","country_iso2":"SY","validated":true,"distance_km":2.4,"geocode_source":"nominatim","source_urls":["http://www.gdp.gov.sy/ar/about/ports-affairs-department"],"extracted_at":"2026-08-26T12:34:27Z"}},{"type":"Feature","geometry":{"type":"Point","coordinates":[35.9477821,35.185136]},"properties":{"id":"28171b7d-19e9-4286-b8d7-4b38b83e43bd","name":"Port of Baniyas / Baniyas Leisure Basin","city":"Baniyas","note":"Port sous l'autorité de la Direction générale des ports accueillant navires et bateaux de plaisance.","mrgid":8373,"zone_name":"Syria","country_iso2":"SY","validated":true,"distance_km":0.1,"geocode_source":"nominatim","source_urls":["http://www.gdp.gov.sy/ar/about/ports-affairs-department"],"extracted_at":"2026-08-26T12:34:36Z"}},{"type":"Feature","geometry":{"type":"Point","coordinates":[35.9235467,35.3611006]},"properties":{"id":"e8918f8e-3eb6-4a98-bce7-d6b1d6d361d8","name":"Port of Jableh","city":"Jableh","note":"Administration portuaire côtière sous l'autorité de la Direction générale des ports.","mrgid":8373,"zone_name":"Syria","country_iso2":"SY","validated":true,"distance_km":0.0,"geocode_source":"nominatim","source_urls":["http://www.gdp.gov.sy/ar/about/ports-affairs-department"],"extracted_at":"2026-08-26T12:34:43Z"}},{"type":"Feature","geometry":{"type":"Point","coordinates":[35.8585451,34.8561272]},"properties":{"id":"7bc3ca66-cc55-444f-a6a2-105b9cf30d4b","name":"Port of Arwad","city":"Arwad Island","note":"Port insulaire administré sous la Direction générale des ports.","mrgid":8373,"zone_name":"Syria","country_iso2":"SY","validated":true,"distance_km":0.0,"geocode_source":"nominatim","source_urls":["http://www.gdp.gov.sy/ar/about/ports-affairs-department"],"extracted_at":"2026-08-26T12:34:49Z"}},{"type":"Feature","geometry":{"type":"Point","coordinates":[18.6574231,59.306583]},"properties":{"id":"527afb3e-5c99-4f11-bbfb-db5f2816e30a","name":"Bullandö (Gästhamnen)","city":"Värmdö","note":"Remplace Sandhamn comme point de passage frontalier officiel","mrgid":5694,"zone_name":"Sweden","country_iso2":"SE","validated":true,"distance_km":0.1,"geocode_source":"nominatim","source_urls":["https://www.tullverket.se/en/startpage/private/goods/seeallgoods/carandboat/sailingpleasureboatsacrossswedensborder.4.311bf4f016e69d6ea0da08.html"],"extracted_at":"2026-08-26T12:34:02Z"}},{"type":"Feature","geometry":{"type":"Point","coordinates":[18.0931068,59.3264192]},"properties":{"id":"16e7f067-812f-412e-abe7-f33e8f0cc214","name":"Wasahamnen","city":"Stockholm","note":"Port de Stockholm","mrgid":5694,"zone_name":"Sweden","country_iso2":"SE","validated":true,"distance_km":0.0,"geocode_source":"nominatim","source_urls":["https://www.tullverket.se/en/startpage/private/goods/seeallgoods/carandboat/sailingpleasureboatsacrossswedensborder.4.311bf4f016e69d6ea0da08.html"],"extracted_at":"2026-08-26T12:34:03Z"}},{"type":"Feature","geometry":{"type":"Point","coordinates":[18.0710935,59.3251172]},"properties":{"id":"17548d4b-703f-41b1-bfb2-09ed43a7e0c3","name":"Navishamnen","city":"Stockholm","note":"Port de Stockholm","mrgid":5694,"zone_name":"Sweden","country_iso2":"SE","validated":true,"distance_km":0.4,"geocode_source":"nominatim","source_urls":["https://www.tullverket.se/en/startpage/private/goods/seeallgoods/carandboat/sailingpleasureboatsacrossswedensborder.4.311bf4f016e69d6ea0da08.html"],"extracted_at":"2026-08-26T12:34:06Z"}},{"type":"Feature","geometry":{"type":"Point","coordinates":[17.9470987,58.9056457]},"properties":{"id":"e5cf4e06-7549-431a-b4d7-4c78507863d1","name":"Nynäshamn (Gästhamnen)","city":"Nynäshamn","note":null,"mrgid":5694,"zone_name":"Sweden","country_iso2":"SE","validated":true,"distance_km":0.8,"geocode_source":"nominatim","source_urls":["https://www.tullverket.se/en/startpage/private/goods/seeallgoods/carandboat/sailingpleasureboatsacrossswedensborder.4.311bf4f016e69d6ea0da08.html"],"extracted_at":"2026-08-26T12:34:08Z"}},{"type":"Feature","geometry":{"type":"Point","coordinates":[11.9652483,57.7116214]},"properties":{"id":"16983093-d4bb-441f-b4e5-ee2c0b4f55ad","name":"Göteborgs gästhamn","city":"Göteborg","note":null,"mrgid":5694,"zone_name":"Sweden","country_iso2":"SE","validated":true,"distance_km":0.0,"geocode_source":"nominatim","source_urls":["https://www.tullverket.se/en/startpage/private/goods/seeallgoods/carandboat/sailingpleasureboatsacrossswedensborder.4.311bf4f016e69d6ea0da08.html"],"extracted_at":"2026-08-26T12:34:10Z"}},{"type":"Feature","geometry":{"type":"Point","coordinates":[11.4430987,58.2771735]},"properties":{"id":"38e517d3-1764-4f77-b0df-22febf919cfa","name":"Lysekil (Gästhamnen)","city":"Lysekil","note":null,"mrgid":5694,"zone_name":"Sweden","country_iso2":"SE","validated":true,"distance_km":0.7,"geocode_source":"nominatim","source_urls":["https://www.tullverket.se/en/startpage/private/goods/seeallgoods/carandboat/sailingpleasureboatsacrossswedensborder.4.311bf4f016e69d6ea0da08.html"],"extracted_at":"2026-08-26T12:34:12Z"}},{"type":"Feature","geometry":{"type":"Point","coordinates":[12.2502949,57.1057412]},"properties":{"id":"5b3fd8db-2106-4132-bb85-f42241e45ffe","name":"Varberg","city":"Varberg","note":null,"mrgid":5694,"zone_name":"Sweden","country_iso2":"SE","validated":true,"distance_km":1.4,"geocode_source":"nominatim","source_urls":["https://www.tullverket.se/en/startpage/private/goods/seeallgoods/carandboat/sailingpleasureboatsacrossswedensborder.4.311bf4f016e69d6ea0da08.html"],"extracted_at":"2026-08-26T12:34:13Z"}},{"type":"Feature","geometry":{"type":"Point","coordinates":[12.4912926,56.904894]},"properties":{"id":"9411b786-d2e1-45f8-a36b-94c29942afa6","name":"Falkenberg","city":"Falkenberg","note":null,"mrgid":5694,"zone_name":"Sweden","country_iso2":"SE","validated":true,"distance_km":1.7,"geocode_source":"nominatim","source_urls":["https://www.tullverket.se/en/startpage/private/goods/seeallgoods/carandboat/sailingpleasureboatsacrossswedensborder.4.311bf4f016e69d6ea0da08.html"],"extracted_at":"2026-08-26T12:34:15Z"}},{"type":"Feature","geometry":{"type":"Point","coordinates":[12.8574827,56.6739826]},"properties":{"id":"97ec128a-c427-4a7d-bad6-b4fa9cddef2c","name":"Halmstad","city":"Halmstad","note":null,"mrgid":5694,"zone_name":"Sweden","country_iso2":"SE","validated":true,"distance_km":2.2,"geocode_source":"nominatim","source_urls":["https://www.tullverket.se/en/startpage/private/goods/seeallgoods/carandboat/sailingpleasureboatsacrossswedensborder.4.311bf4f016e69d6ea0da08.html"],"extracted_at":"2026-08-26T12:34:17Z"}},{"type":"Feature","geometry":{"type":"Point","coordinates":[12.703706,56.0442098]},"properties":{"id":"1d5afbe5-0c58-40d0-b83e-70526aec40bb","name":"Helsingborgs hamn (Norra hamnen)","city":"Helsingborg","note":null,"mrgid":5694,"zone_name":"Sweden","country_iso2":"SE","validated":true,"distance_km":1.4,"geocode_source":"nominatim","source_urls":["https://www.tullverket.se/en/startpage/private/goods/seeallgoods/carandboat/sailingpleasureboatsacrossswedensborder.4.311bf4f016e69d6ea0da08.html"],"extracted_at":"2026-08-26T12:34:26Z"}},{"type":"Feature","geometry":{"type":"Point","coordinates":[12.8296734,55.8698007]},"properties":{"id":"5d00aff0-0fa9-4f65-9546-596d867c535d","name":"Landskrona (Lundåkra hamn)","city":"Landskrona","note":null,"mrgid":5694,"zone_name":"Sweden","country_iso2":"SE","validated":true,"distance_km":0.8,"geocode_source":"nominatim","source_urls":["https://www.tullverket.se/en/startpage/private/goods/seeallgoods/carandboat/sailingpleasureboatsacrossswedensborder.4.311bf4f016e69d6ea0da08.html"],"extracted_at":"2026-08-26T12:34:30Z"}},{"type":"Feature","geometry":{"type":"Point","coordinates":[13.0001566,55.6052931]},"properties":{"id":"c81c6deb-0460-461b-9dde-db0af1c9bae2","name":"Malmö (Limhamns småbåtshamn & Dockans gästhamn)","city":"Malmö","note":null,"mrgid":5694,"zone_name":"Sweden","country_iso2":"SE","validated":true,"distance_km":0.3,"geocode_source":"nominatim","source_urls":["https://www.tullverket.se/en/startpage/private/goods/seeallgoods/carandboat/sailingpleasureboatsacrossswedensborder.4.311bf4f016e69d6ea0da08.html"],"extracted_at":"2026-08-26T12:34:35Z"}},{"type":"Feature","geometry":{"type":"Point","coordinates":[13.1461522,55.37592]},"properties":{"id":"5d08a439-b3b7-426f-8440-68943b8d718f","name":"Trelleborg (Gislöv)","city":"Trelleborg","note":null,"mrgid":5694,"zone_name":"Sweden","country_iso2":"SE","validated":true,"distance_km":0.4,"geocode_source":"nominatim","source_urls":["https://www.tullverket.se/en/startpage/private/goods/seeallgoods/carandboat/sailingpleasureboatsacrossswedensborder.4.311bf4f016e69d6ea0da08.html"],"extracted_at":"2026-08-26T12:34:39Z"}},{"type":"Feature","geometry":{"type":"Point","coordinates":[13.8201171,55.4295203]},"properties":{"id":"e1bd17a3-c567-47ac-9220-6c4ead056639","name":"Ystad (Småbåtshamnen)","city":"Ystad","note":null,"mrgid":5694,"zone_name":"Sweden","country_iso2":"SE","validated":true,"distance_km":1.0,"geocode_source":"nominatim","source_urls":["https://www.tullverket.se/en/startpage/private/goods/seeallgoods/carandboat/sailingpleasureboatsacrossswedensborder.4.311bf4f016e69d6ea0da08.html"],"extracted_at":"2026-08-26T12:34:44Z"}},{"type":"Feature","geometry":{"type":"Point","coordinates":[14.3523976,55.5590305]},"properties":{"id":"00cb99e4-a9ea-4514-ac5e-382632ef49d9","name":"Simrishamn (Småbåtshamnen)","city":"Simrishamn","note":null,"mrgid":5694,"zone_name":"Sweden","country_iso2":"SE","validated":true,"distance_km":0.3,"geocode_source":"nominatim","source_urls":["https://www.tullverket.se/en/startpage/private/goods/seeallgoods/carandboat/sailingpleasureboatsacrossswedensborder.4.311bf4f016e69d6ea0da08.html"],"extracted_at":"2026-08-26T12:34:46Z"}},{"type":"Feature","geometry":{"type":"Point","coordinates":[14.3016303,55.9238962]},"properties":{"id":"e5a86925-580a-4d26-8cbc-71049ddc29a5","name":"Åhus (Småbåtshamnen)","city":"Kristianstad","note":null,"mrgid":5694,"zone_name":"Sweden","country_iso2":"SE","validated":true,"distance_km":1.6,"geocode_source":"nominatim","source_urls":["https://www.tullverket.se/en/startpage/private/goods/seeallgoods/carandboat/sailingpleasureboatsacrossswedensborder.4.311bf4f016e69d6ea0da08.html"],"extracted_at":"2026-08-26T12:34:48Z"}},{"type":"Feature","geometry":{"type":"Point","coordinates":[14.8631279,56.1701723]},"properties":{"id":"c2323713-2360-4bd1-afa8-cb221687a841","name":"Karlshamns hamnar (Gästhamnen, Östra piren)","city":"Karlshamn","note":null,"mrgid":5694,"zone_name":"Sweden","country_iso2":"SE","validated":true,"distance_km":0.3,"geocode_source":"nominatim","source_urls":["https://www.tullverket.se/en/startpage/private/goods/seeallgoods/carandboat/sailingpleasureboatsacrossswedensborder.4.311bf4f016e69d6ea0da08.html"],"extracted_at":"2026-08-26T12:34:54Z"}},{"type":"Feature","geometry":{"type":"Point","coordinates":[15.5928077,56.167108]},"properties":{"id":"9349ed87-fc4d-4760-8590-7e1bef047b33","name":"Handelshamnen (Gästhamnen, Tallebryggan)","city":"Karlskrona","note":null,"mrgid":5694,"zone_name":"Sweden","country_iso2":"SE","validated":true,"distance_km":0.0,"geocode_source":"nominatim","source_urls":["https://www.tullverket.se/en/startpage/private/goods/seeallgoods/carandboat/sailingpleasureboatsacrossswedensborder.4.311bf4f016e69d6ea0da08.html"],"extracted_at":"2026-08-26T12:34:56Z"}},{"type":"Feature","geometry":{"type":"Point","coordinates":[16.3662382,56.6628826]},"properties":{"id":"449c8d3f-8bf7-4cbd-b70c-36b3c0e895aa","name":"Kalmar","city":"Kalmar","note":null,"mrgid":5694,"zone_name":"Sweden","country_iso2":"SE","validated":true,"distance_km":0.0,"geocode_source":"nominatim","source_urls":["https://www.tullverket.se/en/startpage/private/goods/seeallgoods/carandboat/sailingpleasureboatsacrossswedensborder.4.311bf4f016e69d6ea0da08.html"],"extracted_at":"2026-08-26T12:34:57Z"}},{"type":"Feature","geometry":{"type":"Point","coordinates":[16.4022793,56.2694038]},"properties":{"id":"5574b6a2-7bab-4409-80a2-5181d0426652","name":"Grönhögen","city":"Mörbylånga","note":"Île d'Öland","mrgid":5694,"zone_name":"Sweden","country_iso2":"SE","validated":true,"distance_km":0.9,"geocode_source":"nominatim","source_urls":["https://www.tullverket.se/en/startpage/private/goods/seeallgoods/carandboat/sailingpleasureboatsacrossswedensborder.4.311bf4f016e69d6ea0da08.html"],"extracted_at":"2026-08-26T12:34:58Z"}},{"type":"Feature","geometry":{"type":"Point","coordinates":[16.4443478,57.2632811]},"properties":{"id":"cebdf6fb-e05d-4865-8331-d90bde79dfea","name":"Oskarshamn","city":"Oskarshamn","note":null,"mrgid":5694,"zone_name":"Sweden","country_iso2":"SE","validated":true,"distance_km":1.1,"geocode_source":"nominatim","source_urls":["https://www.tullverket.se/en/startpage/private/goods/seeallgoods/carandboat/sailingpleasureboatsacrossswedensborder.4.311bf4f016e69d6ea0da08.html"],"extracted_at":"2026-08-26T12:34:59Z"}},{"type":"Feature","geometry":{"type":"Point","coordinates":[18.297982,57.6379361]},"properties":{"id":"f012b21b-13f1-44ee-ae5f-29e77c649913","name":"Visby","city":"Gotland","note":null,"mrgid":5694,"zone_name":"Sweden","country_iso2":"SE","validated":true,"distance_km":1.1,"geocode_source":"nominatim","source_urls":["https://www.tullverket.se/en/startpage/private/goods/seeallgoods/carandboat/sailingpleasureboatsacrossswedensborder.4.311bf4f016e69d6ea0da08.html"],"extracted_at":"2026-08-26T12:35:00Z"}},{"type":"Feature","geometry":{"type":"Point","coordinates":[18.8019196,57.7072207]},"properties":{"id":"a6c6e9f2-e221-4f7c-ac0e-4ac1f6f6c351","name":"Slite","city":"Gotland","note":null,"mrgid":5694,"zone_name":"Sweden","country_iso2":"SE","validated":true,"distance_km":0.0,"geocode_source":"nominatim","source_urls":["https://www.tullverket.se/en/startpage/private/goods/seeallgoods/carandboat/sailingpleasureboatsacrossswedensborder.4.311bf4f016e69d6ea0da08.html"],"extracted_at":"2026-08-26T12:35:01Z"}},{"type":"Feature","geometry":{"type":"Point","coordinates":[17.1467019,60.6750132]},"properties":{"id":"34ddce54-8bea-4fa9-9372-d7b4561f6721","name":"Gävle hamnar","city":"Gävle","note":null,"mrgid":5694,"zone_name":"Sweden","country_iso2":"SE","validated":true,"distance_km":2.9,"geocode_source":"nominatim","source_urls":["https://www.tullverket.se/en/startpage/private/goods/seeallgoods/carandboat/sailingpleasureboatsacrossswedensborder.4.311bf4f016e69d6ea0da08.html"],"extracted_at":"2026-08-26T12:35:10Z"}},{"type":"Feature","geometry":{"type":"Point","coordinates":[6.7313031,0.3389242]},"properties":{"id":"4bd4d277-a27a-467d-b5ff-c9104d28f716","name":"Port of São Tomé","city":"São Tomé City","note":"Port d'entrée international principal (Baía de Ana Chaves), formalités complètes de douane et immigration.","mrgid":21797,"zone_name":"São Tomé and Principe","country_iso2":"ST","validated":false,"distance_km":170.5,"geocode_source":"nominatim","source_urls":["https://stp.gov.st/ministerios_detail?id=sqyivowlh1xghotej425vtre"],"extracted_at":"2026-08-26T12:35:13Z"}},{"type":"Feature","geometry":{"type":"Point","coordinates":[7.4197765,1.6381528]},"properties":{"id":"3fa38d29-dc39-4363-989f-97ceda9a151d","name":"Port of Santo António","city":"Santo António","note":"Port d'entrée officiel desservant l'île de Principe (Baía de Santo António).","mrgid":21797,"zone_name":"São Tomé and Principe","country_iso2":"ST","validated":false,"distance_km":97.4,"geocode_source":"nominatim","source_urls":["https://stp.gov.st/ministerios_detail?id=sqyivowlh1xghotej425vtre"],"extracted_at":"2026-08-26T12:35:16Z"}},{"type":"Feature","geometry":{"type":"Point","coordinates":[121.7556113,25.1462479]},"properties":{"id":"837617f4-3e92-4e71-97fe-0441e7b88de0","name":"Keelung Port (基隆港)","city":"Keelung","note":"Port international approuvé pour l'entrée et les formalités CIQS des yachts.","mrgid":8321,"zone_name":"Taiwan","country_iso2":"TW","validated":true,"distance_km":0.0,"geocode_source":"nominatim","source_urls":["https://www.motc.gov.tw/uploaddowndoc?file=bussiness/201212101059390.pdf&filedisplay=101CIQS%25E4%25BF%25AE%25E6%25AD%25A3%25E7%2589%2588%255B10111%255D.pdf&flag=doc","https://www.ktnp.gov.tw/en/News_Content.aspx?n=7583964E4062DA65&sms=B7738727C0F4BEEB&s=FF265DD84704F3BD","https://gazette.nat.gov.tw/EG_FileManager/eguploadpub/eg017140/ch06/type3/gov50/num16/Eg.htm"],"extracted_at":"2026-08-26T12:35:57Z"}},{"type":"Feature","geometry":{"type":"Point","coordinates":[121.6357715,23.9942118]},"properties":{"id":"e9516831-52b8-41ab-8bf1-769bf4ce76b8","name":"Hualien Port (花蓮港)","city":"Hualien","note":"Port international approuvé pour l'entrée et les formalités CIQS des yachts.","mrgid":8321,"zone_name":"Taiwan","country_iso2":"TW","validated":true,"distance_km":0.1,"geocode_source":"nominatim","source_urls":["https://www.motc.gov.tw/uploaddowndoc?file=bussiness/201212101059390.pdf&filedisplay=101CIQS%25E4%25BF%25AE%25E6%25AD%25A3%25E7%2589%2588%255B10111%255D.pdf&flag=doc","https://www.ktnp.gov.tw/en/News_Content.aspx?n=7583964E4062DA65&sms=B7738727C0F4BEEB&s=FF265DD84704F3BD","https://gazette.nat.gov.tw/EG_FileManager/eguploadpub/eg017140/ch06/type3/gov50/num16/Eg.htm"],"extracted_at":"2026-08-26T12:35:58Z"}},{"type":"Feature","geometry":{"type":"Point","coordinates":[120.5233602,24.2561504]},"properties":{"id":"006dc614-6e18-4baa-9359-f59cdc541c44","name":"Taichung Port (臺中港)","city":"Taichung","note":"Port international approuvé pour l'entrée et les formalités CIQS des yachts.","mrgid":8321,"zone_name":"Taiwan","country_iso2":"TW","validated":true,"distance_km":0.6,"geocode_source":"nominatim","source_urls":["https://www.motc.gov.tw/uploaddowndoc?file=bussiness/201212101059390.pdf&filedisplay=101CIQS%25E4%25BF%25AE%25E6%25AD%25A3%25E7%2589%2588%255B10111%255D.pdf&flag=doc","https://www.ktnp.gov.tw/en/News_Content.aspx?n=7583964E4062DA65&sms=B7738727C0F4BEEB&s=FF265DD84704F3BD","https://gazette.nat.gov.tw/EG_FileManager/eguploadpub/eg017140/ch06/type3/gov50/num16/Eg.htm"],"extracted_at":"2026-08-26T12:35:59Z"}},{"type":"Feature","geometry":{"type":"Point","coordinates":[120.3138312,22.562923]},"properties":{"id":"07e01f6a-3b1d-4965-8f0a-fd1c5a88c3de","name":"Kaohsiung Port (高雄港)","city":"Kaohsiung","note":"Port international approuvé pour l'entrée et les formalités CIQS des yachts.","mrgid":8321,"zone_name":"Taiwan","country_iso2":"TW","validated":true,"distance_km":0.0,"geocode_source":"nominatim","source_urls":["https://www.motc.gov.tw/uploaddowndoc?file=bussiness/201212101059390.pdf&filedisplay=101CIQS%25E4%25BF%25AE%25E6%25AD%25A3%25E7%2589%2588%255B10111%255D.pdf&flag=doc","https://www.ktnp.gov.tw/en/News_Content.aspx?n=7583964E4062DA65&sms=B7738727C0F4BEEB&s=FF265DD84704F3BD","https://gazette.nat.gov.tw/EG_FileManager/eguploadpub/eg017140/ch06/type3/gov50/num16/Eg.htm"],"extracted_at":"2026-08-26T12:36:00Z"}},{"type":"Feature","geometry":{"type":"Point","coordinates":[39.2803583,-6.8160837]},"properties":{"id":"5ded7ce5-b367-4608-8f33-42852c741d97","name":"Port of Dar es Salaam","city":"Dar es Salaam","note":"Port d'entrée international principal de Tanzanie continentale","mrgid":8479,"zone_name":"Tanzania","country_iso2":"TZ","validated":true,"distance_km":0.7,"geocode_source":"nominatim","source_urls":["https://www.ports.go.tz/index.php/en/about-us/overviews","https://www.tra.go.tz/contact-us"],"extracted_at":"2026-08-26T12:36:04Z"}},{"type":"Feature","geometry":{"type":"Point","coordinates":[38.2275548,-5.202134]},"properties":{"id":"47174c6e-837f-4109-99fa-8b28642d7041","name":"Port of Tanga","city":"Tanga","note":"Port d'entrée international principal","mrgid":8479,"zone_name":"Tanzania","country_iso2":"TZ","validated":false,"distance_km":82.2,"geocode_source":"nominatim","source_urls":["https://www.ports.go.tz/index.php/en/about-us/overviews","https://www.tra.go.tz/contact-us"],"extracted_at":"2026-08-26T12:36:07Z"}},{"type":"Feature","geometry":{"type":"Point","coordinates":[39.0217984,-10.6990264]},"properties":{"id":"e5e98def-b80d-49ef-b9f3-addcb23d11eb","name":"Port of Mtwara","city":"Mtwara","note":"Port d'entrée international principal au sud de la Tanzanie","mrgid":8479,"zone_name":"Tanzania","country_iso2":"TZ","validated":false,"distance_km":87.7,"geocode_source":"nominatim","source_urls":["https://www.ports.go.tz/index.php/en/about-us/overviews","https://www.tra.go.tz/contact-us"],"extracted_at":"2026-08-26T12:36:10Z"}},{"type":"Feature","geometry":{"type":"Point","coordinates":[39.1965624,-6.1577281]},"properties":{"id":"b438049b-3e94-4d1b-b4a6-40999c78b663","name":"Malindi Port","city":"Stone Town","note":"Port d'entrée officiel pour l'archipel de Zanzibar (Unguja)","mrgid":8479,"zone_name":"Tanzania","country_iso2":"TZ","validated":true,"distance_km":0.0,"geocode_source":"nominatim","source_urls":["https://www.ports.go.tz/index.php/en/about-us/overviews","https://www.tra.go.tz/contact-us"],"extracted_at":"2026-08-26T12:36:14Z"}},{"type":"Feature","geometry":{"type":"Point","coordinates":[39.648449,-5.359994]},"properties":{"id":"386bfa7a-f524-4919-a678-20341d5f8900","name":"Mkoani Port","city":"Mkoani","note":"Port d'entrée sur l'île de Pemba (Zanzibar)","mrgid":8479,"zone_name":"Tanzania","country_iso2":"TZ","validated":true,"distance_km":0.6,"geocode_source":"nominatim","source_urls":["https://www.ports.go.tz/index.php/en/about-us/overviews","https://www.tra.go.tz/contact-us"],"extracted_at":"2026-08-26T12:36:17Z"}},{"type":"Feature","geometry":{"type":"Point","coordinates":[39.7279904,-5.056425]},"properties":{"id":"5ac39cc6-69b9-4ab4-b176-a1acb1970a05","name":"Wete Port","city":"Wete","note":"Port d'entrée sur l'île de Pemba (Zanzibar)","mrgid":8479,"zone_name":"Tanzania","country_iso2":"TZ","validated":true,"distance_km":1.6,"geocode_source":"nominatim","source_urls":["https://www.ports.go.tz/index.php/en/about-us/overviews","https://www.tra.go.tz/contact-us"],"extracted_at":"2026-08-26T12:36:20Z"}},{"type":"Feature","geometry":{"type":"Point","coordinates":[39.5087354,-8.9399795]},"properties":{"id":"76a44083-df39-4ec1-a9df-3fffb265881f","name":"Kilwa Port","city":"Kilwa Masoko","note":"Port secondaire de clearance douanière","mrgid":8479,"zone_name":"Tanzania","country_iso2":"TZ","validated":true,"distance_km":0.2,"geocode_source":"nominatim","source_urls":["https://www.ports.go.tz/index.php/en/about-us/overviews","https://www.tra.go.tz/contact-us"],"extracted_at":"2026-08-26T12:36:22Z"}},{"type":"Feature","geometry":{"type":"Point","coordinates":[39.8080259,-7.8166985]},"properties":{"id":"3381d6c4-b2fb-46eb-9b3c-22235c5eb9ce","name":"Mafia Port","city":"Kilindoni","note":"Port secondaire de clearance douanière (île de Mafia)","mrgid":8479,"zone_name":"Tanzania","country_iso2":"TZ","validated":true,"distance_km":2.7,"geocode_source":"nominatim","source_urls":["https://www.ports.go.tz/index.php/en/about-us/overviews","https://www.tra.go.tz/contact-us"],"extracted_at":"2026-08-26T12:36:25Z"}},{"type":"Feature","geometry":{"type":"Point","coordinates":[37.8997467,-9.3985098]},"properties":{"id":"3ddebe7b-9c2e-41db-b80b-8ebb014ecbbf","name":"Lindi Port","city":"Lindi","note":"Port secondaire de clearance douanière","mrgid":8479,"zone_name":"Tanzania","country_iso2":"TZ","validated":false,"distance_km":169.5,"geocode_source":"nominatim","source_urls":["https://www.ports.go.tz/index.php/en/about-us/overviews","https://www.tra.go.tz/contact-us"],"extracted_at":"2026-08-26T12:36:28Z"}},{"type":"Feature","geometry":{"type":"Point","coordinates":[38.0152059,-4.726861]},"properties":{"id":"06d3da1e-c0d1-4c67-bf93-60e4d80d3963","name":"Pangani Port","city":"Pangani","note":"Port secondaire de clearance douanière","mrgid":8479,"zone_name":"Tanzania","country_iso2":"TZ","validated":false,"distance_km":123.1,"geocode_source":"nominatim","source_urls":["https://www.ports.go.tz/index.php/en/about-us/overviews","https://www.tra.go.tz/contact-us"],"extracted_at":"2026-08-26T12:36:31Z"}},{"type":"Feature","geometry":{"type":"Point","coordinates":[38.9062189,-6.4422075]},"properties":{"id":"5bd1f810-73ae-4ee9-a392-c519cfb38914","name":"Bagamoyo Port","city":"Bagamoyo","note":"Port secondaire avec poste douanier","mrgid":8479,"zone_name":"Tanzania","country_iso2":"TZ","validated":true,"distance_km":0.8,"geocode_source":"nominatim","source_urls":["https://www.ports.go.tz/index.php/en/about-us/overviews","https://www.tra.go.tz/contact-us"],"extracted_at":"2026-08-26T12:36:35Z"}},{"type":"Feature","geometry":{"type":"Point","coordinates":[1.2848582,6.1439806]},"properties":{"id":"db841970-13d8-4d50-9982-613bfacc3454","name":"Port Autonome de Lomé","city":"Lomé","note":"Seul port d'entrée maritime désigné pour les formalités de douane et d'immigration de la plaisance.","mrgid":8392,"zone_name":"Togo","country_iso2":"TG","validated":true,"distance_km":0.0,"geocode_source":"nominatim","source_urls":["https://service-public.gouv.tg/single-administration/63d2e126bca4312a3da4000a"],"extracted_at":"2026-08-26T12:36:53Z"}},{"type":"Feature","geometry":{"type":"Point","coordinates":[98.3529292,7.9366015]},"properties":{"id":"c9b24c51-d19e-45d9-9978-821020f44535","name":"Phuket Yacht Control Center (PYCC) / ท่าเทียบเรืออ่าวฉลอง (Ao Chalong Pier)","city":"Phuket","note":"Guichet unique (One Stop Service) pour les formalités d'entrée des yachts et navires de plaisance.","mrgid":8332,"zone_name":"Thailand","country_iso2":"TH","validated":true,"distance_km":5.2,"geocode_source":"nominatim","source_urls":["https://ddc.moph.go.th/odpc12/news.php?news=58656&deptcode=odpc12","https://suratthani.imm.police.go.th/wp-content/uploads/2026/07/%E0%B8%84%E0%B8%B9%E0%B9%88%E0%B8%A1%E0%B8%B7%E0%B8%AD%E0%B8%AA%E0%B8%B3%E0%B8%AB%E0%B8%A3%E0%B8%B1%E0%B8%9A%E0%B8%9B%E0%B8%A3%E0%B8%B0%E0%B8%8A%E0%B8%B2%E0%B8%8A%E0%B8%99-%E0%B8%AA%E0%B8%95%E0%B8%A1.-%E0%B8%A0%E0%B8%B2%E0%B8%A9%E0%B8%B2%E0%B8%AD%E0%B8%B1%E0%B8%87%E0%B8%81%E0%B8%A4%E0%B8%A9-upload-1.pdf"],"extracted_at":"2026-08-26T12:36:50Z"}},{"type":"Feature","geometry":{"type":"Point","coordinates":[99.1097298,8.1111653]},"properties":{"id":"30ee1d95-d200-49e2-9023-a4e8469ca2c7","name":"Krabi Port / River Marina","city":"Krabi","note":"Point d'entrée officiel avec bureau de douane et d'immigration.","mrgid":8332,"zone_name":"Thailand","country_iso2":"TH","validated":true,"distance_km":15.3,"geocode_source":"nominatim","source_urls":["https://ddc.moph.go.th/odpc12/news.php?news=58656&deptcode=odpc12","https://suratthani.imm.police.go.th/wp-content/uploads/2026/07/%E0%B8%84%E0%B8%B9%E0%B9%88%E0%B8%A1%E0%B8%B7%E0%B8%AD%E0%B8%AA%E0%B8%B3%E0%B8%AB%E0%B8%A3%E0%B8%B1%E0%B8%9A%E0%B8%9B%E0%B8%A3%E0%B8%B0%E0%B8%8A%E0%B8%B2%E0%B8%8A%E0%B8%99-%E0%B8%AA%E0%B8%95%E0%B8%A1.-%E0%B8%A0%E0%B8%B2%E0%B8%A9%E0%B8%B2%E0%B8%AD%E0%B8%B1%E0%B8%87%E0%B8%81%E0%B8%A4%E0%B8%A9-upload-1.pdf"],"extracted_at":"2026-08-26T12:36:56Z"}},{"type":"Feature","geometry":{"type":"Point","coordinates":[99.9307916,9.5359969]},"properties":{"id":"2f87a9a4-abd6-48af-be90-60acc3b089d0","name":"Nathon Pier","city":"Koh Samui","note":"Poste de contrôle douanier et d'immigration pour les navires de passage.","mrgid":8332,"zone_name":"Thailand","country_iso2":"TH","validated":true,"distance_km":1.6,"geocode_source":"nominatim","source_urls":["https://ddc.moph.go.th/odpc12/news.php?news=58656&deptcode=odpc12","https://suratthani.imm.police.go.th/wp-content/uploads/2026/07/%E0%B8%84%E0%B8%B9%E0%B9%88%E0%B8%A1%E0%B8%B7%E0%B8%AD%E0%B8%AA%E0%B8%B3%E0%B8%AB%E0%B8%A3%E0%B8%B1%E0%B8%9A%E0%B8%9B%E0%B8%A3%E0%B8%B0%E0%B8%8A%E0%B8%B2%E0%B8%8A%E0%B8%99-%E0%B8%AA%E0%B8%95%E0%B8%A1.-%E0%B8%A0%E0%B8%B2%E0%B8%A9%E0%B8%B2%E0%B8%AD%E0%B8%B1%E0%B8%87%E0%B8%81%E0%B8%A4%E0%B8%A9-upload-1.pdf"],"extracted_at":"2026-08-26T12:36:57Z"}},{"type":"Feature","geometry":{"type":"Point","coordinates":[100.9106395,12.828074]},"properties":{"id":"dd83adde-f44a-4403-a504-560082b6a611","name":"Ocean Marina Yacht Club","city":"Pattaya / Sattahip","note":"Marina et point d'entrée pour la plaisance dans le golfe de Thaïlande.","mrgid":8332,"zone_name":"Thailand","country_iso2":"TH","validated":true,"distance_km":0.8,"geocode_source":"nominatim","source_urls":["https://ddc.moph.go.th/odpc12/news.php?news=58656&deptcode=odpc12","https://suratthani.imm.police.go.th/wp-content/uploads/2026/07/%E0%B8%84%E0%B8%B9%E0%B9%88%E0%B8%A1%E0%B8%B7%E0%B8%AD%E0%B8%AA%E0%B8%B3%E0%B8%AB%E0%B8%A3%E0%B8%B1%E0%B8%9A%E0%B8%9B%E0%B8%A3%E0%B8%B0%E0%B8%8A%E0%B8%B2%E0%B8%8A%E0%B8%99-%E0%B8%AA%E0%B8%95%E0%B8%A1.-%E0%B8%A0%E0%B8%B2%E0%B8%A9%E0%B8%B2%E0%B8%AD%E0%B8%B1%E0%B8%87%E0%B8%81%E0%B8%A4%E0%B8%A9-upload-1.pdf"],"extracted_at":"2026-08-26T12:36:59Z"}},{"type":"Feature","geometry":{"type":"Point","coordinates":[100.0689898,6.5334263]},"properties":{"id":"ea613423-8b08-4951-9844-852cc0cbddf8","name":"Tammalang Pier","city":"Satun","note":"Poste frontière maritime pour les formalités d'immigration et de douane.","mrgid":8332,"zone_name":"Thailand","country_iso2":"TH","validated":true,"distance_km":0.0,"geocode_source":"nominatim","source_urls":["https://ddc.moph.go.th/odpc12/news.php?news=58656&deptcode=odpc12","https://suratthani.imm.police.go.th/wp-content/uploads/2026/07/%E0%B8%84%E0%B8%B9%E0%B9%88%E0%B8%A1%E0%B8%B7%E0%B8%AD%E0%B8%AA%E0%B8%B3%E0%B8%AB%E0%B8%A3%E0%B8%B1%E0%B8%9A%E0%B8%9B%E0%B8%A3%E0%B8%B0%E0%B8%8A%E0%B8%B2%E0%B8%8A%E0%B8%99-%E0%B8%AA%E0%B8%95%E0%B8%A1.-%E0%B8%A0%E0%B8%B2%E0%B8%A9%E0%B8%B2%E0%B8%AD%E0%B8%B1%E0%B8%87%E0%B8%81%E0%B8%A4%E0%B8%A9-upload-1.pdf"],"extracted_at":"2026-08-26T12:37:00Z"}},{"type":"Feature","geometry":{"type":"Point","coordinates":[98.6111804,10.005765]},"properties":{"id":"dd1960a2-fc87-42b9-a94a-0274eca59ca6","name":"Ranong Port","city":"Ranong","note":"Point d'entrée officiel au nord de la côte d'Andaman.","mrgid":8332,"zone_name":"Thailand","country_iso2":"TH","validated":true,"distance_km":0.0,"geocode_source":"nominatim","source_urls":["https://ddc.moph.go.th/odpc12/news.php?news=58656&deptcode=odpc12","https://suratthani.imm.police.go.th/wp-content/uploads/2026/07/%E0%B8%84%E0%B8%B9%E0%B9%88%E0%B8%A1%E0%B8%B7%E0%B8%AD%E0%B8%AA%E0%B8%B3%E0%B8%AB%E0%B8%A3%E0%B8%B1%E0%B8%9A%E0%B8%9B%E0%B8%A3%E0%B8%B0%E0%B8%8A%E0%B8%B2%E0%B8%8A%E0%B8%99-%E0%B8%AA%E0%B8%95%E0%B8%A1.-%E0%B8%A0%E0%B8%B2%E0%B8%A9%E0%B8%B2%E0%B8%AD%E0%B8%B1%E0%B8%87%E0%B8%81%E0%B8%A4%E0%B8%A9-upload-1.pdf"],"extracted_at":"2026-08-26T12:37:01Z"}},{"type":"Feature","geometry":{"type":"Point","coordinates":[100.569692,7.2280171]},"properties":{"id":"f95dc1a7-af22-4921-a415-f1d2cec4ad86","name":"Songkhla Port","city":"Songkhla","note":"Port d'entrée avec services des douanes et de l'immigration au sud du golfe de Thaïlande.","mrgid":8332,"zone_name":"Thailand","country_iso2":"TH","validated":true,"distance_km":0.1,"geocode_source":"nominatim","source_urls":["https://ddc.moph.go.th/odpc12/news.php?news=58656&deptcode=odpc12","https://suratthani.imm.police.go.th/wp-content/uploads/2026/07/%E0%B8%84%E0%B8%B9%E0%B9%88%E0%B8%A1%E0%B8%B7%E0%B8%AD%E0%B8%AA%E0%B8%B3%E0%B8%AB%E0%B8%A3%E0%B8%B1%E0%B8%9A%E0%B8%9B%E0%B8%A3%E0%B8%B0%E0%B8%8A%E0%B8%B2%E0%B8%8A%E0%B8%99-%E0%B8%AA%E0%B8%95%E0%B8%A1.-%E0%B8%A0%E0%B8%B2%E0%B8%A9%E0%B8%B2%E0%B8%AD%E0%B8%B1%E0%B8%87%E0%B8%81%E0%B8%A4%E0%B8%A9-upload-1.pdf"],"extracted_at":"2026-08-26T12:37:02Z"}},{"type":"Feature","geometry":{"type":"Point","coordinates":[-172.5178146,-8.5387728]},"properties":{"id":"85cd45d2-5cec-427d-b460-fb8863eefc2f","name":"Atafu Atoll","city":"Atafu Village","note":"Mouillage extérieur. Clearance via le Taupulega local ; permis d'entrée préalable obligatoire.","mrgid":8449,"zone_name":"Tokelau","country_iso2":"TK","validated":true,"distance_km":0.0,"geocode_source":"nominatim","source_urls":[],"extracted_at":"2026-08-26T12:37:13Z"}},{"type":"Feature","geometry":{"type":"Point","coordinates":[-171.2414826,-9.3735594]},"properties":{"id":"3a0d11ba-f8cb-4659-8072-3fad51f3e282","name":"Fakaofo Atoll","city":"Fale / Fenua Fala","note":"Mouillage extérieur. Clearance via le Taupulega local ; permis d'entrée préalable obligatoire.","mrgid":8449,"zone_name":"Tokelau","country_iso2":"TK","validated":true,"distance_km":2.1,"geocode_source":"nominatim","source_urls":[],"extracted_at":"2026-08-26T12:37:15Z"}},{"type":"Feature","geometry":{"type":"Point","coordinates":[-171.831745,-9.1612387]},"properties":{"id":"d5dd8592-0df1-4b94-9735-b2a1e96271d1","name":"Nukunonu Atoll","city":"Nukunonu Village","note":"Mouillage extérieur. Clearance via le Taupulega local ; permis d'entrée préalable obligatoire.","mrgid":8449,"zone_name":"Tokelau","country_iso2":"TK","validated":true,"distance_km":3.8,"geocode_source":"nominatim","source_urls":[],"extracted_at":"2026-08-26T12:37:17Z"}},{"type":"Feature","geometry":{"type":"Point","coordinates":[-175.201808,-21.1343401]},"properties":{"id":"509f4e98-b3f6-4910-9534-68dcfd8970fc","name":"Nukuʻalofa Port / Queen Salote Wharf","city":"Nukuʻalofa","note":"Situé sur l'île de Tongatapu.","mrgid":8448,"zone_name":"Tonga","country_iso2":"TO","validated":true,"distance_km":0.6,"geocode_source":"nominatim","source_urls":[],"extracted_at":"2026-08-26T12:37:21Z"}},{"type":"Feature","geometry":{"type":"Point","coordinates":[-173.9833124,-18.6515538]},"properties":{"id":"555464ba-a00c-4b39-90e1-2af863b1a94b","name":"Halaevalu Wharf / Port of Neiafu","city":"Neiafu","note":"Situé dans le groupe d'îles de Vavaʻu.","mrgid":8448,"zone_name":"Tonga","country_iso2":"TO","validated":true,"distance_km":0.0,"geocode_source":"nominatim","source_urls":[],"extracted_at":"2026-08-26T12:37:24Z"}},{"type":"Feature","geometry":{"type":"Point","coordinates":[-174.3489373,-19.8054603]},"properties":{"id":"514d314d-d6dc-4c98-a593-51d19d40d9a9","name":"Taufaʻahau Wharf","city":"Pangai","note":"Situé sur l'île de Lifuka (Haʻapai).","mrgid":8448,"zone_name":"Tonga","country_iso2":"TO","validated":true,"distance_km":0.4,"geocode_source":"nominatim","source_urls":[],"extracted_at":"2026-08-26T12:37:29Z"}},{"type":"Feature","geometry":{"type":"Point","coordinates":[-174.956145,-21.3413217]},"properties":{"id":"09538e83-d141-446d-93a0-d0b2e066b783","name":"Nafanua Port / Harbour","city":"ʻOhonua","note":"Situé sur l'île d'ʻEua.","mrgid":8448,"zone_name":"Tonga","country_iso2":"TO","validated":true,"distance_km":0.0,"geocode_source":"nominatim","source_urls":[],"extracted_at":"2026-08-26T12:37:33Z"}},{"type":"Feature","geometry":{"type":"Point","coordinates":[-12.2826484,-37.1162068]},"properties":{"id":"4e1637a8-96ad-48b7-893c-7e70a0088b60","name":"Calshot Harbour / The Settlement Anchorage","city":"Edinburgh of the Seven Seas","note":"Mouillage au large obligatoire ; débarquement en annexe au port pour formalités d'immigration et de douane.","mrgid":8382,"zone_name":"Tristan da Cunha","country_iso2":"SH","validated":true,"distance_km":4.6,"geocode_source":"nominatim","source_urls":["https://www.gov.uk/government/publications/form-mn1-guidance/form-mn1-guidance-accessible-version"],"extracted_at":"2026-08-26T12:38:07Z"}},{"type":"Feature","geometry":{"type":"Point","coordinates":[-61.6323281,10.6782315]},"properties":{"id":"970bc450-1134-4044-8d37-414fcc150225","name":"Chaguaramas","city":"Chaguaramas","note":"Principal port d'entrée et centre de clearance pour les navires de plaisance à Trinidad.","mrgid":8420,"zone_name":"Trinidad and Tobago","country_iso2":"TT","validated":true,"distance_km":0.0,"geocode_source":"nominatim","source_urls":["http://www.customs.gov.tt/importing/ports-of-entry","http://laws.gov.tt/ttdll-web/revision/download/79428?type=act"],"extracted_at":"2026-08-26T12:37:56Z"}},{"type":"Feature","geometry":{"type":"Point","coordinates":[-61.629889,10.6704767]},"properties":{"id":"4f8f6a84-7634-4176-b4b3-5bdcb6b07779","name":"Point Gourde","city":"Chaguaramas","note":"Poste de douane et clearance maritime (Berth 9A).","mrgid":8420,"zone_name":"Trinidad and Tobago","country_iso2":"TT","validated":true,"distance_km":0.0,"geocode_source":"nominatim","source_urls":["http://www.customs.gov.tt/importing/ports-of-entry","http://laws.gov.tt/ttdll-web/revision/download/79428?type=act"],"extracted_at":"2026-08-26T12:37:57Z"}},{"type":"Feature","geometry":{"type":"Point","coordinates":[-60.7357017,11.1816819]},"properties":{"id":"2b977f01-31ed-4285-a332-77f715dd0781","name":"Scarborough","city":"Scarborough","note":"Port d'entrée officiel pour les yachts à Tobago (côte sud).","mrgid":8420,"zone_name":"Trinidad and Tobago","country_iso2":"TT","validated":true,"distance_km":2.2,"geocode_source":"nominatim","source_urls":["http://www.customs.gov.tt/importing/ports-of-entry","http://laws.gov.tt/ttdll-web/revision/download/79428?type=act"],"extracted_at":"2026-08-26T12:37:58Z"}},{"type":"Feature","geometry":{"type":"Point","coordinates":[-60.5476187,11.3199174]},"properties":{"id":"761f61a7-a109-43aa-848e-1f0e69b0bf77","name":"Charlotteville","city":"Charlotteville","note":"Port d'entrée officiel pour les yachts à Tobago (Man-o-War Bay).","mrgid":8420,"zone_name":"Trinidad and Tobago","country_iso2":"TT","validated":true,"distance_km":1.0,"geocode_source":"nominatim","source_urls":["http://www.customs.gov.tt/importing/ports-of-entry","http://laws.gov.tt/ttdll-web/revision/download/79428?type=act"],"extracted_at":"2026-08-26T12:37:59Z"}},{"type":"Feature","geometry":{"type":"Point","coordinates":[-61.5180173,10.6572678]},"properties":{"id":"21d3391b-0e82-42db-b545-c012466341b2","name":"Port-of-Spain Wharves","city":"Port of Spain","note":"Port d'entrée maritime officiel.","mrgid":8420,"zone_name":"Trinidad and Tobago","country_iso2":"TT","validated":true,"distance_km":0.9,"geocode_source":"nominatim","source_urls":["http://www.customs.gov.tt/importing/ports-of-entry","http://laws.gov.tt/ttdll-web/revision/download/79428?type=act"],"extracted_at":"2026-08-26T12:38:03Z"}},{"type":"Feature","geometry":{"type":"Point","coordinates":[-61.4689502,10.2790182]},"properties":{"id":"8808e322-2b49-44be-a6cd-3177f598f84f","name":"San Fernando","city":"San Fernando","note":"Port maritime officiel avec présence douanière.","mrgid":8420,"zone_name":"Trinidad and Tobago","country_iso2":"TT","validated":true,"distance_km":0.7,"geocode_source":"nominatim","source_urls":["http://www.customs.gov.tt/importing/ports-of-entry","http://laws.gov.tt/ttdll-web/revision/download/79428?type=act"],"extracted_at":"2026-08-26T12:38:05Z"}},{"type":"Feature","geometry":{"type":"Point","coordinates":[-61.8620284,10.0903708]},"properties":{"id":"c2bd5335-5bf9-472f-9a6c-534d7b3e3dff","name":"Cedros","city":"Cedros","note":"Port maritime officiel avec présence douanière.","mrgid":8420,"zone_name":"Trinidad and Tobago","country_iso2":"TT","validated":true,"distance_km":0.0,"geocode_source":"nominatim","source_urls":["http://www.customs.gov.tt/importing/ports-of-entry","http://laws.gov.tt/ttdll-web/revision/download/79428?type=act"],"extracted_at":"2026-08-26T12:38:08Z"}},{"type":"Feature","geometry":{"type":"Point","coordinates":[-61.4810906,10.3948969]},"properties":{"id":"23b655fe-ab6b-4c31-a9d1-cb8917f0d0ab","name":"Point Lisas","city":"Point Lisas","note":"Port maritime officiel avec présence douanière.","mrgid":8420,"zone_name":"Trinidad and Tobago","country_iso2":"TT","validated":true,"distance_km":0.0,"geocode_source":"nominatim","source_urls":["http://www.customs.gov.tt/importing/ports-of-entry","http://laws.gov.tt/ttdll-web/revision/download/79428?type=act"],"extracted_at":"2026-08-26T12:38:09Z"}},{"type":"Feature","geometry":{"type":"Point","coordinates":[-61.6862264,10.1774973]},"properties":{"id":"db81f2f5-b888-4a9e-abb1-5a40233da9c2","name":"Point Fortin","city":"Point Fortin","note":"Port maritime officiel avec présence douanière.","mrgid":8420,"zone_name":"Trinidad and Tobago","country_iso2":"TT","validated":true,"distance_km":1.4,"geocode_source":"nominatim","source_urls":["http://www.customs.gov.tt/importing/ports-of-entry","http://laws.gov.tt/ttdll-web/revision/download/79428?type=act"],"extracted_at":"2026-08-26T12:38:10Z"}},{"type":"Feature","geometry":{"type":"Point","coordinates":[-61.6214384,10.2366055]},"properties":{"id":"e57f3430-b4cf-4547-b25b-51cc7fe5ad6f","name":"Brighton","city":"La Brea","note":"Port maritime officiel avec présence douanière.","mrgid":8420,"zone_name":"Trinidad and Tobago","country_iso2":"TT","validated":true,"distance_km":0.0,"geocode_source":"nominatim","source_urls":["http://www.customs.gov.tt/importing/ports-of-entry","http://laws.gov.tt/ttdll-web/revision/download/79428?type=act"],"extracted_at":"2026-08-26T12:38:11Z"}},{"type":"Feature","geometry":{"type":"Point","coordinates":[-61.4496565,10.3282109]},"properties":{"id":"e82163a8-a417-4c55-ab85-3ce8b7f78f56","name":"Pointe-a-Pierre","city":"Pointe-à-Pierre","note":"Port maritime officiel avec présence douanière.","mrgid":8420,"zone_name":"Trinidad and Tobago","country_iso2":"TT","validated":true,"distance_km":1.1,"geocode_source":"nominatim","source_urls":["http://www.customs.gov.tt/importing/ports-of-entry","http://laws.gov.tt/ttdll-web/revision/download/79428?type=act"],"extracted_at":"2026-08-26T12:38:12Z"}},{"type":"Feature","geometry":{"type":"Point","coordinates":[-60.966611,10.8085205]},"properties":{"id":"40fc56a7-9222-4f64-a0ae-d851483ff66f","name":"Cocorite","city":null,"note":"Port maritime officiel avec présence douanière.","mrgid":8420,"zone_name":"Trinidad and Tobago","country_iso2":"TT","validated":true,"distance_km":0.9,"geocode_source":"nominatim","source_urls":["http://www.customs.gov.tt/importing/ports-of-entry","http://laws.gov.tt/ttdll-web/revision/download/79428?type=act"],"extracted_at":"2026-08-26T12:38:13Z"}},{"type":"Feature","geometry":{"type":"Point","coordinates":[-61.5928155,10.6881668]},"properties":{"id":"97e9822b-a7b2-49e3-8b66-2a64150a7f43","name":"Tembladora","city":"Carenage","note":"Port maritime officiel avec présence douanière.","mrgid":8420,"zone_name":"Trinidad and Tobago","country_iso2":"TT","validated":true,"distance_km":1.0,"geocode_source":"nominatim","source_urls":["http://www.customs.gov.tt/importing/ports-of-entry","http://laws.gov.tt/ttdll-web/revision/download/79428?type=act"],"extracted_at":"2026-08-26T12:38:17Z"}},{"type":"Feature","geometry":{"type":"Point","coordinates":[8.7573829,36.9545614]},"properties":{"id":"80f260ad-d9e5-469c-a65b-4692438ad757","name":"Tabarka","city":"Tabarka","note":"Bureau frontalier de Tabarka (DR Jendouba)","mrgid":8366,"zone_name":"Tunisia","country_iso2":"TN","validated":true,"distance_km":0.7,"geocode_source":"nominatim","source_urls":[],"extracted_at":"2026-08-26T12:38:31Z"}},{"type":"Feature","geometry":{"type":"Point","coordinates":[9.8708565,37.2720905]},"properties":{"id":"85cdd71b-bf7f-42aa-986a-c5b75b0ef755","name":"Bizerte","city":"Bizerte","note":"Bureau frontalier de Bizerte (DR Tunis-Nord)","mrgid":8366,"zone_name":"Tunisia","country_iso2":"TN","validated":true,"distance_km":0.4,"geocode_source":"nominatim","source_urls":[],"extracted_at":"2026-08-26T12:38:32Z"}},{"type":"Feature","geometry":{"type":"Point","coordinates":[10.3481751,36.8726488]},"properties":{"id":"dbc9c816-d13f-4c1d-9424-5010dd896976","name":"Sidi Bou Saïd","city":"Sidi Bou Saïd","note":"Bureau frontalier de La Goulette-Nord (DR Tunis-Nord)","mrgid":8366,"zone_name":"Tunisia","country_iso2":"TN","validated":true,"distance_km":0.4,"geocode_source":"nominatim","source_urls":[],"extracted_at":"2026-08-26T12:38:33Z"}},{"type":"Feature","geometry":{"type":"Point","coordinates":[10.282835,36.8436754]},"properties":{"id":"123eb2ae-344b-4b3f-a7ae-9542a7fdcb2a","name":"La Goulette-Nord","city":"La Goulette","note":"Bureau frontalier de La Goulette-Nord (DR Tunis-Nord)","mrgid":8366,"zone_name":"Tunisia","country_iso2":"TN","validated":true,"distance_km":3.7,"geocode_source":"nominatim","source_urls":[],"extracted_at":"2026-08-26T12:38:34Z"}},{"type":"Feature","geometry":{"type":"Point","coordinates":[11.0935701,36.8456561]},"properties":{"id":"9edd6164-1459-490c-afc4-f8788abe9f58","name":"Kélibia","city":"Kélibia","note":"Bureau régional de Nabeul (DR Tunis-Sud)","mrgid":8366,"zone_name":"Tunisia","country_iso2":"TN","validated":true,"distance_km":2.0,"geocode_source":"nominatim","source_urls":[],"extracted_at":"2026-08-26T12:38:35Z"}},{"type":"Feature","geometry":{"type":"Point","coordinates":[10.5411468,36.3746888]},"properties":{"id":"498510cb-6aa9-4686-aa49-d123b5a6175c","name":"Yasmine Hammamet","city":"Hammamet","note":"Bureau régional de Nabeul (DR Tunis-Sud)","mrgid":8366,"zone_name":"Tunisia","country_iso2":"TN","validated":true,"distance_km":0.6,"geocode_source":"nominatim","source_urls":[],"extracted_at":"2026-08-26T12:38:37Z"}},{"type":"Feature","geometry":{"type":"Point","coordinates":[10.5965202,35.8936974]},"properties":{"id":"a2ba138c-40f0-4e22-b2b0-a0bd02289a29","name":"Port El Kantaoui (Sousse)","city":"Hammam Sousse","note":"Bureau frontalier de Sousse (DR Sousse)","mrgid":8366,"zone_name":"Tunisia","country_iso2":"TN","validated":true,"distance_km":0.7,"geocode_source":"nominatim","source_urls":[],"extracted_at":"2026-08-26T12:38:38Z"}},{"type":"Feature","geometry":{"type":"Point","coordinates":[10.831581,35.7802419]},"properties":{"id":"2fb05342-24fa-42d4-97a4-d31ef1075c4e","name":"Marina Monastir (Cap Monastir)","city":"Monastir","note":"Bureau frontalier de Monastir (DR Sousse)","mrgid":8366,"zone_name":"Tunisia","country_iso2":"TN","validated":true,"distance_km":0.1,"geocode_source":"nominatim","source_urls":[],"extracted_at":"2026-08-26T12:38:40Z"}},{"type":"Feature","geometry":{"type":"Point","coordinates":[11.0682429,35.503642]},"properties":{"id":"4d3e87f3-6a64-464a-87c5-d635650d0ba0","name":"Mahdia","city":"Mahdia","note":"Bureau régional de Mahdia (DR Sousse)","mrgid":8366,"zone_name":"Tunisia","country_iso2":"TN","validated":true,"distance_km":1.3,"geocode_source":"nominatim","source_urls":[],"extracted_at":"2026-08-26T12:38:41Z"}},{"type":"Feature","geometry":{"type":"Point","coordinates":[11.0301885,33.8270288]},"properties":{"id":"7de3d235-158f-47c8-b932-5b3b5660df33","name":"Jerba Houmt-Souk","city":"Houmt Souk, Djerba","note":"Bureau frontalier de Jerba (DR Médenine)","mrgid":8366,"zone_name":"Tunisia","country_iso2":"TN","validated":true,"distance_km":0.0,"geocode_source":"nominatim","source_urls":[],"extracted_at":"2026-08-26T12:38:42Z"}},{"type":"Feature","geometry":{"type":"Point","coordinates":[53.0180848,40.0046379]},"properties":{"id":"19ebbf9c-6070-46d3-beb8-2650f91e4e5e","name":"Turkmenbashi International Seaport","city":"Turkmenbashi","note":"Unique point d'entrée maritime officiel pour le contrôle des frontières, l'immigration et la douane.","mrgid":26523,"zone_name":"Turkmenistan","country_iso2":"TM","validated":true,"distance_km":0.0,"geocode_source":"nominatim","source_urls":["https://tdh.gov.tm/index.php/en/post/34290/international-seaport-turkmenbashy-most-important-link-transit-infrastructure-eurasian-continent","https://turkmenistan.gov.tm/en/post/70911/turkmenbashi-international-sea-port-plays-growing-role-international-cargo-transportation"],"extracted_at":"2026-08-26T12:39:14Z"}},{"type":"Feature","geometry":{"type":"Point","coordinates":[30.7030242,36.8865728]},"properties":{"id":"fe43d020-a74a-40ce-a807-9d0433fcc56b","name":"Alanya","city":"Antalya","note":"Port d'entrée maritime permanent (Deniz Hudut Kapısı)","mrgid":5697,"zone_name":"Turkey","country_iso2":"TR","validated":true,"distance_km":0.5,"geocode_source":"nominatim","source_urls":["https://www.egm.gov.tr/gocmenhudut/eniz-hudut-kapilari","https://ticaret.gov.tr/gumruk-islemleri/gumruk-idareleri/hudut-kapilari/deniz-hudut-kapilari"],"extracted_at":"2026-08-26T12:38:59Z"}},{"type":"Feature","geometry":{"type":"Point","coordinates":[29.6413365,36.1993752]},"properties":{"id":"27994c33-6aa9-44e8-9076-b5ab0751b983","name":"Kaş","city":"Antalya","note":"Port d'entrée maritime permanent","mrgid":5697,"zone_name":"Turkey","country_iso2":"TR","validated":true,"distance_km":0.4,"geocode_source":"nominatim","source_urls":["https://www.egm.gov.tr/gocmenhudut/eniz-hudut-kapilari","https://ticaret.gov.tr/gumruk-islemleri/gumruk-idareleri/hudut-kapilari/deniz-hudut-kapilari"],"extracted_at":"2026-08-26T12:39:00Z"}},{"type":"Feature","geometry":{"type":"Point","coordinates":[29.6312823,36.2038172]},"properties":{"id":"e0827be9-a4f5-48ab-8922-fc9019394954","name":"Kaş-Setur Marina","city":"Antalya","note":"Marina d'entrée maritime temporaire","mrgid":5697,"zone_name":"Turkey","country_iso2":"TR","validated":true,"distance_km":0.1,"geocode_source":"nominatim","source_urls":["https://www.egm.gov.tr/gocmenhudut/eniz-hudut-kapilari","https://ticaret.gov.tr/gumruk-islemleri/gumruk-idareleri/hudut-kapilari/deniz-hudut-kapilari"],"extracted_at":"2026-08-26T12:39:01Z"}},{"type":"Feature","geometry":{"type":"Point","coordinates":[30.7030242,36.8865728]},"properties":{"id":"247a507e-cf49-45b0-9784-a21738000cc9","name":"Antalya","city":"Antalya","note":"Port d'entrée maritime permanent","mrgid":5697,"zone_name":"Turkey","country_iso2":"TR","validated":true,"distance_km":0.5,"geocode_source":"nominatim","source_urls":["https://www.egm.gov.tr/gocmenhudut/eniz-hudut-kapilari","https://ticaret.gov.tr/gumruk-islemleri/gumruk-idareleri/hudut-kapilari/deniz-hudut-kapilari"],"extracted_at":"2026-08-26T12:39:03Z"}},{"type":"Feature","geometry":{"type":"Point","coordinates":[30.1445334,36.3046148]},"properties":{"id":"2d37c93b-ba18-4724-80f2-af3ab4ccc7e0","name":"Finike","city":"Antalya","note":"Port d'entrée maritime permanent","mrgid":5697,"zone_name":"Turkey","country_iso2":"TR","validated":true,"distance_km":2.5,"geocode_source":"nominatim","source_urls":["https://www.egm.gov.tr/gocmenhudut/eniz-hudut-kapilari","https://ticaret.gov.tr/gumruk-islemleri/gumruk-idareleri/hudut-kapilari/deniz-hudut-kapilari"],"extracted_at":"2026-08-26T12:39:04Z"}},{"type":"Feature","geometry":{"type":"Point","coordinates":[30.5638561,36.6013823]},"properties":{"id":"0946a073-c23a-42e6-ba8f-96b2df0362e4","name":"Kemer","city":"Antalya","note":"Port d'entrée maritime permanent","mrgid":5697,"zone_name":"Turkey","country_iso2":"TR","validated":true,"distance_km":1.4,"geocode_source":"nominatim","source_urls":["https://www.egm.gov.tr/gocmenhudut/eniz-hudut-kapilari","https://ticaret.gov.tr/gumruk-islemleri/gumruk-idareleri/hudut-kapilari/deniz-hudut-kapilari"],"extracted_at":"2026-08-26T12:39:05Z"}},{"type":"Feature","geometry":{"type":"Point","coordinates":[27.266873,37.8632398]},"properties":{"id":"9e74eba2-1743-49d6-8689-64ad144de1d8","name":"Kuşadası","city":"Aydın","note":"Port d'entrée maritime permanent","mrgid":5697,"zone_name":"Turkey","country_iso2":"TR","validated":true,"distance_km":2.2,"geocode_source":"nominatim","source_urls":["https://www.egm.gov.tr/gocmenhudut/eniz-hudut-kapilari","https://ticaret.gov.tr/gumruk-islemleri/gumruk-idareleri/hudut-kapilari/deniz-hudut-kapilari"],"extracted_at":"2026-08-26T12:39:06Z"}},{"type":"Feature","geometry":{"type":"Point","coordinates":[28.0676404,37.7405798]},"properties":{"id":"234619e8-022b-4d72-bf7e-a4655a07ff86","name":"Didim Yatlimanı","city":"Aydın","note":"Port de plaisance / marina d'entrée maritime permanent","mrgid":5697,"zone_name":"Turkey","country_iso2":"TR","validated":false,"distance_km":72.1,"geocode_source":"nominatim","source_urls":["https://www.egm.gov.tr/gocmenhudut/eniz-hudut-kapilari","https://ticaret.gov.tr/gumruk-islemleri/gumruk-idareleri/hudut-kapilari/deniz-hudut-kapilari"],"extracted_at":"2026-08-26T12:39:09Z"}},{"type":"Feature","geometry":{"type":"Point","coordinates":[26.6916708,39.3180962]},"properties":{"id":"e6aea15c-aa58-4f69-aead-be7758468f37","name":"Ayvalık","city":"Balıkesir","note":"Port d'entrée maritime permanent","mrgid":5697,"zone_name":"Turkey","country_iso2":"TR","validated":true,"distance_km":0.0,"geocode_source":"nominatim","source_urls":["https://www.egm.gov.tr/gocmenhudut/eniz-hudut-kapilari","https://ticaret.gov.tr/gumruk-islemleri/gumruk-idareleri/hudut-kapilari/deniz-hudut-kapilari"],"extracted_at":"2026-08-26T12:39:10Z"}},{"type":"Feature","geometry":{"type":"Point","coordinates":[26.9230613,39.583683]},"properties":{"id":"0cfeadd0-f130-4a4e-bb53-6b8c59af42a1","name":"Akçay","city":"Balıkesir","note":"Port d'entrée maritime permanent","mrgid":5697,"zone_name":"Turkey","country_iso2":"TR","validated":true,"distance_km":2.3,"geocode_source":"nominatim","source_urls":["https://www.egm.gov.tr/gocmenhudut/eniz-hudut-kapilari","https://ticaret.gov.tr/gumruk-islemleri/gumruk-idareleri/hudut-kapilari/deniz-hudut-kapilari"],"extracted_at":"2026-08-26T12:39:11Z"}},{"type":"Feature","geometry":{"type":"Point","coordinates":[27.9697603,40.3554705]},"properties":{"id":"3f175322-d1a8-4879-a600-ca97143ffd80","name":"Bandırma","city":"Balıkesir","note":"Port d'entrée maritime permanent","mrgid":5697,"zone_name":"Turkey","country_iso2":"TR","validated":true,"distance_km":0.0,"geocode_source":"nominatim","source_urls":["https://www.egm.gov.tr/gocmenhudut/eniz-hudut-kapilari","https://ticaret.gov.tr/gumruk-islemleri/gumruk-idareleri/hudut-kapilari/deniz-hudut-kapilari"],"extracted_at":"2026-08-26T12:39:13Z"}},{"type":"Feature","geometry":{"type":"Point","coordinates":[28.0228793,39.5400798]},"properties":{"id":"97352cae-dc53-4002-bd6b-7368296aaa79","name":"Marmara Bedelan","city":"Balıkesir","note":"Port d'entrée maritime temporaire","mrgid":5697,"zone_name":"Turkey","country_iso2":"TR","validated":false,"distance_km":89.9,"geocode_source":"nominatim","source_urls":["https://www.egm.gov.tr/gocmenhudut/eniz-hudut-kapilari","https://ticaret.gov.tr/gumruk-islemleri/gumruk-idareleri/hudut-kapilari/deniz-hudut-kapilari"],"extracted_at":"2026-08-26T12:39:17Z"}},{"type":"Feature","geometry":{"type":"Point","coordinates":[27.6587964,40.6522591]},"properties":{"id":"80bff8f7-522c-4576-aa51-a371f95f1e20","name":"Saraylar","city":"Balıkesir","note":"Port d'entrée maritime temporaire","mrgid":5697,"zone_name":"Turkey","country_iso2":"TR","validated":true,"distance_km":0.0,"geocode_source":"nominatim","source_urls":["https://www.egm.gov.tr/gocmenhudut/eniz-hudut-kapilari","https://ticaret.gov.tr/gumruk-islemleri/gumruk-idareleri/hudut-kapilari/deniz-hudut-kapilari"],"extracted_at":"2026-08-26T12:39:18Z"}},{"type":"Feature","geometry":{"type":"Point","coordinates":[32.3366205,41.6350461]},"properties":{"id":"e278d961-7a37-4e6c-b608-2dc4e5189aab","name":"Bartın","city":"Bartın","note":"Port d'entrée maritime permanent","mrgid":5697,"zone_name":"Turkey","country_iso2":"TR","validated":true,"distance_km":10.6,"geocode_source":"nominatim","source_urls":["https://www.egm.gov.tr/gocmenhudut/eniz-hudut-kapilari","https://ticaret.gov.tr/gumruk-islemleri/gumruk-idareleri/hudut-kapilari/deniz-hudut-kapilari"],"extracted_at":"2026-08-26T12:39:19Z"}},{"type":"Feature","geometry":{"type":"Point","coordinates":[32.4354255,41.4947715]},"properties":{"id":"4468400f-92b9-40f4-be2a-2c81c4bb1eb7","name":"Amasra Yolcu Limanı","city":"Bartın","note":"Port passagers / frontalier maritime permanent","mrgid":5697,"zone_name":"Turkey","country_iso2":"TR","validated":true,"distance_km":28.6,"geocode_source":"nominatim","source_urls":["https://www.egm.gov.tr/gocmenhudut/eniz-hudut-kapilari","https://ticaret.gov.tr/gumruk-islemleri/gumruk-idareleri/hudut-kapilari/deniz-hudut-kapilari"],"extracted_at":"2026-08-26T12:39:23Z"}},{"type":"Feature","geometry":{"type":"Point","coordinates":[29.1570698,40.4301652]},"properties":{"id":"293969a9-8156-4f09-b3e4-7d19065df145","name":"Gemlik","city":"Bursa","note":"Port d'entrée maritime permanent","mrgid":5697,"zone_name":"Turkey","country_iso2":"TR","validated":true,"distance_km":0.9,"geocode_source":"nominatim","source_urls":["https://www.egm.gov.tr/gocmenhudut/eniz-hudut-kapilari","https://ticaret.gov.tr/gumruk-islemleri/gumruk-idareleri/hudut-kapilari/deniz-hudut-kapilari"],"extracted_at":"2026-08-26T12:39:23Z"}},{"type":"Feature","geometry":{"type":"Point","coordinates":[28.8837929,40.3752582]},"properties":{"id":"a0aa9d83-5b95-4001-a317-82736e9e888e","name":"Mudanya","city":"Bursa","note":"Port d'entrée maritime permanent","mrgid":5697,"zone_name":"Turkey","country_iso2":"TR","validated":true,"distance_km":0.0,"geocode_source":"nominatim","source_urls":["https://www.egm.gov.tr/gocmenhudut/eniz-hudut-kapilari","https://ticaret.gov.tr/gumruk-islemleri/gumruk-idareleri/hudut-kapilari/deniz-hudut-kapilari"],"extracted_at":"2026-08-26T12:39:24Z"}},{"type":"Feature","geometry":{"type":"Point","coordinates":[26.3931331,40.0955068]},"properties":{"id":"1a8d4fee-d837-430a-b553-ca291c2c0c7c","name":"Kepez","city":"Çanakkale","note":"Port d'entrée maritime permanent","mrgid":5697,"zone_name":"Turkey","country_iso2":"TR","validated":true,"distance_km":0.3,"geocode_source":"nominatim","source_urls":["https://www.egm.gov.tr/gocmenhudut/eniz-hudut-kapilari","https://ticaret.gov.tr/gumruk-islemleri/gumruk-idareleri/hudut-kapilari/deniz-hudut-kapilari"],"extracted_at":"2026-08-26T12:39:26Z"}},{"type":"Feature","geometry":{"type":"Point","coordinates":[26.8817913,39.5841311]},"properties":{"id":"1de67d61-4554-4e2a-ba12-1e23ba82c692","name":"Yat Limanı","city":"Çanakkale","note":"Port de plaisance d'entrée maritime temporaire","mrgid":5697,"zone_name":"Turkey","country_iso2":"TR","validated":true,"distance_km":2.5,"geocode_source":"nominatim","source_urls":["https://www.egm.gov.tr/gocmenhudut/eniz-hudut-kapilari","https://ticaret.gov.tr/gumruk-islemleri/gumruk-idareleri/hudut-kapilari/deniz-hudut-kapilari"],"extracted_at":"2026-08-26T12:39:27Z"}},{"type":"Feature","geometry":{"type":"Point","coordinates":[26.9278292,40.0549886]},"properties":{"id":"6d0759bc-85e1-43de-b922-a1bf4d9c6d4f","name":"Bozcaada Limanı","city":"Çanakkale","note":"Port d'entrée maritime temporaire","mrgid":5697,"zone_name":"Turkey","country_iso2":"TR","validated":true,"distance_km":37.6,"geocode_source":"nominatim","source_urls":["https://www.egm.gov.tr/gocmenhudut/eniz-hudut-kapilari","https://ticaret.gov.tr/gumruk-islemleri/gumruk-idareleri/hudut-kapilari/deniz-hudut-kapilari"],"extracted_at":"2026-08-26T12:39:30Z"}},{"type":"Feature","geometry":{"type":"Point","coordinates":[26.6045282,39.5465429]},"properties":{"id":"bf65223c-bb3e-4818-9ebd-9f14f1e377fb","name":"Küçükkuyu","city":"Çanakkale","note":"Port d'entrée maritime temporaire","mrgid":5697,"zone_name":"Turkey","country_iso2":"TR","validated":true,"distance_km":0.0,"geocode_source":"nominatim","source_urls":["https://www.egm.gov.tr/gocmenhudut/eniz-hudut-kapilari","https://ticaret.gov.tr/gumruk-islemleri/gumruk-idareleri/hudut-kapilari/deniz-hudut-kapilari"],"extracted_at":"2026-08-26T12:39:32Z"}},{"type":"Feature","geometry":{"type":"Point","coordinates":[27.3033573,40.4023757]},"properties":{"id":"0ddcee14-1a9d-48a0-822a-fbcb6bb23715","name":"Karabiga","city":"Çanakkale","note":"Port d'entrée maritime temporaire","mrgid":5697,"zone_name":"Turkey","country_iso2":"TR","validated":true,"distance_km":2.3,"geocode_source":"nominatim","source_urls":["https://www.egm.gov.tr/gocmenhudut/eniz-hudut-kapilari","https://ticaret.gov.tr/gumruk-islemleri/gumruk-idareleri/hudut-kapilari/deniz-hudut-kapilari"],"extracted_at":"2026-08-26T12:39:35Z"}},{"type":"Feature","geometry":{"type":"Point","coordinates":[26.5587225,41.6759327]},"properties":{"id":"01adadd4-0713-44e1-9218-f04ee073018d","name":"Enez Limanı","city":"Edirne","note":"Port d'entrée maritime temporaire","mrgid":5697,"zone_name":"Turkey","country_iso2":"TR","validated":false,"distance_km":115.8,"geocode_source":"nominatim","source_urls":["https://www.egm.gov.tr/gocmenhudut/eniz-hudut-kapilari","https://ticaret.gov.tr/gumruk-islemleri/gumruk-idareleri/hudut-kapilari/deniz-hudut-kapilari"],"extracted_at":"2026-08-26T12:39:42Z"}},{"type":"Feature","geometry":{"type":"Point","coordinates":[38.3841534,40.9176346]},"properties":{"id":"44dfd0bb-6515-4222-aba7-5c5cc8c7aa6e","name":"Giresun","city":"Giresun","note":"Port d'entrée maritime permanent","mrgid":5697,"zone_name":"Turkey","country_iso2":"TR","validated":true,"distance_km":0.0,"geocode_source":"nominatim","source_urls":["https://www.egm.gov.tr/gocmenhudut/eniz-hudut-kapilari","https://ticaret.gov.tr/gumruk-islemleri/gumruk-idareleri/hudut-kapilari/deniz-hudut-kapilari"],"extracted_at":"2026-08-26T12:39:43Z"}},{"type":"Feature","geometry":{"type":"Point","coordinates":[36.1710354,36.5902266]},"properties":{"id":"4d4cb27f-fe1e-4ff4-9f24-faeb6813a058","name":"İskenderun","city":"Hatay","note":"Port d'entrée maritime permanent","mrgid":5697,"zone_name":"Turkey","country_iso2":"TR","validated":true,"distance_km":0.0,"geocode_source":"nominatim","source_urls":["https://www.egm.gov.tr/gocmenhudut/eniz-hudut-kapilari","https://ticaret.gov.tr/gumruk-islemleri/gumruk-idareleri/hudut-kapilari/deniz-hudut-kapilari"],"extracted_at":"2026-08-26T12:39:46Z"}},{"type":"Feature","geometry":{"type":"Point","coordinates":[-72.2802327,21.7404401]},"properties":{"id":"6da7cdb5-27d4-4722-ba73-7e23e7eabbde","name":"South Dock","city":"Grand Turk","note":null,"mrgid":8405,"zone_name":"Turks and Caicos Islands","country_iso2":"TC","validated":true,"distance_km":0.0,"geocode_source":"nominatim","source_urls":["https://borderforce.gov.tc/vessel-clearance"],"extracted_at":"2026-08-26T12:39:34Z"}},{"type":"Feature","geometry":{"type":"Point","coordinates":[-72.1470431,21.8168781]},"properties":{"id":"dd0e8d12-fec1-4ceb-87bf-7ccf7fc36154","name":"Blue Haven Marina","city":"Providenciales","note":null,"mrgid":8405,"zone_name":"Turks and Caicos Islands","country_iso2":"TC","validated":true,"distance_km":0.0,"geocode_source":"nominatim","source_urls":["https://borderforce.gov.tc/vessel-clearance"],"extracted_at":"2026-08-26T12:39:36Z"}},{"type":"Feature","geometry":{"type":"Point","coordinates":[-72.1753111,21.7636386]},"properties":{"id":"67d84800-1196-4db5-977f-eea7b54895dd","name":"South Bank Marina","city":"Providenciales","note":null,"mrgid":8405,"zone_name":"Turks and Caicos Islands","country_iso2":"TC","validated":true,"distance_km":0.1,"geocode_source":"nominatim","source_urls":["https://borderforce.gov.tc/vessel-clearance"],"extracted_at":"2026-08-26T12:39:38Z"}},{"type":"Feature","geometry":{"type":"Point","coordinates":[-72.2556922,21.7757492]},"properties":{"id":"c8a68ad5-b084-43a2-a6bb-76e66a79988c","name":"Southside Marina","city":"Providenciales","note":null,"mrgid":8405,"zone_name":"Turks and Caicos Islands","country_iso2":"TC","validated":true,"distance_km":1.1,"geocode_source":"nominatim","source_urls":["https://borderforce.gov.tc/vessel-clearance"],"extracted_at":"2026-08-26T12:39:45Z"}},{"type":"Feature","geometry":{"type":"Point","coordinates":[-72.2880025,21.7450979]},"properties":{"id":"1536503f-10a1-4f59-b2a4-34072ac27cad","name":"Sapodilla Bay","city":"Providenciales","note":null,"mrgid":8405,"zone_name":"Turks and Caicos Islands","country_iso2":"TC","validated":true,"distance_km":0.0,"geocode_source":"nominatim","source_urls":["https://borderforce.gov.tc/vessel-clearance"],"extracted_at":"2026-08-26T12:39:47Z"}},{"type":"Feature","geometry":{"type":"Point","coordinates":[-71.5298344,21.5157049]},"properties":{"id":"c53d8efb-b2b0-4578-9232-6f023606be89","name":"Cockburn Habour","city":"South Caicos","note":null,"mrgid":8405,"zone_name":"Turks and Caicos Islands","country_iso2":"TC","validated":true,"distance_km":0.0,"geocode_source":"nominatim","source_urls":["https://borderforce.gov.tc/vessel-clearance"],"extracted_at":"2026-08-26T12:39:50Z"}},{"type":"Feature","geometry":{"type":"Point","coordinates":[179.1982548,-8.5199633]},"properties":{"id":"65d3184b-30fb-43e5-a98f-ea80c1fc3489","name":"Port of Funafuti","city":"Vaiaku","note":"Seul port d'entrée officiel pour les formalités de clearance des navires de plaisance.","mrgid":8326,"zone_name":"Tuvalu","country_iso2":"TV","validated":true,"distance_km":0.3,"geocode_source":"nominatim","source_urls":["https://tuvalu.tradeportal.org/Home/DownloadFile?filePath=%2Fmedia%2FCustomsRevenueandBorderProtectionAct2014_1_2.pdf&l=en"],"extracted_at":"2026-08-26T12:40:10Z"}},{"type":"Feature","geometry":{"type":"Point","coordinates":[55.2864908,25.2762654]},"properties":{"id":"af44a038-3f43-4af8-8c5f-cf869109e9ea","name":"Port Rashid (Mina Rashid)","city":"Dubai","note":"Hub principal de clearance pour superyachts et navires de plaisance à Dubaï.","mrgid":8360,"zone_name":"United Arab Emirates","country_iso2":"AE","validated":true,"distance_km":0.0,"geocode_source":"nominatim","source_urls":["https://www.dubaicustoms.gov.ae/en/aboutdubaicustoms/pages/location.aspx"],"extracted_at":"2026-08-26T12:40:40Z"}},{"type":"Feature","geometry":{"type":"Point","coordinates":[55.0508003,24.9795022]},"properties":{"id":"2f79f290-74e5-4464-93ef-57aaed57d7a5","name":"Jebel Ali Port","city":"Jebel Ali, Dubai","note":"Port d'entrée maritime en eau profonde avec services de douane et d'immigration 24/7.","mrgid":8360,"zone_name":"United Arab Emirates","country_iso2":"AE","validated":true,"distance_km":0.2,"geocode_source":"nominatim","source_urls":["https://www.dubaicustoms.gov.ae/en/aboutdubaicustoms/pages/location.aspx"],"extracted_at":"2026-08-26T12:40:42Z"}},{"type":"Feature","geometry":{"type":"Point","coordinates":[55.298092,25.2700589]},"properties":{"id":"037687c2-6a0c-44cc-9156-0f76234b40ce","name":"Dubai Creek / Coastal Berth Marine Operations","city":"Deira / Dubai","note":"Poste de clearance et d'inspection pour les embarcations côtières et traditionnelles.","mrgid":8360,"zone_name":"United Arab Emirates","country_iso2":"AE","validated":true,"distance_km":0.4,"geocode_source":"nominatim","source_urls":["https://www.dubaicustoms.gov.ae/en/aboutdubaicustoms/pages/location.aspx"],"extracted_at":"2026-08-26T12:40:48Z"}},{"type":"Feature","geometry":{"type":"Point","coordinates":[54.4648394,24.2792374]},"properties":{"id":"0b3d462c-a241-4df8-af4d-17bac8ab1228","name":"Zayed Port (Mina Zayed) & Free Port","city":"Abu Dhabi City","note":"Port d'entrée maritime principal pour yachts et navires de plaisance à Abou Dabi.","mrgid":8360,"zone_name":"United Arab Emirates","country_iso2":"AE","validated":true,"distance_km":1.0,"geocode_source":"nominatim","source_urls":["https://www.dubaicustoms.gov.ae/en/aboutdubaicustoms/pages/location.aspx"],"extracted_at":"2026-08-26T12:40:59Z"}},{"type":"Feature","geometry":{"type":"Point","coordinates":[54.653061,24.8145215]},"properties":{"id":"a3e3fa36-1616-44c3-9361-30dd4afab0c1","name":"Khalifa Port","city":"Taweelah, Abu Dhabi","note":"Port d'entrée en eau profonde avec points de contrôle douaniers et frontaliers.","mrgid":8360,"zone_name":"United Arab Emirates","country_iso2":"AE","validated":true,"distance_km":0.0,"geocode_source":"nominatim","source_urls":["https://www.dubaicustoms.gov.ae/en/aboutdubaicustoms/pages/location.aspx"],"extracted_at":"2026-08-26T12:41:04Z"}},{"type":"Feature","geometry":{"type":"Point","coordinates":[55.3839508,25.3655674]},"properties":{"id":"685a6dee-4698-45e9-ae4e-1358a6aae15f","name":"Port Khalid","city":"Sharjah City","note":"Port maritime désigné assurant le dédouanement et le contrôle d'immigration.","mrgid":8360,"zone_name":"United Arab Emirates","country_iso2":"AE","validated":true,"distance_km":0.0,"geocode_source":"nominatim","source_urls":["https://www.dubaicustoms.gov.ae/en/aboutdubaicustoms/pages/location.aspx"],"extracted_at":"2026-08-26T12:41:08Z"}},{"type":"Feature","geometry":{"type":"Point","coordinates":[55.3346997,25.2993244]},"properties":{"id":"19aa4a47-2585-4629-88dd-253f1bbaf306","name":"Hamriyah Port (Al Hamriyah)","city":"Al Hamriyah, Sharjah","note":"Port de mer désigné et point d'entrée douanier sur le golfe Arabique.","mrgid":8360,"zone_name":"United Arab Emirates","country_iso2":"AE","validated":true,"distance_km":1.5,"geocode_source":"nominatim","source_urls":["https://www.dubaicustoms.gov.ae/en/aboutdubaicustoms/pages/location.aspx"],"extracted_at":"2026-08-26T12:41:12Z"}},{"type":"Feature","geometry":{"type":"Point","coordinates":[56.3681606,25.3539188]},"properties":{"id":"0ab58eb1-4508-4a90-a0ca-ca9af347f554","name":"Port of Khor Fakkan","city":"Khor Fakkan","note":"Port d'entrée majeur sur la côte est des Émirats arabes unis (golfe d'Oman).","mrgid":8360,"zone_name":"United Arab Emirates","country_iso2":"AE","validated":true,"distance_km":0.0,"geocode_source":"nominatim","source_urls":["https://www.dubaicustoms.gov.ae/en/aboutdubaicustoms/pages/location.aspx"],"extracted_at":"2026-08-26T12:41:15Z"}},{"type":"Feature","geometry":{"type":"Point","coordinates":[56.3554548,25.186082]},"properties":{"id":"360c5816-f22f-4a08-b440-2982e5d10156","name":"Port of Fujairah","city":"Fujairah","note":"Port d'entrée principal sur la côte est pour le trafic maritime international et les yachts.","mrgid":8360,"zone_name":"United Arab Emirates","country_iso2":"AE","validated":true,"distance_km":0.5,"geocode_source":"nominatim","source_urls":["https://www.dubaicustoms.gov.ae/en/aboutdubaicustoms/pages/location.aspx"],"extracted_at":"2026-08-26T12:41:17Z"}},{"type":"Feature","geometry":{"type":"Point","coordinates":[55.938232,25.7737705]},"properties":{"id":"1033b2ca-68c7-45d2-be26-58732045e59b","name":"Mina Saqr / Port of Ras Al Khaimah","city":"Ras Al Khaimah","note":"Port maritime officiel d'entrée régi par les douanes de RAK et l'ICP.","mrgid":8360,"zone_name":"United Arab Emirates","country_iso2":"AE","validated":true,"distance_km":0.0,"geocode_source":"nominatim","source_urls":["https://www.dubaicustoms.gov.ae/en/aboutdubaicustoms/pages/location.aspx"],"extracted_at":"2026-08-26T12:41:23Z"}},{"type":"Feature","geometry":{"type":"Point","coordinates":[55.4543495,25.4208346]},"properties":{"id":"cc8cd1ba-b39c-4a01-802e-ef7dd8be15d7","name":"Port of Ajman","city":"Ajman","note":"Port de mer officiel pour les navires sous l'autorité des douanes d'Ajman et de l'ICP.","mrgid":8360,"zone_name":"United Arab Emirates","country_iso2":"AE","validated":true,"distance_km":0.0,"geocode_source":"nominatim","source_urls":["https://www.dubaicustoms.gov.ae/en/aboutdubaicustoms/pages/location.aspx"],"extracted_at":"2026-08-26T12:41:26Z"}},{"type":"Feature","geometry":{"type":"Point","coordinates":[55.718292,25.5144944]},"properties":{"id":"4701673e-33fa-4165-8b3e-d1475935b342","name":"Ahmed Bin Rashid Port / Port of Umm Al Quwain","city":"Umm Al Quwain","note":"Port maritime désigné pour la clearance et le dédouanement.","mrgid":8360,"zone_name":"United Arab Emirates","country_iso2":"AE","validated":true,"distance_km":8.5,"geocode_source":"nominatim","source_urls":["https://www.dubaicustoms.gov.ae/en/aboutdubaicustoms/pages/location.aspx"],"extracted_at":"2026-08-26T12:41:32Z"}},{"type":"Feature","geometry":{"type":"Point","coordinates":[30.7322878,46.4843023]},"properties":{"id":"fb00d2bc-c7c0-406f-9902-1875a43fffc0","name":"Odesa Sea Commercial Port","city":"Odesa","note":"Port maritime et complexe pour yachts en mer Noire.","mrgid":5695,"zone_name":"Ukraine","country_iso2":"UA","validated":true,"distance_km":1.5,"geocode_source":"nominatim","source_urls":["https://dpsu.gov.ua/uk/shodo-funkcionuvannya-punktiv-propusku"],"extracted_at":"2026-08-26T12:40:23Z"}},{"type":"Feature","geometry":{"type":"Point","coordinates":[30.6549271,46.3013422]},"properties":{"id":"cfa0739a-af09-4153-b2cc-6b7a3c9aef23","name":"Chornomorsk Sea Port","city":"Chornomorsk","note":"Point de contrôle frontalier maritime.","mrgid":5695,"zone_name":"Ukraine","country_iso2":"UA","validated":true,"distance_km":1.2,"geocode_source":"nominatim","source_urls":["https://dpsu.gov.ua/uk/shodo-funkcionuvannya-punktiv-propusku"],"extracted_at":"2026-08-26T12:40:27Z"}},{"type":"Feature","geometry":{"type":"Point","coordinates":[31.0269549,46.6194024]},"properties":{"id":"201e8d0f-d41e-45db-931f-85ee16e6d022","name":"Pivdennyi Sea Port","city":"Pivdenne (Yuzhne)","note":"Point de contrôle frontalier maritime.","mrgid":5695,"zone_name":"Ukraine","country_iso2":"UA","validated":true,"distance_km":1.5,"geocode_source":"nominatim","source_urls":["https://dpsu.gov.ua/uk/shodo-funkcionuvannya-punktiv-propusku"],"extracted_at":"2026-08-26T12:40:29Z"}},{"type":"Feature","geometry":{"type":"Point","coordinates":[28.8382832,45.3495229]},"properties":{"id":"b6a133cc-d7ad-4ab8-9a1f-efcaa2e2eb40","name":"Izmail Sea Commercial Port","city":"Izmail","note":"Port de contrôle frontalier sur le Danube.","mrgid":5695,"zone_name":"Ukraine","country_iso2":"UA","validated":false,"distance_km":86.5,"geocode_source":"nominatim","source_urls":["https://dpsu.gov.ua/uk/shodo-funkcionuvannya-punktiv-propusku"],"extracted_at":"2026-08-26T12:40:34Z"}},{"type":"Feature","geometry":{"type":"Point","coordinates":[28.2790948,45.455413]},"properties":{"id":"0ecab7b2-17ee-4197-b98c-d535a1e84a0d","name":"Reni Sea Commercial Port","city":"Reni","note":"Port de contrôle frontalier sur le Danube.","mrgid":5695,"zone_name":"Ukraine","country_iso2":"UA","validated":false,"distance_km":147.3,"geocode_source":"nominatim","source_urls":["https://dpsu.gov.ua/uk/shodo-funkcionuvannya-punktiv-propusku"],"extracted_at":"2026-08-26T12:40:38Z"}},{"type":"Feature","geometry":{"type":"Point","coordinates":[29.58309,45.40306]},"properties":{"id":"cffe1153-7873-43c2-8d55-d639339c3f90","name":"Ust-Dunaisk Sea Commercial Port","city":"Vylkove","note":"Point de passage maritime dans le delta du Danube.","mrgid":5695,"zone_name":"Ukraine","country_iso2":"UA","validated":true,"distance_km":7.2,"geocode_source":"nominatim","source_urls":["https://dpsu.gov.ua/uk/shodo-funkcionuvannya-punktiv-propusku"],"extracted_at":"2026-08-26T12:40:47Z"}},{"type":"Feature","geometry":{"type":"Point","coordinates":[30.345784,46.1909823]},"properties":{"id":"51625ec5-313c-45ef-9a41-8d26423de450","name":"Bilhorod-Dnistrovskyi Sea Commercial Port","city":"Bilhorod-Dnistrovskyi","note":"Port maritime désigné pour le contrôle frontalier.","mrgid":5695,"zone_name":"Ukraine","country_iso2":"UA","validated":true,"distance_km":1.5,"geocode_source":"nominatim","source_urls":["https://dpsu.gov.ua/uk/shodo-funkcionuvannya-punktiv-propusku"],"extracted_at":"2026-08-26T12:40:56Z"}},{"type":"Feature","geometry":{"type":"Point","coordinates":[31.9939666,46.9758615]},"properties":{"id":"8688fbf3-b905-401f-9d63-8d04102f41f0","name":"Mykolaiv Sea Commercial Port","city":"Mykolaiv","note":"Port de contrôle maritime.","mrgid":5695,"zone_name":"Ukraine","country_iso2":"UA","validated":true,"distance_km":2.9,"geocode_source":"nominatim","source_urls":["https://dpsu.gov.ua/uk/shodo-funkcionuvannya-punktiv-propusku"],"extracted_at":"2026-08-26T12:41:05Z"}},{"type":"Feature","geometry":{"type":"Point","coordinates":[31.5815046,46.6329803]},"properties":{"id":"1250b8c8-72cd-4bbf-a708-e44c27f9f568","name":"Ochakiv Port","city":"Ochakiv","note":"Port de contrôle maritime.","mrgid":5695,"zone_name":"Ukraine","country_iso2":"UA","validated":true,"distance_km":0.4,"geocode_source":"nominatim","source_urls":["https://dpsu.gov.ua/uk/shodo-funkcionuvannya-punktiv-propusku"],"extracted_at":"2026-08-26T12:41:07Z"}},{"type":"Feature","geometry":{"type":"Point","coordinates":[33.4079326,46.5421715]},"properties":{"id":"3d501019-ed34-4d48-806e-e9208f650c36","name":"Kherson Sea Commercial Port","city":"Kherson","note":"Port maritime désigné (fermetures opérationnelles possibles).","mrgid":5695,"zone_name":"Ukraine","country_iso2":"UA","validated":true,"distance_km":25.0,"geocode_source":"nominatim","source_urls":["https://dpsu.gov.ua/uk/shodo-funkcionuvannya-punktiv-propusku"],"extracted_at":"2026-08-26T12:41:16Z"}},{"type":"Feature","geometry":{"type":"Point","coordinates":[32.910339,46.1203932]},"properties":{"id":"98fce32e-2acc-4f1a-95c4-6286a93c66c2","name":"Skadovsk Sea Commercial Port","city":"Skadovsk","note":"Port maritime désigné (fermetures opérationnelles possibles).","mrgid":5695,"zone_name":"Ukraine","country_iso2":"UA","validated":true,"distance_km":1.5,"geocode_source":"nominatim","source_urls":["https://dpsu.gov.ua/uk/shodo-funkcionuvannya-punktiv-propusku"],"extracted_at":"2026-08-26T12:41:24Z"}},{"type":"Feature","geometry":{"type":"Point","coordinates":[36.7887623,46.755678]},"properties":{"id":"abb3d58f-b149-457a-bb63-afed30740886","name":"Berdyansk Sea Commercial Port","city":"Berdyansk","note":"Port en mer d'Azov (fermetures opérationnelles possibles).","mrgid":5695,"zone_name":"Ukraine","country_iso2":"UA","validated":true,"distance_km":2.1,"geocode_source":"nominatim","source_urls":["https://dpsu.gov.ua/uk/shodo-funkcionuvannya-punktiv-propusku"],"extracted_at":"2026-08-26T12:41:33Z"}},{"type":"Feature","geometry":{"type":"Point","coordinates":[37.5499621,47.0957648]},"properties":{"id":"f45fd2ff-8dbf-4c0b-a36e-d516be65393a","name":"Mariupol Sea Commercial Port","city":"Mariupol","note":"Port en mer d'Azov (fermetures opérationnelles possibles).","mrgid":5695,"zone_name":"Ukraine","country_iso2":"UA","validated":true,"distance_km":1.6,"geocode_source":"nominatim","source_urls":["https://dpsu.gov.ua/uk/shodo-funkcionuvannya-punktiv-propusku"],"extracted_at":"2026-08-26T12:41:38Z"}},{"type":"Feature","geometry":{"type":"Point","coordinates":[31.9578928,46.9727033]},"properties":{"id":"ba72e7f6-8cb3-4a1f-8d14-83c04e24188f","name":"Mykolaiv River Port","city":"Mykolaiv","note":"Point de passage fluvial pour voies navigables intérieures.","mrgid":5695,"zone_name":"Ukraine","country_iso2":"UA","validated":true,"distance_km":0.0,"geocode_source":"nominatim","source_urls":["https://dpsu.gov.ua/uk/shodo-funkcionuvannya-punktiv-propusku"],"extracted_at":"2026-08-26T12:41:42Z"}},{"type":"Feature","geometry":{"type":"Point","coordinates":[33.4079326,46.5421715]},"properties":{"id":"958b901f-91cb-45f4-99c1-f3f5a74801f8","name":"Kherson River Port","city":"Kherson","note":"Point de passage fluvial pour voies navigables intérieures.","mrgid":5695,"zone_name":"Ukraine","country_iso2":"UA","validated":true,"distance_km":25.0,"geocode_source":"nominatim","source_urls":["https://dpsu.gov.ua/uk/shodo-funkcionuvannya-punktiv-propusku"],"extracted_at":"2026-08-26T12:41:46Z"}},{"type":"Feature","geometry":{"type":"Point","coordinates":[-68.2040591,44.3920908]},"properties":{"id":"90bf190c-2dd9-4b6a-8195-394c54f53b8f","name":"Town Pier","city":"Bar Harbor","note":"Point de déclaration CBP","mrgid":8456,"zone_name":"United States","country_iso2":"US","validated":true,"distance_km":0.0,"geocode_source":"nominatim","source_urls":["https://unblock.federalregister.gov"],"extracted_at":"2026-08-26T12:42:38Z"}},{"type":"Feature","geometry":{"type":"Point","coordinates":[-70.247996,43.6570054]},"properties":{"id":"60ae2ddc-3ff2-4648-96cf-80cd62af17fc","name":"State Pier","city":"Portland","note":"Point de déclaration CBP (Maine)","mrgid":8456,"zone_name":"United States","country_iso2":"US","validated":true,"distance_km":0.0,"geocode_source":"nominatim","source_urls":["https://unblock.federalregister.gov"],"extracted_at":"2026-08-26T12:42:38Z"}},{"type":"Feature","geometry":{"type":"Point","coordinates":[-70.9514269,42.4516775]},"properties":{"id":"9983eb03-65c1-4c8e-ac01-0dc4b6fdf146","name":"Commercial Pier","city":"Eastport","note":"Point de déclaration CBP","mrgid":8456,"zone_name":"United States","country_iso2":"US","validated":true,"distance_km":0.0,"geocode_source":"nominatim","source_urls":["https://unblock.federalregister.gov"],"extracted_at":"2026-08-26T12:42:40Z"}},{"type":"Feature","geometry":{"type":"Point","coordinates":[-70.9661596,42.3417649]},"properties":{"id":"573c9a32-018b-4e5a-856e-d1f3c1c0c2df","name":"Boston Harbor","city":"Boston","note":"Port d'entrée CBP","mrgid":8456,"zone_name":"United States","country_iso2":"US","validated":true,"distance_km":0.0,"geocode_source":"nominatim","source_urls":["https://unblock.federalregister.gov"],"extracted_at":"2026-08-26T12:42:42Z"}},{"type":"Feature","geometry":{"type":"Point","coordinates":[-76.529435,37.4148403]},"properties":{"id":"d4f2c0f9-bd78-4e39-af2f-65e87c5c965b","name":"Gloucester","city":"Gloucester","note":"Port de déclaration CBP","mrgid":8456,"zone_name":"United States","country_iso2":"US","validated":true,"distance_km":4.0,"geocode_source":"nominatim","source_urls":["https://unblock.federalregister.gov"],"extracted_at":"2026-08-26T12:42:42Z"}},{"type":"Feature","geometry":{"type":"Point","coordinates":[-70.8687296,42.4920322]},"properties":{"id":"b6e0191a-146c-44c8-a37b-5c78832e1070","name":"Marblehead","city":"Marblehead","note":"Port de déclaration CBP","mrgid":8456,"zone_name":"United States","country_iso2":"US","validated":true,"distance_km":0.8,"geocode_source":"nominatim","source_urls":["https://unblock.federalregister.gov"],"extracted_at":"2026-08-26T12:42:44Z"}},{"type":"Feature","geometry":{"type":"Point","coordinates":[-70.925019,41.6434087]},"properties":{"id":"9a172b6e-dcb7-443f-b8a5-f8581f82a762","name":"New Bedford","city":"New Bedford","note":"Port d'entrée CBP","mrgid":8456,"zone_name":"United States","country_iso2":"US","validated":true,"distance_km":0.3,"geocode_source":"nominatim","source_urls":["https://unblock.federalregister.gov"],"extracted_at":"2026-08-26T12:42:45Z"}},{"type":"Feature","geometry":{"type":"Point","coordinates":[-72.0930688,41.3541999]},"properties":{"id":"3d45957e-442a-4082-8d6e-c19d7907b4fd","name":"New London","city":"New London","note":"Port d'entrée CBP","mrgid":8456,"zone_name":"United States","country_iso2":"US","validated":true,"distance_km":0.0,"geocode_source":"nominatim","source_urls":["https://unblock.federalregister.gov"],"extracted_at":"2026-08-26T12:42:46Z"}},{"type":"Feature","geometry":{"type":"Point","coordinates":[-72.9250518,41.3082138]},"properties":{"id":"9b7a5ded-3c08-49db-8635-d829d716918d","name":"New Haven","city":"New Haven","note":"Port d'entrée CBP","mrgid":8456,"zone_name":"United States","country_iso2":"US","validated":true,"distance_km":1.2,"geocode_source":"nominatim","source_urls":["https://unblock.federalregister.gov"],"extracted_at":"2026-08-26T12:42:47Z"}},{"type":"Feature","geometry":{"type":"Point","coordinates":[-119.2269816,38.2613605]},"properties":{"id":"c426cece-279d-4cc7-8938-e79e99d3cb14","name":"Bridgeport","city":"Bridgeport","note":"Port d'entrée CBP","mrgid":8456,"zone_name":"United States","country_iso2":"US","validated":false,"distance_km":236.5,"geocode_source":"nominatim","source_urls":["https://unblock.federalregister.gov"],"extracted_at":"2026-08-26T12:42:48Z"}},{"type":"Feature","geometry":{"type":"Point","coordinates":[-75.014648,43.185904]},"properties":{"id":"84d430f9-b0cf-41d5-9668-e9b311833272","name":"Newport","city":"Newport","note":"Port d'entrée CBP (Rhode Island)","mrgid":8456,"zone_name":"United States","country_iso2":"US","validated":false,"distance_km":166.9,"geocode_source":"nominatim","source_urls":["https://unblock.federalregister.gov"],"extracted_at":"2026-08-26T12:42:49Z"}},{"type":"Feature","geometry":{"type":"Point","coordinates":[-71.4128343,41.8239891]},"properties":{"id":"ecb963c1-f3a5-4db2-a3aa-0d05fa82c1b3","name":"Providence","city":"Providence","note":"Port d'entrée CBP","mrgid":8456,"zone_name":"United States","country_iso2":"US","validated":true,"distance_km":0.6,"geocode_source":"nominatim","source_urls":["https://unblock.federalregister.gov"],"extracted_at":"2026-08-26T12:42:50Z"}},{"type":"Feature","geometry":{"type":"Point","coordinates":[-76.6170364,39.2937563]},"properties":{"id":"63dbe1db-990e-4bf0-b802-4e007b2dc233","name":"Baltimore","city":"Baltimore","note":"Port d'entrée CBP","mrgid":8456,"zone_name":"United States","country_iso2":"US","validated":true,"distance_km":2.8,"geocode_source":"nominatim","source_urls":["https://unblock.federalregister.gov"],"extracted_at":"2026-08-26T12:42:51Z"}},{"type":"Feature","geometry":{"type":"Point","coordinates":[-76.525212,38.977024]},"properties":{"id":"95092d55-cff5-4c73-9e00-be4ceef31592","name":"Annapolis","city":"Annapolis","note":"Port de déclaration CBP","mrgid":8456,"zone_name":"United States","country_iso2":"US","validated":true,"distance_km":2.2,"geocode_source":"nominatim","source_urls":["https://unblock.federalregister.gov"],"extracted_at":"2026-08-26T12:42:52Z"}},{"type":"Feature","geometry":{"type":"Point","coordinates":[-76.2899539,36.8493695]},"properties":{"id":"a2323f47-079f-4e26-a79d-c12ebd7f976a","name":"Norfolk / Hampton Roads","city":"Norfolk","note":"Port d'entrée CBP","mrgid":8456,"zone_name":"United States","country_iso2":"US","validated":true,"distance_km":0.2,"geocode_source":"nominatim","source_urls":["https://unblock.federalregister.gov"],"extracted_at":"2026-08-26T12:42:59Z"}},{"type":"Feature","geometry":{"type":"Point","coordinates":[-76.4519001,37.0230856]},"properties":{"id":"aba78c3c-a2b9-4a12-a853-b23ea7ec10e4","name":"Newport News","city":"Newport News","note":"Port d'entrée CBP","mrgid":8456,"zone_name":"United States","country_iso2":"US","validated":true,"distance_km":1.5,"geocode_source":"nominatim","source_urls":["https://unblock.federalregister.gov"],"extracted_at":"2026-08-26T12:43:01Z"}},{"type":"Feature","geometry":{"type":"Point","coordinates":[-75.5511036,39.7367534]},"properties":{"id":"926bfcc5-ac7f-43c9-abb4-f7da2e8e140f","name":"Wilmington","city":"Wilmington","note":"Port d'entrée CBP (North Carolina)","mrgid":8456,"zone_name":"United States","country_iso2":"US","validated":true,"distance_km":1.8,"geocode_source":"nominatim","source_urls":["https://unblock.federalregister.gov"],"extracted_at":"2026-08-26T12:43:03Z"}},{"type":"Feature","geometry":{"type":"Point","coordinates":[-76.7091848,34.7210554]},"properties":{"id":"9035270f-e49d-4d2e-9372-909bcb39cf82","name":"Morehead City","city":"Morehead City","note":"Port d'entrée CBP","mrgid":8456,"zone_name":"United States","country_iso2":"US","validated":true,"distance_km":0.0,"geocode_source":"nominatim","source_urls":["https://unblock.federalregister.gov"],"extracted_at":"2026-08-26T12:43:05Z"}},{"type":"Feature","geometry":{"type":"Point","coordinates":[-79.9399309,32.7884363]},"properties":{"id":"b07b6867-6734-47fa-818a-a25a7c21a9f4","name":"Charleston","city":"Charleston","note":"Port d'entrée CBP","mrgid":8456,"zone_name":"United States","country_iso2":"US","validated":true,"distance_km":0.0,"geocode_source":"nominatim","source_urls":["https://unblock.federalregister.gov"],"extracted_at":"2026-08-26T12:43:08Z"}},{"type":"Feature","geometry":{"type":"Point","coordinates":[-79.2886403,33.3738233]},"properties":{"id":"483aa674-fe75-4e2e-af59-ef722d2eb629","name":"Georgetown","city":"Georgetown","note":"Port d'entrée CBP","mrgid":8456,"zone_name":"United States","country_iso2":"US","validated":true,"distance_km":0.7,"geocode_source":"nominatim","source_urls":["https://unblock.federalregister.gov"],"extracted_at":"2026-08-26T12:43:10Z"}},{"type":"Feature","geometry":{"type":"Point","coordinates":[-76.7568196,43.0654611]},"properties":{"id":"0088e432-e552-4972-b0ba-0ee74153efdb","name":"Savannah","city":"Savannah","note":"Port d'entrée CBP","mrgid":8456,"zone_name":"United States","country_iso2":"US","validated":false,"distance_km":203.8,"geocode_source":"nominatim","source_urls":["https://unblock.federalregister.gov"],"extracted_at":"2026-08-26T12:43:12Z"}},{"type":"Feature","geometry":{"type":"Point","coordinates":[-73.562296,42.7360586]},"properties":{"id":"e99bd8f4-8454-41ff-92cc-cad8b9d5b7c2","name":"Brunswick","city":"Brunswick","note":"Port d'entrée CBP","mrgid":8456,"zone_name":"United States","country_iso2":"US","validated":false,"distance_km":62.2,"geocode_source":"nominatim","source_urls":["https://unblock.federalregister.gov"],"extracted_at":"2026-08-26T12:43:14Z"}},{"type":"Feature","geometry":{"type":"Point","coordinates":[-80.2579786,25.8494759]},"properties":{"id":"6ddf4eef-51bd-44c2-956a-cbbe68d2e8cc","name":"Miami","city":"Miami","note":"Clearance via CBP ROAM / Call Center","mrgid":8456,"zone_name":"United States","country_iso2":"US","validated":true,"distance_km":8.9,"geocode_source":"nominatim","source_urls":["https://unblock.federalregister.gov"],"extracted_at":"2026-08-26T12:43:16Z"}},{"type":"Feature","geometry":{"type":"Point","coordinates":[-80.1272606,26.0968524]},"properties":{"id":"ad21b996-027e-4678-9582-d69e0af3e704","name":"Port Everglades","city":"Fort Lauderdale","note":"Clearance via CBP ROAM / Call Center","mrgid":8456,"zone_name":"United States","country_iso2":"US","validated":true,"distance_km":0.8,"geocode_source":"nominatim","source_urls":["https://unblock.federalregister.gov"],"extracted_at":"2026-08-26T12:43:19Z"}},{"type":"Feature","geometry":{"type":"Point","coordinates":[-57.8433679,-34.4698592]},"properties":{"id":"98938526-0f54-4480-a157-b52fed68f255","name":"Puerto Deportivo de Colonia / Puerto de Colonia","city":"Colonia del Sacramento","note":"Point d'entrée officiel pour la plaisance (Prefectura, douane, immigration).","mrgid":48961,"zone_name":"Uruguay","country_iso2":"UY","validated":false,"distance_km":232.7,"geocode_source":"nominatim","source_urls":["https://www.gub.uy/tramites/solicitud-entrada-despacho-embarcaciones-deportivas-trafico-pesca-artesanal","https://www.aduanas.gub.uy/innovaportal/v/7669/3/innova.front/ley--n%C2%B0-18007.html","https://medios.presidencia.gub.uy/legal/2023/decretos/04/cons_min_721.pdf"],"extracted_at":"2026-08-26T12:45:31Z"}},{"type":"Feature","geometry":{"type":"Point","coordinates":[-57.4429894,-34.4397941]},"properties":{"id":"cfa4b547-5689-413e-9f62-db4e94316f34","name":"Puerto Sauce (Juan Lacaze)","city":"Juan Lacaze","note":"Port d'entrée avec Subprefectura et douane.","mrgid":48961,"zone_name":"Uruguay","country_iso2":"UY","validated":false,"distance_km":209.5,"geocode_source":"nominatim","source_urls":["https://www.gub.uy/tramites/solicitud-entrada-despacho-embarcaciones-deportivas-trafico-pesca-artesanal","https://www.aduanas.gub.uy/innovaportal/v/7669/3/innova.front/ley--n%C2%B0-18007.html","https://medios.presidencia.gub.uy/legal/2023/decretos/04/cons_min_721.pdf"],"extracted_at":"2026-08-26T12:45:33Z"}},{"type":"Feature","geometry":{"type":"Point","coordinates":[-56.1913095,-34.9058916]},"properties":{"id":"17e15bcb-55fb-4550-a3d8-dc10f8fba6f7","name":"Puerto del Buceo / Puerto de Montevideo","city":"Montevideo","note":"Port d'entrée principal de la capitale avec Prefectura, douane et immigration.","mrgid":48961,"zone_name":"Uruguay","country_iso2":"UY","validated":false,"distance_km":86.3,"geocode_source":"nominatim","source_urls":["https://www.gub.uy/tramites/solicitud-entrada-despacho-embarcaciones-deportivas-trafico-pesca-artesanal","https://www.aduanas.gub.uy/innovaportal/v/7669/3/innova.front/ley--n%C2%B0-18007.html","https://medios.presidencia.gub.uy/legal/2023/decretos/04/cons_min_721.pdf"],"extracted_at":"2026-08-26T12:45:42Z"}},{"type":"Feature","geometry":{"type":"Point","coordinates":[-55.2724472,-34.8689037]},"properties":{"id":"fe7c25a2-ad40-4195-9133-81b83f476cc0","name":"Puerto de Piriápolis","city":"Piriápolis","note":"Port de plaisance officiel avec Subprefectura, douane et immigration.","mrgid":48961,"zone_name":"Uruguay","country_iso2":"UY","validated":true,"distance_km":30.1,"geocode_source":"nominatim","source_urls":["https://www.gub.uy/tramites/solicitud-entrada-despacho-embarcaciones-deportivas-trafico-pesca-artesanal","https://www.aduanas.gub.uy/innovaportal/v/7669/3/innova.front/ley--n%C2%B0-18007.html","https://medios.presidencia.gub.uy/legal/2023/decretos/04/cons_min_721.pdf"],"extracted_at":"2026-08-26T12:45:49Z"}},{"type":"Feature","geometry":{"type":"Point","coordinates":[-54.945644,-34.9628511]},"properties":{"id":"4c99f05b-41ba-463e-8364-8140a676d1ce","name":"Puerto de Punta del Este","city":"Punta del Este","note":"Port d'entrée officiel pour la plaisance (Prefectura de Maldonado, douane, immigration).","mrgid":48961,"zone_name":"Uruguay","country_iso2":"UY","validated":true,"distance_km":1.3,"geocode_source":"nominatim","source_urls":["https://www.gub.uy/tramites/solicitud-entrada-despacho-embarcaciones-deportivas-trafico-pesca-artesanal","https://www.aduanas.gub.uy/innovaportal/v/7669/3/innova.front/ley--n%C2%B0-18007.html","https://medios.presidencia.gub.uy/legal/2023/decretos/04/cons_min_721.pdf"],"extracted_at":"2026-08-26T12:45:52Z"}},{"type":"Feature","geometry":{"type":"Point","coordinates":[-54.1438814,-34.6544784]},"properties":{"id":"10c67e7c-a82a-4ed0-ad97-421ab46f4a6b","name":"Puerto de La Paloma","city":"La Paloma","note":"Port d'entrée officiel sur la côte atlantique avec Prefectura, douane et immigration.","mrgid":48961,"zone_name":"Uruguay","country_iso2":"UY","validated":false,"distance_km":86.0,"geocode_source":"nominatim","source_urls":["https://www.gub.uy/tramites/solicitud-entrada-despacho-embarcaciones-deportivas-trafico-pesca-artesanal","https://www.aduanas.gub.uy/innovaportal/v/7669/3/innova.front/ley--n%C2%B0-18007.html","https://medios.presidencia.gub.uy/legal/2023/decretos/04/cons_min_721.pdf"],"extracted_at":"2026-08-26T12:45:53Z"}},{"type":"Feature","geometry":{"type":"Point","coordinates":[-56.2074222,-34.8998601]},"properties":{"id":"d97265d9-034c-4c95-9899-208f494fd5b8","name":"Puerto de Montevideo","city":"Montevideo","note":"Formalités d'entrée et de despacho auprès de la Prefectura del Puerto de Montevideo.","mrgid":8467,"zone_name":"Uruguay","country_iso2":"UY","validated":true,"distance_km":0.0,"geocode_source":"nominatim","source_urls":["https://www.aduanas.gub.uy/innovaportal/v/7669/3/innova.front/ley--n%C2%B0-18007.html","https://www.gub.uy/tramites/solicitud-entrada-despacho-embarcaciones-deportivas-trafico-pesca-artesanal"],"extracted_at":"2026-08-26T12:44:51Z"}},{"type":"Feature","geometry":{"type":"Point","coordinates":[-56.1913095,-34.9058916]},"properties":{"id":"d55b6f75-e106-46c1-91d1-ccea37ae149b","name":"Prefectura de Trouville","city":"Montevideo","note":"Poste de Prefectura pour l'entrée et le despacho des embarcations de plaisance.","mrgid":8467,"zone_name":"Uruguay","country_iso2":"UY","validated":true,"distance_km":0.0,"geocode_source":"nominatim","source_urls":["https://www.aduanas.gub.uy/innovaportal/v/7669/3/innova.front/ley--n%C2%B0-18007.html","https://www.gub.uy/tramites/solicitud-entrada-despacho-embarcaciones-deportivas-trafico-pesca-artesanal"],"extracted_at":"2026-08-26T12:44:55Z"}},{"type":"Feature","geometry":{"type":"Point","coordinates":[-56.3543044,-34.7858217]},"properties":{"id":"6cf0df77-ba4c-479e-8e28-bc6dcbf4f12c","name":"Sub Prefectura de Santiago Vázquez","city":"Santiago Vázquez","note":"Poste de Prefectura pour les formalités maritimes de plaisance.","mrgid":8467,"zone_name":"Uruguay","country_iso2":"UY","validated":true,"distance_km":0.1,"geocode_source":"nominatim","source_urls":["https://www.aduanas.gub.uy/innovaportal/v/7669/3/innova.front/ley--n%C2%B0-18007.html","https://www.gub.uy/tramites/solicitud-entrada-despacho-embarcaciones-deportivas-trafico-pesca-artesanal"],"extracted_at":"2026-08-26T12:44:56Z"}},{"type":"Feature","geometry":{"type":"Point","coordinates":[-55.7606128,-34.7792051]},"properties":{"id":"8c864107-b47a-44ba-af20-e357b25624c6","name":"Prefectura de Canelones","city":"Atlántida","note":"Poste de Prefectura pour les formalités de plaisance.","mrgid":8467,"zone_name":"Uruguay","country_iso2":"UY","validated":true,"distance_km":0.0,"geocode_source":"nominatim","source_urls":["https://www.aduanas.gub.uy/innovaportal/v/7669/3/innova.front/ley--n%C2%B0-18007.html","https://www.gub.uy/tramites/solicitud-entrada-despacho-embarcaciones-deportivas-trafico-pesca-artesanal"],"extracted_at":"2026-08-26T12:44:57Z"}},{"type":"Feature","geometry":{"type":"Point","coordinates":[-55.958956,-34.8255833]},"properties":{"id":"ba11dec0-6b9c-40a9-b062-17a7d7e6907b","name":"Sub Prefectura de Ciudad de la Costa","city":"Ciudad de la Costa","note":"Bureau de Prefectura pour l'entrée et le despacho.","mrgid":8467,"zone_name":"Uruguay","country_iso2":"UY","validated":true,"distance_km":0.7,"geocode_source":"nominatim","source_urls":["https://www.aduanas.gub.uy/innovaportal/v/7669/3/innova.front/ley--n%C2%B0-18007.html","https://www.gub.uy/tramites/solicitud-entrada-despacho-embarcaciones-deportivas-trafico-pesca-artesanal"],"extracted_at":"2026-08-26T12:45:00Z"}},{"type":"Feature","geometry":{"type":"Point","coordinates":[-55.675739,-34.7537689]},"properties":{"id":"ad42392a-6ec0-4537-add8-a0f952bac6e2","name":"Sub Prefectura de La Floresta","city":"La Floresta","note":"Bureau de Prefectura pour les formalités maritimes.","mrgid":8467,"zone_name":"Uruguay","country_iso2":"UY","validated":true,"distance_km":0.9,"geocode_source":"nominatim","source_urls":["https://www.aduanas.gub.uy/innovaportal/v/7669/3/innova.front/ley--n%C2%B0-18007.html","https://www.gub.uy/tramites/solicitud-entrada-despacho-embarcaciones-deportivas-trafico-pesca-artesanal"],"extracted_at":"2026-08-26T12:45:04Z"}},{"type":"Feature","geometry":{"type":"Point","coordinates":[-54.945644,-34.9628511]},"properties":{"id":"3b99fff1-e25f-4715-9748-76616dbf6967","name":"Puerto de Maldonado","city":"Punta del Este","note":"Formalités d'entrée auprès de la Prefectura del Puerto de Maldonado / Punta del Este.","mrgid":8467,"zone_name":"Uruguay","country_iso2":"UY","validated":true,"distance_km":0.7,"geocode_source":"nominatim","source_urls":["https://www.aduanas.gub.uy/innovaportal/v/7669/3/innova.front/ley--n%C2%B0-18007.html","https://www.gub.uy/tramites/solicitud-entrada-despacho-embarcaciones-deportivas-trafico-pesca-artesanal"],"extracted_at":"2026-08-26T12:45:05Z"}},{"type":"Feature","geometry":{"type":"Point","coordinates":[-54.6376934,-34.8448208]},"properties":{"id":"d990275d-1bf4-4322-8af6-35115a076ed7","name":"Sub Prefectura de José Ignacio","city":"José Ignacio","note":"Bureau de Prefectura pour l'entrée et le despacho des navires.","mrgid":8467,"zone_name":"Uruguay","country_iso2":"UY","validated":true,"distance_km":0.1,"geocode_source":"nominatim","source_urls":["https://www.aduanas.gub.uy/innovaportal/v/7669/3/innova.front/ley--n%C2%B0-18007.html","https://www.gub.uy/tramites/solicitud-entrada-despacho-embarcaciones-deportivas-trafico-pesca-artesanal"],"extracted_at":"2026-08-26T12:45:08Z"}},{"type":"Feature","geometry":{"type":"Point","coordinates":[-55.2724472,-34.8689037]},"properties":{"id":"72557036-86fe-4173-ac01-819c2195a5e0","name":"Sub Prefectura de Piriápolis","city":"Piriápolis","note":"Formalités maritimes d'entrée et de despacho.","mrgid":8467,"zone_name":"Uruguay","country_iso2":"UY","validated":true,"distance_km":2.1,"geocode_source":"nominatim","source_urls":["https://www.aduanas.gub.uy/innovaportal/v/7669/3/innova.front/ley--n%C2%B0-18007.html","https://www.gub.uy/tramites/solicitud-entrada-despacho-embarcaciones-deportivas-trafico-pesca-artesanal"],"extracted_at":"2026-08-26T12:45:15Z"}},{"type":"Feature","geometry":{"type":"Point","coordinates":[-54.1438814,-34.6544784]},"properties":{"id":"caec3e2c-14cd-44e8-939d-80c46a569c95","name":"Puerto de La Paloma","city":"La Paloma","note":"Formalités auprès de la Prefectura del Puerto de La Paloma.","mrgid":8467,"zone_name":"Uruguay","country_iso2":"UY","validated":true,"distance_km":0.0,"geocode_source":"nominatim","source_urls":["https://www.aduanas.gub.uy/innovaportal/v/7669/3/innova.front/ley--n%C2%B0-18007.html","https://www.gub.uy/tramites/solicitud-entrada-despacho-embarcaciones-deportivas-trafico-pesca-artesanal"],"extracted_at":"2026-08-26T12:45:17Z"}},{"type":"Feature","geometry":{"type":"Point","coordinates":[-53.3824411,-33.748194]},"properties":{"id":"2bafa30e-afb6-4efd-b5d3-c1af9da6322a","name":"Sub Prefectura del Chuy","city":"Barra del Chuy","note":"Bureau de Prefectura pour l'entrée et le despacho.","mrgid":8467,"zone_name":"Uruguay","country_iso2":"UY","validated":true,"distance_km":0.7,"geocode_source":"nominatim","source_urls":["https://www.aduanas.gub.uy/innovaportal/v/7669/3/innova.front/ley--n%C2%B0-18007.html","https://www.gub.uy/tramites/solicitud-entrada-despacho-embarcaciones-deportivas-trafico-pesca-artesanal"],"extracted_at":"2026-08-26T12:45:19Z"}},{"type":"Feature","geometry":{"type":"Point","coordinates":[-57.8434587,-34.4745227]},"properties":{"id":"4290d3c9-7daf-4b6a-9334-8ce34f1d6ff4","name":"Puerto de Colonia","city":"Colonia del Sacramento","note":"Formalités d'entrée et de despacho auprès de la Prefectura del Puerto de Colonia.","mrgid":8467,"zone_name":"Uruguay","country_iso2":"UY","validated":true,"distance_km":0.0,"geocode_source":"nominatim","source_urls":["https://www.aduanas.gub.uy/innovaportal/v/7669/3/innova.front/ley--n%C2%B0-18007.html","https://www.gub.uy/tramites/solicitud-entrada-despacho-embarcaciones-deportivas-trafico-pesca-artesanal"],"extracted_at":"2026-08-26T12:45:22Z"}},{"type":"Feature","geometry":{"type":"Point","coordinates":[-58.2957113,-34.0079561]},"properties":{"id":"b08d5df1-88bf-469f-83cf-6be96a99776a","name":"Puerto de Carmelo","city":"Carmelo","note":"Formalités auprès de la Sub Prefectura del Puerto de Carmelo.","mrgid":8467,"zone_name":"Uruguay","country_iso2":"UY","validated":true,"distance_km":1.0,"geocode_source":"nominatim","source_urls":["https://www.aduanas.gub.uy/innovaportal/v/7669/3/innova.front/ley--n%C2%B0-18007.html","https://www.gub.uy/tramites/solicitud-entrada-despacho-embarcaciones-deportivas-trafico-pesca-artesanal"],"extracted_at":"2026-08-26T12:45:24Z"}},{"type":"Feature","geometry":{"type":"Point","coordinates":[-57.4380432,-34.434266]},"properties":{"id":"3a8e2110-58a2-4d27-ab3c-c2720589f0c1","name":"Sub Prefectura de Juan Lacaze","city":"Juan Lacaze","note":"Bureau de Prefectura pour l'entrée et le despacho.","mrgid":8467,"zone_name":"Uruguay","country_iso2":"UY","validated":true,"distance_km":0.0,"geocode_source":"nominatim","source_urls":["https://www.aduanas.gub.uy/innovaportal/v/7669/3/innova.front/ley--n%C2%B0-18007.html","https://www.gub.uy/tramites/solicitud-entrada-despacho-embarcaciones-deportivas-trafico-pesca-artesanal"],"extracted_at":"2026-08-26T12:45:30Z"}},{"type":"Feature","geometry":{"type":"Point","coordinates":[-58.4183187,-33.8857273]},"properties":{"id":"2179f5ec-d0f7-4311-965d-4dffb59b35b0","name":"Puerto de Nueva Palmira","city":"Nueva Palmira","note":"Formalités maritimes auprès de la Prefectura del Puerto de Nueva Palmira.","mrgid":8467,"zone_name":"Uruguay","country_iso2":"UY","validated":true,"distance_km":0.0,"geocode_source":"nominatim","source_urls":["https://www.aduanas.gub.uy/innovaportal/v/7669/3/innova.front/ley--n%C2%B0-18007.html","https://www.gub.uy/tramites/solicitud-entrada-despacho-embarcaciones-deportivas-trafico-pesca-artesanal"],"extracted_at":"2026-08-26T12:45:32Z"}},{"type":"Feature","geometry":{"type":"Point","coordinates":[-58.0298671,-33.2484204]},"properties":{"id":"d716da1e-881f-4d78-a1dc-dd127d9f9342","name":"Puerto de Mercedes","city":"Mercedes","note":"Formalités auprès de la Prefectura del Puerto de Mercedes.","mrgid":8467,"zone_name":"Uruguay","country_iso2":"UY","validated":true,"distance_km":21.5,"geocode_source":"nominatim","source_urls":["https://www.aduanas.gub.uy/innovaportal/v/7669/3/innova.front/ley--n%C2%B0-18007.html","https://www.gub.uy/tramites/solicitud-entrada-despacho-embarcaciones-deportivas-trafico-pesca-artesanal"],"extracted_at":"2026-08-26T12:45:39Z"}},{"type":"Feature","geometry":{"type":"Point","coordinates":[-58.3130977,-33.1165167]},"properties":{"id":"7cd7867c-2727-44bc-8bc2-3de3c58d0ef8","name":"Puerto de Fray Bentos","city":"Fray Bentos","note":"Formalités d'entrée auprès de la Prefectura del Puerto de Fray Bentos.","mrgid":8467,"zone_name":"Uruguay","country_iso2":"UY","validated":true,"distance_km":0.0,"geocode_source":"nominatim","source_urls":["https://www.aduanas.gub.uy/innovaportal/v/7669/3/innova.front/ley--n%C2%B0-18007.html","https://www.gub.uy/tramites/solicitud-entrada-despacho-embarcaciones-deportivas-trafico-pesca-artesanal"],"extracted_at":"2026-08-26T12:45:46Z"}},{"type":"Feature","geometry":{"type":"Point","coordinates":[-57.4757058,-32.1620262]},"properties":{"id":"9624da44-13a7-423a-9b2d-db9d3a9778b4","name":"Puerto de Paysandú","city":"Paysandú","note":"Formalités auprès de la Prefectura del Puerto de Paysandú.","mrgid":8467,"zone_name":"Uruguay","country_iso2":"UY","validated":false,"distance_km":60.3,"geocode_source":"nominatim","source_urls":["https://www.aduanas.gub.uy/innovaportal/v/7669/3/innova.front/ley--n%C2%B0-18007.html","https://www.gub.uy/tramites/solicitud-entrada-despacho-embarcaciones-deportivas-trafico-pesca-artesanal"],"extracted_at":"2026-08-26T12:45:48Z"}},{"type":"Feature","geometry":{"type":"Point","coordinates":[-57.9770871,-31.3866213]},"properties":{"id":"f5ed63dc-65fb-4f03-bb91-5c9838b7de35","name":"Puerto de Salto","city":"Salto","note":"Formalités auprès de la Prefectura del Puerto de Salto.","mrgid":8467,"zone_name":"Uruguay","country_iso2":"UY","validated":true,"distance_km":15.6,"geocode_source":"nominatim","source_urls":["https://www.aduanas.gub.uy/innovaportal/v/7669/3/innova.front/ley--n%C2%B0-18007.html","https://www.gub.uy/tramites/solicitud-entrada-despacho-embarcaciones-deportivas-trafico-pesca-artesanal"],"extracted_at":"2026-08-26T12:45:50Z"}},{"type":"Feature","geometry":{"type":"Point","coordinates":[-57.6059002,-30.2612301]},"properties":{"id":"171049c2-1da9-467c-9d77-c52e69f1a993","name":"Puerto de Bella Unión","city":"Bella Unión","note":"Formalités auprès de la Sub Prefectura del Puerto de Bella Unión.","mrgid":8467,"zone_name":"Uruguay","country_iso2":"UY","validated":false,"distance_km":147.0,"geocode_source":"nominatim","source_urls":["https://www.aduanas.gub.uy/innovaportal/v/7669/3/innova.front/ley--n%C2%B0-18007.html","https://www.gub.uy/tramites/solicitud-entrada-despacho-embarcaciones-deportivas-trafico-pesca-artesanal"],"extracted_at":"2026-08-26T12:45:58Z"}},{"type":"Feature","geometry":{"type":"Point","coordinates":[-53.3780831,-32.588689]},"properties":{"id":"91d4a6c2-0c2a-44bb-8489-ae4226bcae0d","name":"Prefectura de Río Branco","city":"Río Branco","note":"Formalités d'entrée et de despacho.","mrgid":8467,"zone_name":"Uruguay","country_iso2":"UY","validated":false,"distance_km":128.2,"geocode_source":"nominatim","source_urls":["https://www.aduanas.gub.uy/innovaportal/v/7669/3/innova.front/ley--n%C2%B0-18007.html","https://www.gub.uy/tramites/solicitud-entrada-despacho-embarcaciones-deportivas-trafico-pesca-artesanal"],"extracted_at":"2026-08-26T12:46:04Z"}},{"type":"Feature","geometry":{"type":"Point","coordinates":[168.3157644,-17.7358761]},"properties":{"id":"43e9e3e6-b0ae-463f-ae9d-2b66a393af0a","name":"Port Vila","city":"Port Vila","note":"Île d'Éfaté (Lapeitasi Wharf / Port Vila Bay)","mrgid":8313,"zone_name":"Vanuatu","country_iso2":"VU","validated":true,"distance_km":0.5,"geocode_source":"nominatim","source_urls":["https://immigration.gov.vu/designated-ports/"],"extracted_at":"2026-08-26T12:46:22Z"}},{"type":"Feature","geometry":{"type":"Point","coordinates":[167.2041604,-15.4834858]},"properties":{"id":"857dd9ec-3eff-4446-a90b-790d35e2bc38","name":"Luganville","city":"Luganville","note":"Île d'Espiritu Santo (Simonsen Wharf / NISCOL Port)","mrgid":8313,"zone_name":"Vanuatu","country_iso2":"VU","validated":true,"distance_km":4.2,"geocode_source":"nominatim","source_urls":["https://immigration.gov.vu/designated-ports/"],"extracted_at":"2026-08-26T12:46:23Z"}},{"type":"Feature","geometry":{"type":"Point","coordinates":[169.2661226,-19.533141]},"properties":{"id":"ca17c3a6-a98d-4d56-8e9d-b2d10a0253ca","name":"Lenakel","city":"Lenakel","note":"Île de Tanna","mrgid":8313,"zone_name":"Vanuatu","country_iso2":"VU","validated":true,"distance_km":0.7,"geocode_source":"nominatim","source_urls":["https://immigration.gov.vu/designated-ports/"],"extracted_at":"2026-08-26T12:46:24Z"}},{"type":"Feature","geometry":{"type":"Point","coordinates":[167.5373349,-13.8528474]},"properties":{"id":"06051f70-3392-4e6a-9bd9-d3e08be531ba","name":"Sola","city":"Sola","note":"Île de Vanua Lava (îles Banks et Torres)","mrgid":8313,"zone_name":"Vanuatu","country_iso2":"VU","validated":true,"distance_km":0.5,"geocode_source":"nominatim","source_urls":["https://immigration.gov.vu/designated-ports/"],"extracted_at":"2026-08-26T12:46:25Z"}},{"type":"Feature","geometry":{"type":"Point","coordinates":[-64.6183299,10.2310067]},"properties":{"id":"6365d24f-fc10-4135-83de-5ccd53418ac6","name":"Puerto La Cruz / Guanta","city":"Puerto La Cruz / Guanta","note":"Port d'entrée officiel et capitainerie (INEA/SENIAT/SAIME) pour la plaisance.","mrgid":8433,"zone_name":"Venezuela","country_iso2":"VE","validated":true,"distance_km":0.5,"geocode_source":"nominatim","source_urls":["https://www.inea.gob.ve/action/noticia?id=621","https://www.bolipuertos.gob.ve/?page_id=20293","https://www.mppt.gob.ve/2025/inea-implementa-la-app-zarpes/"],"extracted_at":"2026-08-26T12:46:51Z"}},{"type":"Feature","geometry":{"type":"Point","coordinates":[-64.070053,10.8961247]},"properties":{"id":"40b97c70-6f1b-41a8-88a0-258898e4901b","name":"El Guamache","city":"El Guamache","note":"Port d'entrée et de clearance officiel à l'île de Margarita.","mrgid":8433,"zone_name":"Venezuela","country_iso2":"VE","validated":true,"distance_km":2.1,"geocode_source":"nominatim","source_urls":["https://www.inea.gob.ve/action/noticia?id=621","https://www.bolipuertos.gob.ve/?page_id=20293","https://www.mppt.gob.ve/2025/inea-implementa-la-app-zarpes/"],"extracted_at":"2026-08-26T12:46:56Z"}},{"type":"Feature","geometry":{"type":"Point","coordinates":[-66.9296405,10.6000384]},"properties":{"id":"131fcf1a-bfbf-4daf-bff1-9c02fdf5b8f1","name":"La Guaira","city":"La Guaira","note":"Port d'entrée officiel pour la plaisance (marinas de Caraballeda / Marina Grande).","mrgid":8433,"zone_name":"Venezuela","country_iso2":"VE","validated":true,"distance_km":1.5,"geocode_source":"nominatim","source_urls":["https://www.inea.gob.ve/action/noticia?id=621","https://www.bolipuertos.gob.ve/?page_id=20293","https://www.mppt.gob.ve/2025/inea-implementa-la-app-zarpes/"],"extracted_at":"2026-08-26T12:46:57Z"}},{"type":"Feature","geometry":{"type":"Point","coordinates":[-68.0209232,10.4708768]},"properties":{"id":"50d788e4-d5a6-4dc3-bf1e-4cb0e18492c9","name":"Puerto Cabello","city":"Puerto Cabello","note":"Port d'entrée et capitainerie pour formalités d'immigration et douane.","mrgid":8433,"zone_name":"Venezuela","country_iso2":"VE","validated":true,"distance_km":0.0,"geocode_source":"nominatim","source_urls":["https://www.inea.gob.ve/action/noticia?id=621","https://www.bolipuertos.gob.ve/?page_id=20293","https://www.mppt.gob.ve/2025/inea-implementa-la-app-zarpes/"],"extracted_at":"2026-08-26T12:46:58Z"}},{"type":"Feature","geometry":{"type":"Point","coordinates":[-66.1166105,10.5223351]},"properties":{"id":"dc3c427b-7805-436f-a23c-10b8bc7c5a8f","name":"Carenero / Higuerote","city":"Carenero / Higuerote","note":"Port d'entrée officiel et capitainerie pour bateaux de plaisance.","mrgid":8433,"zone_name":"Venezuela","country_iso2":"VE","validated":true,"distance_km":0.0,"geocode_source":"nominatim","source_urls":["https://www.inea.gob.ve/action/noticia?id=621","https://www.bolipuertos.gob.ve/?page_id=20293","https://www.mppt.gob.ve/2025/inea-implementa-la-app-zarpes/"],"extracted_at":"2026-08-26T12:46:59Z"}},{"type":"Feature","geometry":{"type":"Point","coordinates":[-62.2992929,10.5778608]},"properties":{"id":"2892fe11-5f25-4edc-ac54-338abfce7f16","name":"Güiria","city":"Güiria","note":"Port d'entrée officiel (golfe de Paria, Capitanía de Puerto de Güiria).","mrgid":8433,"zone_name":"Venezuela","country_iso2":"VE","validated":true,"distance_km":0.0,"geocode_source":"nominatim","source_urls":["https://www.inea.gob.ve/action/noticia?id=621","https://www.bolipuertos.gob.ve/?page_id=20293","https://www.mppt.gob.ve/2025/inea-implementa-la-app-zarpes/"],"extracted_at":"2026-08-26T12:47:01Z"}},{"type":"Feature","geometry":{"type":"Point","coordinates":[-64.1347718,10.4213318]},"properties":{"id":"a7520ad3-a20a-4c95-8b28-8337dcf378a2","name":"Puerto Sucre (Cumaná)","city":"Cumaná","note":"Port d'entrée et capitainerie maritime (Capitanía de Puerto de Puerto Sucre).","mrgid":8433,"zone_name":"Venezuela","country_iso2":"VE","validated":true,"distance_km":5.7,"geocode_source":"nominatim","source_urls":["https://www.inea.gob.ve/action/noticia?id=621","https://www.bolipuertos.gob.ve/?page_id=20293","https://www.mppt.gob.ve/2025/inea-implementa-la-app-zarpes/"],"extracted_at":"2026-08-26T12:47:02Z"}},{"type":"Feature","geometry":{"type":"Point","coordinates":[-63.2452154,10.6759963]},"properties":{"id":"dc3cc4fb-b521-496f-8fc2-b24e41ece433","name":"Carúpano","city":"Carúpano","note":"Port d'entrée officiel et capitainerie (Capitanía de Puerto de Carúpano).","mrgid":8433,"zone_name":"Venezuela","country_iso2":"VE","validated":true,"distance_km":0.0,"geocode_source":"nominatim","source_urls":["https://www.inea.gob.ve/action/noticia?id=621","https://www.bolipuertos.gob.ve/?page_id=20293","https://www.mppt.gob.ve/2025/inea-implementa-la-app-zarpes/"],"extracted_at":"2026-08-26T12:47:03Z"}},{"type":"Feature","geometry":{"type":"Point","coordinates":[-70.2118324,11.6706411]},"properties":{"id":"ec654e04-a6e7-4b56-a6e4-57de0d048493","name":"Las Piedras / Punto Fijo","city":"Punto Fijo","note":"Port d'entrée officiel (péninsule de Paraguaná, Capitanía de Las Piedras).","mrgid":8433,"zone_name":"Venezuela","country_iso2":"VE","validated":true,"distance_km":1.6,"geocode_source":"nominatim","source_urls":["https://www.inea.gob.ve/action/noticia?id=621","https://www.bolipuertos.gob.ve/?page_id=20293","https://www.mppt.gob.ve/2025/inea-implementa-la-app-zarpes/"],"extracted_at":"2026-08-26T12:47:04Z"}},{"type":"Feature","geometry":{"type":"Point","coordinates":[-69.569002,11.457792]},"properties":{"id":"5c72fd4d-0001-4cce-bc29-d3eecd9fb12f","name":"La Vela de Coro","city":"La Vela de Coro","note":"Port de clearance officiel avec présence INEA et SENIAT.","mrgid":8433,"zone_name":"Venezuela","country_iso2":"VE","validated":true,"distance_km":2.9,"geocode_source":"nominatim","source_urls":["https://www.inea.gob.ve/action/noticia?id=621","https://www.bolipuertos.gob.ve/?page_id=20293","https://www.mppt.gob.ve/2025/inea-implementa-la-app-zarpes/"],"extracted_at":"2026-08-26T12:47:05Z"}},{"type":"Feature","geometry":{"type":"Point","coordinates":[-71.6443596,10.6498095]},"properties":{"id":"4d6c8cae-9ece-4275-be8c-1961d233e953","name":"Maracaibo","city":"Maracaibo","note":"Port d'entrée et capitainerie maritime (Capitanía de Puerto de Maracaibo).","mrgid":8433,"zone_name":"Venezuela","country_iso2":"VE","validated":true,"distance_km":3.7,"geocode_source":"nominatim","source_urls":["https://www.inea.gob.ve/action/noticia?id=621","https://www.bolipuertos.gob.ve/?page_id=20293","https://www.mppt.gob.ve/2025/inea-implementa-la-app-zarpes/"],"extracted_at":"2026-08-26T12:47:06Z"}},{"type":"Feature","geometry":{"type":"Point","coordinates":[-66.6747536,11.9447604]},"properties":{"id":"fb9fe856-690b-4263-bb95-449174f7cb93","name":"Gran Roque","city":"Gran Roque","note":"Port d'entrée officiel pour l'archipel de Los Roques (Délégation aquatique INEA).","mrgid":8433,"zone_name":"Venezuela","country_iso2":"VE","validated":true,"distance_km":0.0,"geocode_source":"nominatim","source_urls":["https://www.inea.gob.ve/action/noticia?id=621","https://www.bolipuertos.gob.ve/?page_id=20293","https://www.mppt.gob.ve/2025/inea-implementa-la-app-zarpes/"],"extracted_at":"2026-08-26T12:47:07Z"}},{"type":"Feature","geometry":{"type":"Point","coordinates":[107.0838774,20.950657]},"properties":{"id":"5c70bfdb-5ba1-41d2-a7cb-3492b042e2ec","name":"Cảng Hòn Gai (Hon Gai Seaport)","city":"Hạ Long City","note":"Point de passage frontière maritime officiel pour navires et plaisance.","mrgid":8484,"zone_name":"Vietnam","country_iso2":"VN","validated":true,"distance_km":0.3,"geocode_source":"nominatim","source_urls":["https://evisa.xuatnhapcanh.gov.vn/documents/20181/163332/Danh+s%C3%A1ch+c%E1%BB%ADa+kh%E1%BA%A9u/4ae61cd9-5bde-4df4-8be4-db36fc3f6704"],"extracted_at":"2026-08-26T12:47:28Z"}},{"type":"Feature","geometry":{"type":"Point","coordinates":[107.2975874,20.992069]},"properties":{"id":"68e16f9b-241e-45d3-8b94-6c6fe192a033","name":"Cảng Cẩm Phả (Cam Pha Seaport)","city":"Cẩm Phả City","note":"Point de passage frontière maritime officiel pour navires et plaisance.","mrgid":8484,"zone_name":"Vietnam","country_iso2":"VN","validated":true,"distance_km":0.0,"geocode_source":"nominatim","source_urls":["https://evisa.xuatnhapcanh.gov.vn/documents/20181/163332/Danh+s%C3%A1ch+c%E1%BB%ADa+kh%E1%BA%A9u/4ae61cd9-5bde-4df4-8be4-db36fc3f6704"],"extracted_at":"2026-08-26T12:47:30Z"}},{"type":"Feature","geometry":{"type":"Point","coordinates":[106.6935054,20.8680569]},"properties":{"id":"7b4f2153-3f33-4416-a39f-4b753aeaf0c9","name":"Cảng Hải Phòng (Hai Phong Seaport)","city":"Hải Phòng","note":"Point de passage frontière maritime officiel pour navires et plaisance.","mrgid":8484,"zone_name":"Vietnam","country_iso2":"VN","validated":true,"distance_km":0.0,"geocode_source":"nominatim","source_urls":["https://evisa.xuatnhapcanh.gov.vn/documents/20181/163332/Danh+s%C3%A1ch+c%E1%BB%ADa+kh%E1%BA%A9u/4ae61cd9-5bde-4df4-8be4-db36fc3f6704"],"extracted_at":"2026-08-26T12:47:32Z"}},{"type":"Feature","geometry":{"type":"Point","coordinates":[105.8144636,19.3148657]},"properties":{"id":"913cb6d9-056a-4922-82b7-34861d324545","name":"Cảng Nghi Sơn (Nghi Son Seaport)","city":"Nghi Sơn","note":"Point de passage frontière maritime officiel pour navires et plaisance.","mrgid":8484,"zone_name":"Vietnam","country_iso2":"VN","validated":true,"distance_km":0.2,"geocode_source":"nominatim","source_urls":["https://evisa.xuatnhapcanh.gov.vn/documents/20181/163332/Danh+s%C3%A1ch+c%E1%BB%ADa+kh%E1%BA%A9u/4ae61cd9-5bde-4df4-8be4-db36fc3f6704"],"extracted_at":"2026-08-26T12:47:34Z"}},{"type":"Feature","geometry":{"type":"Point","coordinates":[106.4293091,18.0634315]},"properties":{"id":"f92581eb-2c74-4c69-9870-e1fda79caf64","name":"Cảng Vũng Áng (Vung Ang Seaport)","city":"Kỳ Anh","note":"Point de passage frontière maritime officiel pour navires et plaisance.","mrgid":8484,"zone_name":"Vietnam","country_iso2":"VN","validated":true,"distance_km":3.4,"geocode_source":"nominatim","source_urls":["https://evisa.xuatnhapcanh.gov.vn/documents/20181/163332/Danh+s%C3%A1ch+c%E1%BB%ADa+kh%E1%BA%A9u/4ae61cd9-5bde-4df4-8be4-db36fc3f6704"],"extracted_at":"2026-08-26T12:47:37Z"}},{"type":"Feature","geometry":{"type":"Point","coordinates":[108.0249266,16.3240874]},"properties":{"id":"1b6772bf-c84f-493d-8484-952e67419e85","name":"Cảng Chân Mây (Chan May Seaport)","city":"Phú Lộc","note":"Point de passage frontière maritime officiel pour navires et plaisance.","mrgid":8484,"zone_name":"Vietnam","country_iso2":"VN","validated":true,"distance_km":0.6,"geocode_source":"nominatim","source_urls":["https://evisa.xuatnhapcanh.gov.vn/documents/20181/163332/Danh+s%C3%A1ch+c%E1%BB%ADa+kh%E1%BA%A9u/4ae61cd9-5bde-4df4-8be4-db36fc3f6704"],"extracted_at":"2026-08-26T12:47:39Z"}},{"type":"Feature","geometry":{"type":"Point","coordinates":[108.2236843,16.0788852]},"properties":{"id":"f5445652-c9a9-448d-9b6a-4a0167130e97","name":"Cảng Đà Nẵng (Da Nang Seaport)","city":"Đà Nẵng","note":"Point de passage frontière maritime officiel pour navires et plaisance.","mrgid":8484,"zone_name":"Vietnam","country_iso2":"VN","validated":true,"distance_km":0.0,"geocode_source":"nominatim","source_urls":["https://evisa.xuatnhapcanh.gov.vn/documents/20181/163332/Danh+s%C3%A1ch+c%E1%BB%ADa+kh%E1%BA%A9u/4ae61cd9-5bde-4df4-8be4-db36fc3f6704"],"extracted_at":"2026-08-26T12:47:41Z"}},{"type":"Feature","geometry":{"type":"Point","coordinates":[108.8068018,15.4116645]},"properties":{"id":"0070526c-0c44-4016-a2f4-a64748b8f443","name":"Cảng Dung Quất (Dung Quat Seaport)","city":"Bình Sơn","note":"Point de passage frontière maritime officiel pour navires et plaisance.","mrgid":8484,"zone_name":"Vietnam","country_iso2":"VN","validated":true,"distance_km":0.4,"geocode_source":"nominatim","source_urls":["https://evisa.xuatnhapcanh.gov.vn/documents/20181/163332/Danh+s%C3%A1ch+c%E1%BB%ADa+kh%E1%BA%A9u/4ae61cd9-5bde-4df4-8be4-db36fc3f6704"],"extracted_at":"2026-08-26T12:47:43Z"}},{"type":"Feature","geometry":{"type":"Point","coordinates":[109.2424598,13.7787437]},"properties":{"id":"e073d7d4-f3ff-4f5f-b0ab-297e2ad7ca67","name":"Cảng Quy Nhơn (Quy Nhon Seaport)","city":"Quy Nhơn","note":"Point de passage frontière maritime officiel pour navires et plaisance.","mrgid":8484,"zone_name":"Vietnam","country_iso2":"VN","validated":true,"distance_km":0.7,"geocode_source":"nominatim","source_urls":["https://evisa.xuatnhapcanh.gov.vn/documents/20181/163332/Danh+s%C3%A1ch+c%E1%BB%ADa+kh%E1%BA%A9u/4ae61cd9-5bde-4df4-8be4-db36fc3f6704"],"extracted_at":"2026-08-26T12:47:45Z"}},{"type":"Feature","geometry":{"type":"Point","coordinates":[109.2045588,12.215797]},"properties":{"id":"fb967cb8-d51d-4b1a-87d4-917f5a2c8911","name":"Cảng Nha Trang (Nha Trang Seaport)","city":"Nha Trang","note":"Point de passage frontière maritime officiel pour navires et plaisance.","mrgid":8484,"zone_name":"Vietnam","country_iso2":"VN","validated":true,"distance_km":0.6,"geocode_source":"nominatim","source_urls":["https://evisa.xuatnhapcanh.gov.vn/documents/20181/163332/Danh+s%C3%A1ch+c%E1%BB%ADa+kh%E1%BA%A9u/4ae61cd9-5bde-4df4-8be4-db36fc3f6704"],"extracted_at":"2026-08-26T12:47:47Z"}},{"type":"Feature","geometry":{"type":"Point","coordinates":[107.0624881,10.387908]},"properties":{"id":"78678708-1b02-49ca-b45c-ce0f5cb21d21","name":"Cảng Vũng Tàu (Vung Tau Seaport)","city":"Vũng Tàu","note":"Point de passage frontière maritime officiel pour navires et plaisance.","mrgid":8484,"zone_name":"Vietnam","country_iso2":"VN","validated":true,"distance_km":0.0,"geocode_source":"nominatim","source_urls":["https://evisa.xuatnhapcanh.gov.vn/documents/20181/163332/Danh+s%C3%A1ch+c%E1%BB%ADa+kh%E1%BA%A9u/4ae61cd9-5bde-4df4-8be4-db36fc3f6704"],"extracted_at":"2026-08-26T12:47:50Z"}},{"type":"Feature","geometry":{"type":"Point","coordinates":[106.7049563,10.7879719]},"properties":{"id":"9c4b74f2-9ce6-4cfb-bf54-e397e9de39c6","name":"Cảng TP. Hồ Chí Minh (Ho Chi Minh City Seaport)","city":"Hô Chi Minh-Ville","note":"Point de passage frontière maritime officiel pour navires et plaisance.","mrgid":8484,"zone_name":"Vietnam","country_iso2":"VN","validated":true,"distance_km":0.9,"geocode_source":"nominatim","source_urls":["https://evisa.xuatnhapcanh.gov.vn/documents/20181/163332/Danh+s%C3%A1ch+c%E1%BB%ADa+kh%E1%BA%A9u/4ae61cd9-5bde-4df4-8be4-db36fc3f6704"],"extracted_at":"2026-08-26T12:47:53Z"}},{"type":"Feature","geometry":{"type":"Point","coordinates":[106.7047086,20.8509945]},"properties":{"id":"d4e8244a-788b-46b8-a963-4600f1b7c8a3","name":"Cảng Dương Đông (Duong Dong Seaport)","city":"Phú Quốc","note":"Point de passage frontière maritime officiel pour navires et plaisance.","mrgid":8484,"zone_name":"Vietnam","country_iso2":"VN","validated":true,"distance_km":0.6,"geocode_source":"nominatim","source_urls":["https://evisa.xuatnhapcanh.gov.vn/documents/20181/163332/Danh+s%C3%A1ch+c%E1%BB%ADa+kh%E1%BA%A9u/4ae61cd9-5bde-4df4-8be4-db36fc3f6704"],"extracted_at":"2026-08-26T12:47:54Z"}},{"type":"Feature","geometry":{"type":"Point","coordinates":[43.2143186,13.8970017]},"properties":{"id":"d54d3c5c-15b8-40b0-b66f-97c5e4f8603a","name":"Port of Aden (Tourist Pier / Yacht Anchorage)","city":"Aden","note":"Terminal passagers / quai des touristes à Tawahi, dédié aux formalités de douane et d'immigration pour yachts.","mrgid":8353,"zone_name":"Yemen","country_iso2":"YE","validated":true,"distance_km":0.0,"geocode_source":"nominatim","source_urls":["https://www.mot-ye.net/news/1034"],"extracted_at":"2026-08-26T12:48:33Z"}},{"type":"Feature","geometry":{"type":"Point","coordinates":[49.1231345,14.5424624]},"properties":{"id":"1af30a80-5a27-4d68-9c50-00f0c6e5f8e5","name":"Port of Mukalla","city":"Al Mukalla","note":"Port d'entrée officiel et station de clearance douanière (YASPC).","mrgid":8353,"zone_name":"Yemen","country_iso2":"YE","validated":true,"distance_km":3.4,"geocode_source":"nominatim","source_urls":["https://www.mot-ye.net/news/1034"],"extracted_at":"2026-08-26T12:48:36Z"}},{"type":"Feature","geometry":{"type":"Point","coordinates":[52.1860456,15.8232846]},"properties":{"id":"8fb9058a-3862-49f3-bedf-76ef52b41b58","name":"Port of Nishtun","city":"Nishtun","note":"Port maritime officiel d'entrée et de dédouanement.","mrgid":8353,"zone_name":"Yemen","country_iso2":"YE","validated":true,"distance_km":0.0,"geocode_source":"nominatim","source_urls":["https://www.mot-ye.net/news/1034"],"extracted_at":"2026-08-26T12:48:39Z"}},{"type":"Feature","geometry":{"type":"Point","coordinates":[54.0596523,12.6660175]},"properties":{"id":"a736add5-02f6-4031-ac5a-919a76d7b1e8","name":"Port of Socotra (Hawlaf)","city":"Hawlaf","note":"Port d'entrée officiel pour l'archipel de Socotra.","mrgid":8353,"zone_name":"Yemen","country_iso2":"YE","validated":true,"distance_km":1.7,"geocode_source":"nominatim","source_urls":["https://www.mot-ye.net/news/1034"],"extracted_at":"2026-08-26T12:48:45Z"}},{"type":"Feature","geometry":{"type":"Point","coordinates":[43.2344941,13.3095574]},"properties":{"id":"e7649713-70e7-41b4-bb02-121c0229b53e","name":"Port of Mokha (Al Mocha)","city":"Al Mokha","note":"Port d'entrée et de clearance officiel en mer Rouge.","mrgid":8353,"zone_name":"Yemen","country_iso2":"YE","validated":true,"distance_km":0.4,"geocode_source":"nominatim","source_urls":["https://www.mot-ye.net/news/1034"],"extracted_at":"2026-08-26T12:48:49Z"}},{"type":"Feature","geometry":{"type":"Point","coordinates":[42.9355036,14.83717]},"properties":{"id":"e430cd54-aaab-46f0-86bb-f58739efea05","name":"Port of Hodeidah (Al Hudaydah)","city":"Al Hudaydah","note":"Port maritime officiel avec poste de douane et d'immigration.","mrgid":8353,"zone_name":"Yemen","country_iso2":"YE","validated":true,"distance_km":0.1,"geocode_source":"nominatim","source_urls":["https://www.mot-ye.net/news/1034"],"extracted_at":"2026-08-26T12:48:50Z"}},{"type":"Feature","geometry":{"type":"Point","coordinates":[-48.4497171,-1.1277371]},"properties":{"id":"28d50dce-32da-4396-9e31-4c3682bece7a","name":"Porto de Belém","city":"Belém","note":"Port d'entrée officiel avec contrôle de la Polícia Federal, Receita Federal et Capitania dos Portos.","mrgid":8464,"zone_name":"Brazil","country_iso2":"BR","validated":true,"distance_km":0.0,"geocode_source":"nominatim","source_urls":["https://www.gov.br/mre/pt-br/consulado-marselha/viagens-entre-o-brasil-e-a-franca/entrada-e-permanencia-de-embarcacoes-no-brasil","https://www.suape.pe.gov.br/images/publicacoes/resolucao/RDC_N%C3%82%C2%BA_72_DE_29_DE_DEZEMBRO_DE_2009.pdf"],"extracted_at":"2026-08-26T12:52:58Z"}},{"type":"Feature","geometry":{"type":"Point","coordinates":[-38.4864674,-3.726217]},"properties":{"id":"f0de2642-2471-49a9-9570-e6ef4a5c27ad","name":"Porto de Fortaleza (Mucuripe)","city":"Fortaleza","note":"Port d'entrée officiel avec contrôle de la Polícia Federal, Receita Federal et Capitania dos Portos.","mrgid":8464,"zone_name":"Brazil","country_iso2":"BR","validated":true,"distance_km":2.4,"geocode_source":"nominatim","source_urls":["https://www.gov.br/mre/pt-br/consulado-marselha/viagens-entre-o-brasil-e-a-franca/entrada-e-permanencia-de-embarcacoes-no-brasil","https://www.suape.pe.gov.br/images/publicacoes/resolucao/RDC_N%C3%82%C2%BA_72_DE_29_DE_DEZEMBRO_DE_2009.pdf"],"extracted_at":"2026-08-26T12:52:58Z"}},{"type":"Feature","geometry":{"type":"Point","coordinates":[-35.2046895,-5.772328]},"properties":{"id":"60966239-62ed-4d1a-978e-987208c3c39f","name":"Porto de Natal","city":"Natal","note":"Port d'entrée officiel avec contrôle de la Polícia Federal, Receita Federal et Capitania dos Portos.","mrgid":8464,"zone_name":"Brazil","country_iso2":"BR","validated":true,"distance_km":0.1,"geocode_source":"nominatim","source_urls":["https://www.gov.br/mre/pt-br/consulado-marselha/viagens-entre-o-brasil-e-a-franca/entrada-e-permanencia-de-embarcacoes-no-brasil","https://www.suape.pe.gov.br/images/publicacoes/resolucao/RDC_N%C3%82%C2%BA_72_DE_29_DE_DEZEMBRO_DE_2009.pdf"],"extracted_at":"2026-08-26T12:53:00Z"}},{"type":"Feature","geometry":{"type":"Point","coordinates":[-34.845635,-7.0248327]},"properties":{"id":"903b2f94-c00f-4916-8fb6-3230c3b0f89d","name":"Porto de Cabedelo","city":"Cabedelo / João Pessoa","note":"Port d'entrée officiel avec contrôle de la Polícia Federal, Receita Federal et Capitania dos Portos.","mrgid":8464,"zone_name":"Brazil","country_iso2":"BR","validated":true,"distance_km":0.2,"geocode_source":"nominatim","source_urls":["https://www.gov.br/mre/pt-br/consulado-marselha/viagens-entre-o-brasil-e-a-franca/entrada-e-permanencia-de-embarcacoes-no-brasil","https://www.suape.pe.gov.br/images/publicacoes/resolucao/RDC_N%C3%82%C2%BA_72_DE_29_DE_DEZEMBRO_DE_2009.pdf"],"extracted_at":"2026-08-26T12:53:02Z"}},{"type":"Feature","geometry":{"type":"Point","coordinates":[-34.8706366,-8.0617206]},"properties":{"id":"3ee7e519-e489-4306-8ff9-8373921e314e","name":"Porto do Recife","city":"Recife","note":"Port d'entrée officiel avec contrôle de la Polícia Federal, Receita Federal et Capitania dos Portos.","mrgid":8464,"zone_name":"Brazil","country_iso2":"BR","validated":true,"distance_km":0.0,"geocode_source":"nominatim","source_urls":["https://www.gov.br/mre/pt-br/consulado-marselha/viagens-entre-o-brasil-e-a-franca/entrada-e-permanencia-de-embarcacoes-no-brasil","https://www.suape.pe.gov.br/images/publicacoes/resolucao/RDC_N%C3%82%C2%BA_72_DE_29_DE_DEZEMBRO_DE_2009.pdf"],"extracted_at":"2026-08-26T12:53:03Z"}},{"type":"Feature","geometry":{"type":"Point","coordinates":[-35.7219725,-9.6784589]},"properties":{"id":"70f689e9-4ee2-457d-8a86-8a61f5e93b49","name":"Porto de Maceió (Jaraguá)","city":"Maceió","note":"Port d'entrée officiel avec contrôle de la Polícia Federal, Receita Federal et Capitania dos Portos.","mrgid":8464,"zone_name":"Brazil","country_iso2":"BR","validated":true,"distance_km":0.3,"geocode_source":"nominatim","source_urls":["https://www.gov.br/mre/pt-br/consulado-marselha/viagens-entre-o-brasil-e-a-franca/entrada-e-permanencia-de-embarcacoes-no-brasil","https://www.suape.pe.gov.br/images/publicacoes/resolucao/RDC_N%C3%82%C2%BA_72_DE_29_DE_DEZEMBRO_DE_2009.pdf"],"extracted_at":"2026-08-26T12:53:04Z"}},{"type":"Feature","geometry":{"type":"Point","coordinates":[-38.5069241,-12.9609577]},"properties":{"id":"9d416ea2-0ee8-4a2c-8bd5-54e9834ce34d","name":"Porto de Salvador","city":"Salvador","note":"Port d'entrée officiel avec contrôle de la Polícia Federal, Receita Federal et Capitania dos Portos.","mrgid":8464,"zone_name":"Brazil","country_iso2":"BR","validated":true,"distance_km":0.2,"geocode_source":"nominatim","source_urls":["https://www.gov.br/mre/pt-br/consulado-marselha/viagens-entre-o-brasil-e-a-franca/entrada-e-permanencia-de-embarcacoes-no-brasil","https://www.suape.pe.gov.br/images/publicacoes/resolucao/RDC_N%C3%82%C2%BA_72_DE_29_DE_DEZEMBRO_DE_2009.pdf"],"extracted_at":"2026-08-26T12:53:05Z"}},{"type":"Feature","geometry":{"type":"Point","coordinates":[-39.093647,-14.7935343]},"properties":{"id":"451832c8-5160-4e77-b005-9fcd4bb42d7b","name":"Porto de Ilhéus","city":"Ilhéus","note":"Port d'entrée officiel avec contrôle de la Polícia Federal, Receita Federal et Capitania dos Portos.","mrgid":8464,"zone_name":"Brazil","country_iso2":"BR","validated":true,"distance_km":3.1,"geocode_source":"nominatim","source_urls":["https://www.gov.br/mre/pt-br/consulado-marselha/viagens-entre-o-brasil-e-a-franca/entrada-e-permanencia-de-embarcacoes-no-brasil","https://www.suape.pe.gov.br/images/publicacoes/resolucao/RDC_N%C3%82%C2%BA_72_DE_29_DE_DEZEMBRO_DE_2009.pdf"],"extracted_at":"2026-08-26T12:53:06Z"}},{"type":"Feature","geometry":{"type":"Point","coordinates":[-40.2350039,-20.2896455]},"properties":{"id":"f6a38429-65e2-440c-a807-e1fab8c50606","name":"Porto de Vitória","city":"Vitória","note":"Port d'entrée officiel avec contrôle de la Polícia Federal, Receita Federal et Capitania dos Portos.","mrgid":8464,"zone_name":"Brazil","country_iso2":"BR","validated":true,"distance_km":0.1,"geocode_source":"nominatim","source_urls":["https://www.gov.br/mre/pt-br/consulado-marselha/viagens-entre-o-brasil-e-a-franca/entrada-e-permanencia-de-embarcacoes-no-brasil","https://www.suape.pe.gov.br/images/publicacoes/resolucao/RDC_N%C3%82%C2%BA_72_DE_29_DE_DEZEMBRO_DE_2009.pdf"],"extracted_at":"2026-08-26T12:53:09Z"}},{"type":"Feature","geometry":{"type":"Point","coordinates":[-43.1860763,-22.893866]},"properties":{"id":"aefb1ed1-aa94-438d-beb1-7c218e31a75a","name":"Porto do Rio de Janeiro","city":"Rio de Janeiro","note":"Port d'entrée officiel avec contrôle de la Polícia Federal, Receita Federal et Capitania dos Portos.","mrgid":8464,"zone_name":"Brazil","country_iso2":"BR","validated":true,"distance_km":0.0,"geocode_source":"nominatim","source_urls":["https://www.gov.br/mre/pt-br/consulado-marselha/viagens-entre-o-brasil-e-a-franca/entrada-e-permanencia-de-embarcacoes-no-brasil","https://www.suape.pe.gov.br/images/publicacoes/resolucao/RDC_N%C3%82%C2%BA_72_DE_29_DE_DEZEMBRO_DE_2009.pdf"],"extracted_at":"2026-08-26T12:53:09Z"}},{"type":"Feature","geometry":{"type":"Point","coordinates":[-44.3165972,-23.011884]},"properties":{"id":"4d13d25b-cc5f-4b03-bb06-23a40a4fb957","name":"Porto de Angra dos Reis","city":"Angra dos Reis","note":"Port d'entrée officiel avec contrôle de la Polícia Federal, Receita Federal et Capitania dos Portos.","mrgid":8464,"zone_name":"Brazil","country_iso2":"BR","validated":true,"distance_km":0.2,"geocode_source":"nominatim","source_urls":["https://www.gov.br/mre/pt-br/consulado-marselha/viagens-entre-o-brasil-e-a-franca/entrada-e-permanencia-de-embarcacoes-no-brasil","https://www.suape.pe.gov.br/images/publicacoes/resolucao/RDC_N%C3%82%C2%BA_72_DE_29_DE_DEZEMBRO_DE_2009.pdf"],"extracted_at":"2026-08-26T12:53:10Z"}},{"type":"Feature","geometry":{"type":"Point","coordinates":[-47.570972,-24.7581604]},"properties":{"id":"41749140-0328-4316-91fa-f9df0e107519","name":"Porto de Santos","city":"Santos / Guarujá","note":"Port d'entrée officiel avec contrôle de la Polícia Federal, Receita Federal et Capitania dos Portos.","mrgid":8464,"zone_name":"Brazil","country_iso2":"BR","validated":true,"distance_km":2.3,"geocode_source":"nominatim","source_urls":["https://www.gov.br/mre/pt-br/consulado-marselha/viagens-entre-o-brasil-e-a-franca/entrada-e-permanencia-de-embarcacoes-no-brasil","https://www.suape.pe.gov.br/images/publicacoes/resolucao/RDC_N%C3%82%C2%BA_72_DE_29_DE_DEZEMBRO_DE_2009.pdf"],"extracted_at":"2026-08-26T12:53:13Z"}},{"type":"Feature","geometry":{"type":"Point","coordinates":[-48.5105617,-25.50641]},"properties":{"id":"6339d58e-8e4b-4679-8c7c-1ed05e60fb83","name":"Porto de Paranaguá","city":"Paranaguá","note":"Port d'entrée officiel avec contrôle de la Polícia Federal, Receita Federal et Capitania dos Portos.","mrgid":8464,"zone_name":"Brazil","country_iso2":"BR","validated":true,"distance_km":0.3,"geocode_source":"nominatim","source_urls":["https://www.gov.br/mre/pt-br/consulado-marselha/viagens-entre-o-brasil-e-a-franca/entrada-e-permanencia-de-embarcacoes-no-brasil","https://www.suape.pe.gov.br/images/publicacoes/resolucao/RDC_N%C3%82%C2%BA_72_DE_29_DE_DEZEMBRO_DE_2009.pdf"],"extracted_at":"2026-08-26T12:53:13Z"}},{"type":"Feature","geometry":{"type":"Point","coordinates":[-48.6719516,-26.896156]},"properties":{"id":"226232eb-6dd5-4006-82c9-16562d916062","name":"Porto de Itajaí","city":"Itajaí","note":"Port d'entrée officiel avec contrôle de la Polícia Federal, Receita Federal et Capitania dos Portos.","mrgid":8464,"zone_name":"Brazil","country_iso2":"BR","validated":true,"distance_km":0.2,"geocode_source":"nominatim","source_urls":["https://www.gov.br/mre/pt-br/consulado-marselha/viagens-entre-o-brasil-e-a-franca/entrada-e-permanencia-de-embarcacoes-no-brasil","https://www.suape.pe.gov.br/images/publicacoes/resolucao/RDC_N%C3%82%C2%BA_72_DE_29_DE_DEZEMBRO_DE_2009.pdf"],"extracted_at":"2026-08-26T12:53:14Z"}},{"type":"Feature","geometry":{"type":"Point","coordinates":[-48.534338,-27.7487015]},"properties":{"id":"01a9c989-a164-4588-8905-1ae9f076a975","name":"Porto de Florianópolis","city":"Florianópolis","note":"Port d'entrée officiel avec contrôle de la Polícia Federal, Receita Federal et Capitania dos Portos.","mrgid":8464,"zone_name":"Brazil","country_iso2":"BR","validated":true,"distance_km":2.7,"geocode_source":"nominatim","source_urls":["https://www.gov.br/mre/pt-br/consulado-marselha/viagens-entre-o-brasil-e-a-franca/entrada-e-permanencia-de-embarcacoes-no-brasil","https://www.suape.pe.gov.br/images/publicacoes/resolucao/RDC_N%C3%82%C2%BA_72_DE_29_DE_DEZEMBRO_DE_2009.pdf"],"extracted_at":"2026-08-26T12:53:16Z"}},{"type":"Feature","geometry":{"type":"Point","coordinates":[-52.075975,-32.041681]},"properties":{"id":"d18a2a54-c2a0-4cd5-9dfd-2ceee149d49b","name":"Porto do Rio Grande","city":"Rio Grande","note":"Port d'entrée officiel avec contrôle de la Polícia Federal, Receita Federal et Capitania dos Portos.","mrgid":8464,"zone_name":"Brazil","country_iso2":"BR","validated":true,"distance_km":0.0,"geocode_source":"nominatim","source_urls":["https://www.gov.br/mre/pt-br/consulado-marselha/viagens-entre-o-brasil-e-a-franca/entrada-e-permanencia-de-embarcacoes-no-brasil","https://www.suape.pe.gov.br/images/publicacoes/resolucao/RDC_N%C3%82%C2%BA_72_DE_29_DE_DEZEMBRO_DE_2009.pdf"],"extracted_at":"2026-08-26T12:53:17Z"}},{"type":"Feature","geometry":{"type":"Point","coordinates":[15.9200098,41.6255234]},"properties":{"id":"6b36a091-3c11-41e3-87b2-fb74b475f1ba","name":"Porto di Manfredonia","city":"Manfredonia","note":"Point de passage frontalier extérieur officiel pour le contrôle de police et de douane des navires de plaisance.","mrgid":5682,"zone_name":"Italy","country_iso2":"IT","validated":true,"distance_km":0.0,"geocode_source":"nominatim","source_urls":["https://www.adm.gov.it/portale/documents/20182/6537198/DPR+n.+43+del+1973+TULD.pdf/2c0de7e8-93bb-4539-b9d1-ab1e76570df8","https://www.guardiacostiera.gov.it/portale/documents/315575/3182158/Ordinanza+007-2020+formalit%C3%A0+da+adempiere+per+unit%C3%A0+da+diporto+battenti+bandiera+comunitaria+ed+extracomunitaria.pdf/6bad9523-8257-a56e-23b3-1529694e29b2?version=1.0&t=1744022025255null&"],"extracted_at":"2026-08-26T12:55:40Z"}},{"type":"Feature","geometry":{"type":"Point","coordinates":[14.9978957,42.0040406]},"properties":{"id":"b89aa197-a61d-4f38-95dc-5ae0f78a197f","name":"Porto di Termoli","city":"Termoli","note":"Point de passage frontalier extérieur officiel pour le contrôle de police et de douane des navires de plaisance.","mrgid":5682,"zone_name":"Italy","country_iso2":"IT","validated":true,"distance_km":0.0,"geocode_source":"nominatim","source_urls":["https://www.adm.gov.it/portale/documents/20182/6537198/DPR+n.+43+del+1973+TULD.pdf/2c0de7e8-93bb-4539-b9d1-ab1e76570df8","https://www.guardiacostiera.gov.it/portale/documents/315575/3182158/Ordinanza+007-2020+formalit%C3%A0+da+adempiere+per+unit%C3%A0+da+diporto+battenti+bandiera+comunitaria+ed+extracomunitaria.pdf/6bad9523-8257-a56e-23b3-1529694e29b2?version=1.0&t=1744022025255null&"],"extracted_at":"2026-08-26T12:55:42Z"}},{"type":"Feature","geometry":{"type":"Point","coordinates":[48.27796,-13.4055484]},"properties":{"id":"131a80df-55aa-4a21-87eb-d65ffb8acec0","name":"Port de Nosy Be","city":"Andoany / Hell-Ville","note":"Comprend Hell-Ville & Port du Cratère. Bureau des Douanes: NOSY-BE (35NB).","mrgid":8348,"zone_name":"Madagascar","country_iso2":"MG","validated":true,"distance_km":0.0,"geocode_source":"nominatim","source_urls":["https://douanes.gov.mg/","https://www.diplomatie.gov.mg/index.php/le-ministere/passeport-et-visa/visa/28-visas-non-immigrant"],"extracted_at":"2026-08-26T12:56:38Z"}},{"type":"Feature","geometry":{"type":"Point","coordinates":[49.4272083,-18.1586501]},"properties":{"id":"d9a67990-3001-4854-b863-5a4a3472f6ba","name":"Port de Toamasina","city":"Toamasina","note":"Tamatave. Bureau des Douanes: TAMATAVE PORT (21TO).","mrgid":8348,"zone_name":"Madagascar","country_iso2":"MG","validated":true,"distance_km":0.1,"geocode_source":"nominatim","source_urls":["https://douanes.gov.mg/","https://www.diplomatie.gov.mg/index.php/le-ministere/passeport-et-visa/visa/28-visas-non-immigrant"],"extracted_at":"2026-08-26T12:56:39Z"}},{"type":"Feature","geometry":{"type":"Point","coordinates":[49.2992206,-12.2751409]},"properties":{"id":"87497b2f-7dbd-4234-802b-09303a12920c","name":"Port d’Antsiranana","city":"Antsiranana","note":"Diego Suarez. Bureau des Douanes: ANTSIRANANA (34AS).","mrgid":8348,"zone_name":"Madagascar","country_iso2":"MG","validated":true,"distance_km":0.0,"geocode_source":"nominatim","source_urls":["https://douanes.gov.mg/","https://www.diplomatie.gov.mg/index.php/le-ministere/passeport-et-visa/visa/28-visas-non-immigrant"],"extracted_at":"2026-08-26T12:56:40Z"}},{"type":"Feature","geometry":{"type":"Point","coordinates":[46.3090401,-15.7259555]},"properties":{"id":"b80afa57-9711-4a95-a201-93b565ae1774","name":"Port de Mahajanga","city":"Mahajanga","note":"Majunga. Bureau des Douanes: MAHAJANGA (42MG).","mrgid":8348,"zone_name":"Madagascar","country_iso2":"MG","validated":true,"distance_km":0.0,"geocode_source":"nominatim","source_urls":["https://douanes.gov.mg/","https://www.diplomatie.gov.mg/index.php/le-ministere/passeport-et-visa/visa/28-visas-non-immigrant"],"extracted_at":"2026-08-26T12:56:41Z"}},{"type":"Feature","geometry":{"type":"Point","coordinates":[46.9951319,-25.0271926]},"properties":{"id":"0b57eb72-3812-4502-9b36-74e1a30f014f","name":"Port de Toliara","city":"Toliara","note":"Tuléar. Bureau des Douanes: TOLIARY (53TL).","mrgid":8348,"zone_name":"Madagascar","country_iso2":"MG","validated":true,"distance_km":0.0,"geocode_source":"nominatim","source_urls":["https://douanes.gov.mg/","https://www.diplomatie.gov.mg/index.php/le-ministere/passeport-et-visa/visa/28-visas-non-immigrant"],"extracted_at":"2026-08-26T12:56:43Z"}},{"type":"Feature","geometry":{"type":"Point","coordinates":[46.9635364,-25.0666583]},"properties":{"id":"048272a1-3062-4a9d-aeb9-509724c5e8ee","name":"Port d’Ehoala / Taolagnaro","city":"Tolagnaro","note":"Fort-Dauphin. Bureau des Douanes: TAOLAGNARO (54TG).","mrgid":8348,"zone_name":"Madagascar","country_iso2":"MG","validated":true,"distance_km":0.3,"geocode_source":"nominatim","source_urls":["https://douanes.gov.mg/","https://www.diplomatie.gov.mg/index.php/le-ministere/passeport-et-visa/visa/28-visas-non-immigrant"],"extracted_at":"2026-08-26T12:56:44Z"}},{"type":"Feature","geometry":{"type":"Point","coordinates":[49.8992818,-16.9037888]},"properties":{"id":"00104e81-e7fe-4bd7-89c0-c09570bef199","name":"Port de Sainte-Marie","city":"Ambodifotatra","note":"Nosy Boraha / Île Sainte-Marie. Bureau des Douanes: SAINTE MARIE (24SM).","mrgid":8348,"zone_name":"Madagascar","country_iso2":"MG","validated":true,"distance_km":1.6,"geocode_source":"nominatim","source_urls":["https://douanes.gov.mg/","https://www.diplomatie.gov.mg/index.php/le-ministere/passeport-et-visa/visa/28-visas-non-immigrant"],"extracted_at":"2026-08-26T12:56:47Z"}},{"type":"Feature","geometry":{"type":"Point","coordinates":[50.0038171,-13.3770033]},"properties":{"id":"195cb02b-9626-4e7f-ae3a-42028d565df9","name":"Port de Vohémar","city":"Vohémar","note":"Iharana. Bureau des Douanes: VOHEMAR (33VO).","mrgid":8348,"zone_name":"Madagascar","country_iso2":"MG","validated":true,"distance_km":1.2,"geocode_source":"nominatim","source_urls":["https://douanes.gov.mg/","https://www.diplomatie.gov.mg/index.php/le-ministere/passeport-et-visa/visa/28-visas-non-immigrant"],"extracted_at":"2026-08-26T12:56:50Z"}},{"type":"Feature","geometry":{"type":"Point","coordinates":[50.2828371,-14.9007332]},"properties":{"id":"f40a4b0a-ce88-4603-8870-074873269e0f","name":"Port d’Antalaha","city":"Antalaha","note":"Bureau des Douanes: ANTALAHA (31AH).","mrgid":8348,"zone_name":"Madagascar","country_iso2":"MG","validated":true,"distance_km":0.1,"geocode_source":"nominatim","source_urls":["https://douanes.gov.mg/","https://www.diplomatie.gov.mg/index.php/le-ministere/passeport-et-visa/visa/28-visas-non-immigrant"],"extracted_at":"2026-08-26T12:56:52Z"}},{"type":"Feature","geometry":{"type":"Point","coordinates":[50.1556533,-14.254956]},"properties":{"id":"89657c4f-f033-43bf-9713-b781daafbb5d","name":"Port de Sambava","city":"Sambava","note":"Bureau des Douanes: SAMBAVA (32SV).","mrgid":8348,"zone_name":"Madagascar","country_iso2":"MG","validated":true,"distance_km":0.0,"geocode_source":"nominatim","source_urls":["https://douanes.gov.mg/","https://www.diplomatie.gov.mg/index.php/le-ministere/passeport-et-visa/visa/28-visas-non-immigrant"],"extracted_at":"2026-08-26T12:56:55Z"}},{"type":"Feature","geometry":{"type":"Point","coordinates":[44.2713343,-20.2934794]},"properties":{"id":"297add6d-bac7-4c73-af9b-060ad13cb6d8","name":"Port de Morondava","city":"Morondava","note":"Bureau des Douanes: MORONDAVA (51MD).","mrgid":8348,"zone_name":"Madagascar","country_iso2":"MG","validated":true,"distance_km":0.0,"geocode_source":"nominatim","source_urls":["https://douanes.gov.mg/","https://www.diplomatie.gov.mg/index.php/le-ministere/passeport-et-visa/visa/28-visas-non-immigrant"],"extracted_at":"2026-08-26T12:56:56Z"}},{"type":"Feature","geometry":{"type":"Point","coordinates":[48.0113527,-22.1449564]},"properties":{"id":"9ecf70c6-7333-4699-989d-84710c52f955","name":"Port de Manakara","city":"Manakara","note":"Bureau des Douanes: MANAKARA (61MK).","mrgid":8348,"zone_name":"Madagascar","country_iso2":"MG","validated":true,"distance_km":1.0,"geocode_source":"nominatim","source_urls":["https://douanes.gov.mg/","https://www.diplomatie.gov.mg/index.php/le-ministere/passeport-et-visa/visa/28-visas-non-immigrant"],"extracted_at":"2026-08-26T12:56:59Z"}},{"type":"Feature","geometry":{"type":"Point","coordinates":[48.3463035,-21.2385393]},"properties":{"id":"fc95ed2a-8330-40d8-89a4-c3415b6c494a","name":"Port de Mananjary","city":"Mananjary","note":"Bureau des Douanes: MANANJARY (62MJ).","mrgid":8348,"zone_name":"Madagascar","country_iso2":"MG","validated":true,"distance_km":0.0,"geocode_source":"nominatim","source_urls":["https://douanes.gov.mg/","https://www.diplomatie.gov.mg/index.php/le-ministere/passeport-et-visa/visa/28-visas-non-immigrant"],"extracted_at":"2026-08-26T12:57:03Z"}},{"type":"Feature","geometry":{"type":"Point","coordinates":[49.7577696,-15.4338232]},"properties":{"id":"af82e738-c986-4b34-8f79-b088e3425609","name":"Port de Maroantsetra","city":"Maroantsetra","note":"Bureau des Douanes: MAROANTSETRA.","mrgid":8348,"zone_name":"Madagascar","country_iso2":"MG","validated":true,"distance_km":0.0,"geocode_source":"nominatim","source_urls":["https://douanes.gov.mg/","https://www.diplomatie.gov.mg/index.php/le-ministere/passeport-et-visa/visa/28-visas-non-immigrant"],"extracted_at":"2026-08-26T12:57:04Z"}},{"type":"Feature","geometry":{"type":"Point","coordinates":[99.7928634,6.3700386]},"properties":{"id":"25f98569-6c3a-405e-9e7c-1d298021d1ca","name":"Kuah & Tanjung Lembung","city":"Langkawi","note":"Hub principal de clearance (Kuah Jetty, Royal Langkawi Yacht Club, Tanjung Lembung Port)","mrgid":8483,"zone_name":"Malaysia","country_iso2":"MY","validated":true,"distance_km":5.4,"geocode_source":"nominatim","source_urls":["http://marine21.marine.gov.my/appl/jict032008/jlsm/law/o_ports.html","https://johor.imi.gov.my/johor/Kawalan.html"],"extracted_at":"2026-08-26T12:57:52Z"}},{"type":"Feature","geometry":{"type":"Point","coordinates":[99.684422,6.3666659]},"properties":{"id":"ad017309-f09f-4a6c-8dee-4b3b2ace6e97","name":"Telaga Harbour (Pantai Kok)","city":"Langkawi","note":"Port d'entrée et marina avec CIQ","mrgid":8483,"zone_name":"Malaysia","country_iso2":"MY","validated":true,"distance_km":0.4,"geocode_source":"nominatim","source_urls":["http://marine21.marine.gov.my/appl/jict032008/jlsm/law/o_ports.html","https://johor.imi.gov.my/johor/Kawalan.html"],"extracted_at":"2026-08-26T12:57:53Z"}},{"type":"Feature","geometry":{"type":"Point","coordinates":[100.3608765,6.0977489]},"properties":{"id":"1984dcd6-aabe-4907-8565-ae0917fe6e33","name":"Kuala Kedah","city":"Alor Setar","note":"Port d'entrée maritime désigné","mrgid":8483,"zone_name":"Malaysia","country_iso2":"MY","validated":true,"distance_km":5.5,"geocode_source":"nominatim","source_urls":["http://marine21.marine.gov.my/appl/jict032008/jlsm/law/o_ports.html","https://johor.imi.gov.my/johor/Kawalan.html"],"extracted_at":"2026-08-26T12:57:54Z"}},{"type":"Feature","geometry":{"type":"Point","coordinates":[100.1349278,6.3996118]},"properties":{"id":"8613b78e-df65-4d28-a2a6-70a48f0e48dd","name":"Kuala Perlis","city":"Kuala Perlis","note":"Port d'entrée maritime désigné","mrgid":8483,"zone_name":"Malaysia","country_iso2":"MY","validated":true,"distance_km":0.1,"geocode_source":"nominatim","source_urls":["http://marine21.marine.gov.my/appl/jict032008/jlsm/law/o_ports.html","https://johor.imi.gov.my/johor/Kawalan.html"],"extracted_at":"2026-08-26T12:57:55Z"}},{"type":"Feature","geometry":{"type":"Point","coordinates":[100.3287352,5.4141619]},"properties":{"id":"0b89c53c-3ac9-4505-9db0-2567ff0d95e5","name":"George Town","city":"Pulau Pinang","note":"Swettenham Pier Cruise Terminal / Penang Port","mrgid":8483,"zone_name":"Malaysia","country_iso2":"MY","validated":true,"distance_km":1.0,"geocode_source":"nominatim","source_urls":["http://marine21.marine.gov.my/appl/jict032008/jlsm/law/o_ports.html","https://johor.imi.gov.my/johor/Kawalan.html"],"extracted_at":"2026-08-26T12:57:56Z"}},{"type":"Feature","geometry":{"type":"Point","coordinates":[100.6211525,4.2246469]},"properties":{"id":"c9f9525f-9a72-4667-88f3-b45345bc430a","name":"Lumut & Marina Island Pangkor","city":"Lumut","note":"Point de clearance maritime pour la région de Perak","mrgid":8483,"zone_name":"Malaysia","country_iso2":"MY","validated":true,"distance_km":2.1,"geocode_source":"nominatim","source_urls":["http://marine21.marine.gov.my/appl/jict032008/jlsm/law/o_ports.html","https://johor.imi.gov.my/johor/Kawalan.html"],"extracted_at":"2026-08-26T12:58:00Z"}},{"type":"Feature","geometry":{"type":"Point","coordinates":[101.3913589,2.9996963]},"properties":{"id":"70281bd8-e606-48bf-af86-47ced8f08605","name":"Port Klang","city":"Port Klang","note":"Southpoint / Royal Selangor Yacht Club","mrgid":8483,"zone_name":"Malaysia","country_iso2":"MY","validated":true,"distance_km":0.0,"geocode_source":"nominatim","source_urls":["http://marine21.marine.gov.my/appl/jict032008/jlsm/law/o_ports.html","https://johor.imi.gov.my/johor/Kawalan.html"],"extracted_at":"2026-08-26T12:58:01Z"}},{"type":"Feature","geometry":{"type":"Point","coordinates":[101.8106156,2.5262491]},"properties":{"id":"e83f4202-d080-4c6b-83cf-9318826f6d6a","name":"Port Dickson","city":"Port Dickson","note":"Admiral Marina & Cove / Foreshore","mrgid":8483,"zone_name":"Malaysia","country_iso2":"MY","validated":true,"distance_km":0.1,"geocode_source":"nominatim","source_urls":["http://marine21.marine.gov.my/appl/jict032008/jlsm/law/o_ports.html","https://johor.imi.gov.my/johor/Kawalan.html"],"extracted_at":"2026-08-26T12:58:02Z"}},{"type":"Feature","geometry":{"type":"Point","coordinates":[102.2880962,2.3293744]},"properties":{"id":"519485fc-36b8-4592-8f10-24b0eddc3a5d","name":"Melaka Port / Tanjung Bruas","city":"Melaka","note":"Port de clearance maritime","mrgid":8483,"zone_name":"Malaysia","country_iso2":"MY","validated":true,"distance_km":16.3,"geocode_source":"nominatim","source_urls":["http://marine21.marine.gov.my/appl/jict032008/jlsm/law/o_ports.html","https://johor.imi.gov.my/johor/Kawalan.html"],"extracted_at":"2026-08-26T12:58:05Z"}},{"type":"Feature","geometry":{"type":"Point","coordinates":[103.6623872,1.4240029]},"properties":{"id":"f42acba2-d7ee-4778-8534-9d50e291fc13","name":"Puteri Harbour","city":"Iskandar Puteri","note":"Marina internationale avec CIQ","mrgid":8483,"zone_name":"Malaysia","country_iso2":"MY","validated":true,"distance_km":0.0,"geocode_source":"nominatim","source_urls":["http://marine21.marine.gov.my/appl/jict032008/jlsm/law/o_ports.html","https://johor.imi.gov.my/johor/Kawalan.html"],"extracted_at":"2026-08-26T12:58:06Z"}},{"type":"Feature","geometry":{"type":"Point","coordinates":[104.103142,1.367714]},"properties":{"id":"5b5d85f2-1012-4690-8ac6-a77c3b750fb0","name":"Tanjung Pengelih","city":"Pengerang","note":"Point de rapport et de clearance obligatoire","mrgid":8483,"zone_name":"Malaysia","country_iso2":"MY","validated":true,"distance_km":0.1,"geocode_source":"nominatim","source_urls":["http://marine21.marine.gov.my/appl/jict032008/jlsm/law/o_ports.html","https://johor.imi.gov.my/johor/Kawalan.html"],"extracted_at":"2026-08-26T12:58:09Z"}},{"type":"Feature","geometry":{"type":"Point","coordinates":[104.0827375,1.4527371]},"properties":{"id":"24b08a88-ed4c-4666-87f3-46acf890b495","name":"Tanjung Belungkor","city":"Kota Tinggi","note":"Point d'entrée maritime","mrgid":8483,"zone_name":"Malaysia","country_iso2":"MY","validated":true,"distance_km":0.0,"geocode_source":"nominatim","source_urls":["http://marine21.marine.gov.my/appl/jict032008/jlsm/law/o_ports.html","https://johor.imi.gov.my/johor/Kawalan.html"],"extracted_at":"2026-08-26T12:58:10Z"}},{"type":"Feature","geometry":{"type":"Point","coordinates":[104.2061782,1.4105254]},"properties":{"id":"0ee00671-1718-43dc-91cc-1c8638b93ffd","name":"Sebana Cove","city":"Pengerang","note":"Marina et point d'entrée CIQ","mrgid":8483,"zone_name":"Malaysia","country_iso2":"MY","validated":true,"distance_km":4.2,"geocode_source":"nominatim","source_urls":["http://marine21.marine.gov.my/appl/jict032008/jlsm/law/o_ports.html","https://johor.imi.gov.my/johor/Kawalan.html"],"extracted_at":"2026-08-26T12:58:11Z"}},{"type":"Feature","geometry":{"type":"Point","coordinates":[103.7649059,1.4581986]},"properties":{"id":"54b55904-21de-4dc7-9ca1-9db29c7e1ab2","name":"Stulang Laut / Pasir Gudang","city":"Johor Bahru","note":"Point de clearance maritime","mrgid":8483,"zone_name":"Malaysia","country_iso2":"MY","validated":true,"distance_km":0.0,"geocode_source":"nominatim","source_urls":["http://marine21.marine.gov.my/appl/jict032008/jlsm/law/o_ports.html","https://johor.imi.gov.my/johor/Kawalan.html"],"extracted_at":"2026-08-26T12:58:14Z"}},{"type":"Feature","geometry":{"type":"Point","coordinates":[103.4442183,1.3257891]},"properties":{"id":"14c3d2f8-7b57-49e4-995a-28d2b1551e1b","name":"Kukup","city":"Pontian","note":"Port d'entrée maritime","mrgid":8483,"zone_name":"Malaysia","country_iso2":"MY","validated":true,"distance_km":0.4,"geocode_source":"nominatim","source_urls":["http://marine21.marine.gov.my/appl/jict032008/jlsm/law/o_ports.html","https://johor.imi.gov.my/johor/Kawalan.html"],"extracted_at":"2026-08-26T12:58:15Z"}},{"type":"Feature","geometry":{"type":"Point","coordinates":[102.9055328,1.8013837]},"properties":{"id":"b34b0eea-2d52-4dff-a20a-ffcc8af18cbe","name":"Minyak Beku","city":"Batu Pahat","note":"Port d'entrée maritime","mrgid":8483,"zone_name":"Malaysia","country_iso2":"MY","validated":true,"distance_km":1.0,"geocode_source":"nominatim","source_urls":["http://marine21.marine.gov.my/appl/jict032008/jlsm/law/o_ports.html","https://johor.imi.gov.my/johor/Kawalan.html"],"extracted_at":"2026-08-26T12:58:16Z"}},{"type":"Feature","geometry":{"type":"Point","coordinates":[101.8632398,2.4293989]},"properties":{"id":"de024630-0616-4cd8-bc51-30174d8d705d","name":"Muar Port","city":"Muar","note":"Port d'entrée maritime","mrgid":8483,"zone_name":"Malaysia","country_iso2":"MY","validated":true,"distance_km":2.0,"geocode_source":"nominatim","source_urls":["http://marine21.marine.gov.my/appl/jict032008/jlsm/law/o_ports.html","https://johor.imi.gov.my/johor/Kawalan.html"],"extracted_at":"2026-08-26T12:58:18Z"}},{"type":"Feature","geometry":{"type":"Point","coordinates":[104.1721564,2.8065444]},"properties":{"id":"b05f3f30-9f22-404b-8e66-ae5d38e71187","name":"Pulau Tioman (Tekek Marina)","city":"Pulau Tioman","note":"Marina et point de clearance","mrgid":8483,"zone_name":"Malaysia","country_iso2":"MY","validated":true,"distance_km":3.1,"geocode_source":"nominatim","source_urls":["http://marine21.marine.gov.my/appl/jict032008/jlsm/law/o_ports.html","https://johor.imi.gov.my/johor/Kawalan.html"],"extracted_at":"2026-08-26T12:58:21Z"}},{"type":"Feature","geometry":{"type":"Point","coordinates":[103.4241516,3.980539]},"properties":{"id":"91512f73-35fc-4b44-8563-e90043880f34","name":"Kuantan Port","city":"Kuantan","note":"Port de clearance de la côte est","mrgid":8483,"zone_name":"Malaysia","country_iso2":"MY","validated":true,"distance_km":0.6,"geocode_source":"nominatim","source_urls":["http://marine21.marine.gov.my/appl/jict032008/jlsm/law/o_ports.html","https://johor.imi.gov.my/johor/Kawalan.html"],"extracted_at":"2026-08-26T12:58:22Z"}},{"type":"Feature","geometry":{"type":"Point","coordinates":[103.4225158,4.2193065]},"properties":{"id":"1bba8f6a-d10d-4612-ae89-6e2c2acc4930","name":"Kemaman","city":"Kemaman","note":"Port d'entrée maritime","mrgid":8483,"zone_name":"Malaysia","country_iso2":"MY","validated":true,"distance_km":1.7,"geocode_source":"nominatim","source_urls":["http://marine21.marine.gov.my/appl/jict032008/jlsm/law/o_ports.html","https://johor.imi.gov.my/johor/Kawalan.html"],"extracted_at":"2026-08-26T12:58:23Z"}},{"type":"Feature","geometry":{"type":"Point","coordinates":[103.1383265,5.3296461]},"properties":{"id":"1879cd36-e29c-47ae-9e0f-8652674fc979","name":"Kuala Terengganu","city":"Kuala Terengganu","note":"Duyong Marina et port d'entrée","mrgid":8483,"zone_name":"Malaysia","country_iso2":"MY","validated":true,"distance_km":0.6,"geocode_source":"nominatim","source_urls":["http://marine21.marine.gov.my/appl/jict032008/jlsm/law/o_ports.html","https://johor.imi.gov.my/johor/Kawalan.html"],"extracted_at":"2026-08-26T12:58:24Z"}},{"type":"Feature","geometry":{"type":"Point","coordinates":[102.4779046,5.8954958]},"properties":{"id":"b0306f51-f1e0-403d-9619-b02fd1df9c70","name":"Tok Bali","city":"Pasir Puteh","note":"Port d'entrée maritime","mrgid":8483,"zone_name":"Malaysia","country_iso2":"MY","validated":true,"distance_km":0.2,"geocode_source":"nominatim","source_urls":["http://marine21.marine.gov.my/appl/jict032008/jlsm/law/o_ports.html","https://johor.imi.gov.my/johor/Kawalan.html"],"extracted_at":"2026-08-26T12:58:25Z"}},{"type":"Feature","geometry":{"type":"Point","coordinates":[115.2433556,5.2769876]},"properties":{"id":"658665bf-c659-46f2-86f2-b9ab89a5ddf4","name":"Victoria Harbour","city":"Victoria","note":"Territoire fédéral de Labuan","mrgid":8483,"zone_name":"Malaysia","country_iso2":"MY","validated":true,"distance_km":0.0,"geocode_source":"nominatim","source_urls":["http://marine21.marine.gov.my/appl/jict032008/jlsm/law/o_ports.html","https://johor.imi.gov.my/johor/Kawalan.html"],"extracted_at":"2026-08-26T12:58:28Z"}},{"type":"Feature","geometry":{"type":"Point","coordinates":[116.0728988,5.9780066]},"properties":{"id":"d169bb1c-7d7d-4762-8bea-3783bf91b0d1","name":"Kota Kinabalu","city":"Kota Kinabalu","note":"Sutera Harbour Marina / KK Port","mrgid":8483,"zone_name":"Malaysia","country_iso2":"MY","validated":true,"distance_km":0.0,"geocode_source":"nominatim","source_urls":["http://marine21.marine.gov.my/appl/jict032008/jlsm/law/o_ports.html","https://johor.imi.gov.my/johor/Kawalan.html"],"extracted_at":"2026-08-26T12:58:29Z"}},{"type":"Feature","geometry":{"type":"Point","coordinates":[116.8371483,6.9237294]},"properties":{"id":"ec3e118c-8e89-445d-9a43-79242ed896e6","name":"Kudat","city":"Kudat","note":"Port d'entrée au nord de Sabah","mrgid":8483,"zone_name":"Malaysia","country_iso2":"MY","validated":true,"distance_km":0.0,"geocode_source":"nominatim","source_urls":["http://marine21.marine.gov.my/appl/jict032008/jlsm/law/o_ports.html","https://johor.imi.gov.my/johor/Kawalan.html"],"extracted_at":"2026-08-26T12:58:30Z"}},{"type":"Feature","geometry":{"type":"Point","coordinates":[-79.6523847,0.9668153]},"properties":{"id":"fd96711b-daec-40f4-b685-144153ea0337","name":"Esmeraldas","city":"Esmeraldas","note":"Port d'entrée officiel et district douanier maritime (SENAE / Capitainerie de port / Migración).","mrgid":8431,"zone_name":"Ecuador","country_iso2":"EC","validated":true,"distance_km":1.7,"geocode_source":"nominatim","source_urls":["https://www.compraspublicas.gob.ec/ProcesoContratacion/compras/GE/ExeGENBajarArchivoGeneral.cpe?Archivo=PbOjwiptrNXBwqfdFdyLGb__vRFPAydcYw4E6mKhJnY,&idPath=KrVjEah-k75If0vUZIE09ylBpL7Ol73B_iHpnbrVOzo,","https://www.ministeriodelinterior.gob.ec/cumplimiento-de-la-normativa-legal-para-la-salida-del-pais-de-menores-de-edad/","https://www.gob.ec/senae/tramites/autorizacion-internacion-vehiculo-turista-al-territorio-ecuatoriano"],"extracted_at":"2026-08-26T12:59:21Z"}},{"type":"Feature","geometry":{"type":"Point","coordinates":[-79.9002589,-2.2732408]},"properties":{"id":"3a39b12e-a967-4255-ac34-cc4230cf7c6f","name":"Guayaquil Pto. Marítimo","city":"Guayaquil","note":"Port maritime d'entrée et district douanier pour les navires de plaisance et touristiques.","mrgid":8431,"zone_name":"Ecuador","country_iso2":"EC","validated":true,"distance_km":1.5,"geocode_source":"nominatim","source_urls":["https://www.compraspublicas.gob.ec/ProcesoContratacion/compras/GE/ExeGENBajarArchivoGeneral.cpe?Archivo=PbOjwiptrNXBwqfdFdyLGb__vRFPAydcYw4E6mKhJnY,&idPath=KrVjEah-k75If0vUZIE09ylBpL7Ol73B_iHpnbrVOzo,","https://www.ministeriodelinterior.gob.ec/cumplimiento-de-la-normativa-legal-para-la-salida-del-pais-de-menores-de-edad/","https://www.gob.ec/senae/tramites/autorizacion-internacion-vehiculo-turista-al-territorio-ecuatoriano"],"extracted_at":"2026-08-26T12:59:22Z"}},{"type":"Feature","geometry":{"type":"Point","coordinates":[-80.7190822,-0.9486443]},"properties":{"id":"bf0600be-5fcc-4f07-b635-9da07cd99093","name":"Manta","city":"Manta","note":"Port d'entrée officiel et district douanier pour la plaisance (yachts, voiliers, catamarans).","mrgid":8431,"zone_name":"Ecuador","country_iso2":"EC","validated":true,"distance_km":0.6,"geocode_source":"nominatim","source_urls":["https://www.compraspublicas.gob.ec/ProcesoContratacion/compras/GE/ExeGENBajarArchivoGeneral.cpe?Archivo=PbOjwiptrNXBwqfdFdyLGb__vRFPAydcYw4E6mKhJnY,&idPath=KrVjEah-k75If0vUZIE09ylBpL7Ol73B_iHpnbrVOzo,","https://www.ministeriodelinterior.gob.ec/cumplimiento-de-la-normativa-legal-para-la-salida-del-pais-de-menores-de-edad/","https://www.gob.ec/senae/tramites/autorizacion-internacion-vehiculo-turista-al-territorio-ecuatoriano"],"extracted_at":"2026-08-26T12:59:23Z"}},{"type":"Feature","geometry":{"type":"Point","coordinates":[-79.9993667,-3.2682378]},"properties":{"id":"d45d75ea-36a2-4d58-b312-47e90161626a","name":"Puerto Bolívar","city":"Machala","note":"Port d'entrée officiel et district douanier maritime (SENAE / Capitainerie de port).","mrgid":8431,"zone_name":"Ecuador","country_iso2":"EC","validated":true,"distance_km":0.1,"geocode_source":"nominatim","source_urls":["https://www.compraspublicas.gob.ec/ProcesoContratacion/compras/GE/ExeGENBajarArchivoGeneral.cpe?Archivo=PbOjwiptrNXBwqfdFdyLGb__vRFPAydcYw4E6mKhJnY,&idPath=KrVjEah-k75If0vUZIE09ylBpL7Ol73B_iHpnbrVOzo,","https://www.ministeriodelinterior.gob.ec/cumplimiento-de-la-normativa-legal-para-la-salida-del-pais-de-menores-de-edad/","https://www.gob.ec/senae/tramites/autorizacion-internacion-vehiculo-turista-al-territorio-ecuatoriano"],"extracted_at":"2026-08-26T12:59:24Z"}},{"type":"Feature","geometry":{"type":"Point","coordinates":[-80.9228086,-2.217442]},"properties":{"id":"5930a5ab-2ac1-4fd1-a455-45990acfc774","name":"Salinas / La Libertad","city":"Salinas","note":"Port de clearance et hub principal pour la plaisance internationale.","mrgid":8431,"zone_name":"Ecuador","country_iso2":"EC","validated":true,"distance_km":0.0,"geocode_source":"nominatim","source_urls":["https://www.compraspublicas.gob.ec/ProcesoContratacion/compras/GE/ExeGENBajarArchivoGeneral.cpe?Archivo=PbOjwiptrNXBwqfdFdyLGb__vRFPAydcYw4E6mKhJnY,&idPath=KrVjEah-k75If0vUZIE09ylBpL7Ol73B_iHpnbrVOzo,","https://www.ministeriodelinterior.gob.ec/cumplimiento-de-la-normativa-legal-para-la-salida-del-pais-de-menores-de-edad/","https://www.gob.ec/senae/tramites/autorizacion-internacion-vehiculo-turista-al-territorio-ecuatoriano"],"extracted_at":"2026-08-26T12:59:26Z"}},{"type":"Feature","geometry":{"type":"Point","coordinates":[-80.4265711,-0.5992126]},"properties":{"id":"2c5f4919-a986-4e0d-80b5-b67d87399369","name":"Bahía de Caráquez","city":"Bahía de Caráquez","note":"Port d'entrée avec Capitainerie de port (Capitanía de Puerto).","mrgid":8431,"zone_name":"Ecuador","country_iso2":"EC","validated":true,"distance_km":0.2,"geocode_source":"nominatim","source_urls":["https://www.compraspublicas.gob.ec/ProcesoContratacion/compras/GE/ExeGENBajarArchivoGeneral.cpe?Archivo=PbOjwiptrNXBwqfdFdyLGb__vRFPAydcYw4E6mKhJnY,&idPath=KrVjEah-k75If0vUZIE09ylBpL7Ol73B_iHpnbrVOzo,","https://www.ministeriodelinterior.gob.ec/cumplimiento-de-la-normativa-legal-para-la-salida-del-pais-de-menores-de-edad/","https://www.gob.ec/senae/tramites/autorizacion-internacion-vehiculo-turista-al-territorio-ecuatoriano"],"extracted_at":"2026-08-26T12:59:27Z"}},{"type":"Feature","geometry":{"type":"Point","coordinates":[-80.2483567,-2.709238]},"properties":{"id":"fc469d3e-1cee-4b32-9fa6-cfb1ef90ca1d","name":"Posorja","city":"Posorja","note":"Port d'entrée avec Capitainerie de port.","mrgid":8431,"zone_name":"Ecuador","country_iso2":"EC","validated":true,"distance_km":0.1,"geocode_source":"nominatim","source_urls":["https://www.compraspublicas.gob.ec/ProcesoContratacion/compras/GE/ExeGENBajarArchivoGeneral.cpe?Archivo=PbOjwiptrNXBwqfdFdyLGb__vRFPAydcYw4E6mKhJnY,&idPath=KrVjEah-k75If0vUZIE09ylBpL7Ol73B_iHpnbrVOzo,","https://www.ministeriodelinterior.gob.ec/cumplimiento-de-la-normativa-legal-para-la-salida-del-pais-de-menores-de-edad/","https://www.gob.ec/senae/tramites/autorizacion-internacion-vehiculo-turista-al-territorio-ecuatoriano"],"extracted_at":"2026-08-26T12:59:28Z"}},{"type":"Feature","geometry":{"type":"Point","coordinates":[-78.8369504,1.2883387]},"properties":{"id":"e015bbb4-f3ea-4155-9896-c689779b5e75","name":"San Lorenzo","city":"San Lorenzo","note":"Point d'entrée frontalier maritime et fluvial avec unité de contrôle migratoire.","mrgid":8431,"zone_name":"Ecuador","country_iso2":"EC","validated":true,"distance_km":0.7,"geocode_source":"nominatim","source_urls":["https://www.compraspublicas.gob.ec/ProcesoContratacion/compras/GE/ExeGENBajarArchivoGeneral.cpe?Archivo=PbOjwiptrNXBwqfdFdyLGb__vRFPAydcYw4E6mKhJnY,&idPath=KrVjEah-k75If0vUZIE09ylBpL7Ol73B_iHpnbrVOzo,","https://www.ministeriodelinterior.gob.ec/cumplimiento-de-la-normativa-legal-para-la-salida-del-pais-de-menores-de-edad/","https://www.gob.ec/senae/tramites/autorizacion-internacion-vehiculo-turista-al-territorio-ecuatoriano"],"extracted_at":"2026-08-26T12:59:29Z"}},{"type":"Feature","geometry":{"type":"Point","coordinates":[-89.6113963,-0.9019812]},"properties":{"id":"8e1d4cc4-bd6f-49cb-a839-69711b3d0e7b","name":"Puerto Baquerizo Moreno","city":"Puerto Baquerizo Moreno","note":"Port d'entrée et de formalités officiel (île San Cristóbal).","mrgid":8403,"zone_name":"Galapagos","country_iso2":null,"validated":true,"distance_km":0.0,"geocode_source":"nominatim","source_urls":["https://www.mit.gob.ec/subsecretaria-de-puertos-abre-nueva-oficina-en-galapagos/","https://www.galapagos.gob.ec/wp-content/uploads/downloads/RESOLUCIONES/2021/00024.pdf","https://www.gob.ec/cgreg/tramites/autorizacion-cambio-puerto-vehiculo-maritimo-realiza-actividades-varias"],"extracted_at":"2026-08-26T12:59:51Z"}},{"type":"Feature","geometry":{"type":"Point","coordinates":[-90.3113214,-0.738736]},"properties":{"id":"434ff234-88ee-42b9-96dd-052224ed950c","name":"Puerto Ayora","city":"Puerto Ayora","note":"Port officiel pour la plaisance et formalités maritimes (île Santa Cruz).","mrgid":8403,"zone_name":"Galapagos","country_iso2":null,"validated":true,"distance_km":2.1,"geocode_source":"nominatim","source_urls":["https://www.mit.gob.ec/subsecretaria-de-puertos-abre-nueva-oficina-en-galapagos/","https://www.galapagos.gob.ec/wp-content/uploads/downloads/RESOLUCIONES/2021/00024.pdf","https://www.gob.ec/cgreg/tramites/autorizacion-cambio-puerto-vehiculo-maritimo-realiza-actividades-varias"],"extracted_at":"2026-08-26T12:59:52Z"}},{"type":"Feature","geometry":{"type":"Point","coordinates":[-90.9616078,-0.9522627]},"properties":{"id":"6ba7841a-450b-4677-a72a-8e9234638f9f","name":"Puerto Villamil","city":"Puerto Villamil","note":"Port autorisé dans la province des Galápagos (île Isabela).","mrgid":8403,"zone_name":"Galapagos","country_iso2":null,"validated":true,"distance_km":1.0,"geocode_source":"nominatim","source_urls":["https://www.mit.gob.ec/subsecretaria-de-puertos-abre-nueva-oficina-en-galapagos/","https://www.galapagos.gob.ec/wp-content/uploads/downloads/RESOLUCIONES/2021/00024.pdf","https://www.gob.ec/cgreg/tramites/autorizacion-cambio-puerto-vehiculo-maritimo-realiza-actividades-varias"],"extracted_at":"2026-08-26T12:59:53Z"}},{"type":"Feature","geometry":{"type":"Point","coordinates":[-90.4865394,-1.2751142]},"properties":{"id":"99945764-39c8-4ae5-a113-36023b877a6b","name":"Puerto Velasco Ibarra","city":"Puerto Velasco Ibarra","note":"Port autorisé dans la province des Galápagos (île Floreana).","mrgid":8403,"zone_name":"Galapagos","country_iso2":null,"validated":true,"distance_km":1.0,"geocode_source":"nominatim","source_urls":["https://www.mit.gob.ec/subsecretaria-de-puertos-abre-nueva-oficina-en-galapagos/","https://www.galapagos.gob.ec/wp-content/uploads/downloads/RESOLUCIONES/2021/00024.pdf","https://www.gob.ec/cgreg/tramites/autorizacion-cambio-puerto-vehiculo-maritimo-realiza-actividades-varias"],"extracted_at":"2026-08-26T12:59:56Z"}},{"type":"Feature","geometry":{"type":"Point","coordinates":[-90.3113975,-0.7414596]},"properties":{"id":"0b174a97-db41-4dbb-9fbb-58deae472a0f","name":"Puerto Seymour","city":"Baltra","note":"Port et mouillage autorisé (île Baltra).","mrgid":8403,"zone_name":"Galapagos","country_iso2":null,"validated":true,"distance_km":1.8,"geocode_source":"nominatim","source_urls":["https://www.mit.gob.ec/subsecretaria-de-puertos-abre-nueva-oficina-en-galapagos/","https://www.galapagos.gob.ec/wp-content/uploads/downloads/RESOLUCIONES/2021/00024.pdf","https://www.gob.ec/cgreg/tramites/autorizacion-cambio-puerto-vehiculo-maritimo-realiza-actividades-varias"],"extracted_at":"2026-08-26T12:59:58Z"}},{"type":"Feature","geometry":{"type":"Point","coordinates":[-88.9493895,15.6772285]},"properties":{"id":"7905eef3-df31-4982-9507-c4b1767eab4d","name":"Livingston","city":"Livingston","note":"Principal port d'entrée pour la plaisance vers le Río Dulce et le lac Izabal (côte Caraïbes).","mrgid":8430,"zone_name":"Guatemala","country_iso2":"GT","validated":true,"distance_km":0.0,"geocode_source":"nominatim","source_urls":["https://dca.gob.gt/noticias-guatemala-diario-centro-america/autoridad-maritima-yautoridad-en-el-mar/"],"extracted_at":"2026-08-26T13:01:19Z"}},{"type":"Feature","geometry":{"type":"Point","coordinates":[-88.5873663,15.6963634]},"properties":{"id":"1596c81b-3d10-450d-bd15-fe2642459f5a","name":"Puerto Barrios","city":"Puerto Barrios","note":"Port de clearance officiel sur la côte Caraïbes (baie d'Amatique).","mrgid":8430,"zone_name":"Guatemala","country_iso2":"GT","validated":true,"distance_km":1.5,"geocode_source":"nominatim","source_urls":["https://dca.gob.gt/noticias-guatemala-diario-centro-america/autoridad-maritima-yautoridad-en-el-mar/"],"extracted_at":"2026-08-26T13:01:20Z"}},{"type":"Feature","geometry":{"type":"Point","coordinates":[-88.6118496,15.6866305]},"properties":{"id":"87f30736-2ef8-4606-bd9d-109a5c404beb","name":"Santo Tomás de Castilla","city":"Puerto Barrios","note":"Port maritime et point d'entrée officiel sur la côte Caraïbes.","mrgid":8430,"zone_name":"Guatemala","country_iso2":"GT","validated":true,"distance_km":1.6,"geocode_source":"nominatim","source_urls":["https://dca.gob.gt/noticias-guatemala-diario-centro-america/autoridad-maritima-yautoridad-en-el-mar/"],"extracted_at":"2026-08-26T13:01:21Z"}},{"type":"Feature","geometry":{"type":"Point","coordinates":[-90.7889072,13.9333768]},"properties":{"id":"3daa67b6-11c4-47af-862c-7d6c150f8acc","name":"Puerto Quetzal","city":"San José","note":"Principal port d'entrée sur la côte Pacifique pour les navires de plaisance (inclut Puerto San José).","mrgid":8430,"zone_name":"Guatemala","country_iso2":"GT","validated":true,"distance_km":0.8,"geocode_source":"nominatim","source_urls":["https://dca.gob.gt/noticias-guatemala-diario-centro-america/autoridad-maritima-yautoridad-en-el-mar/"],"extracted_at":"2026-08-26T13:01:22Z"}},{"type":"Feature","geometry":{"type":"Point","coordinates":[8.7810958,3.7586314]},"properties":{"id":"5c938c49-9e3c-4dcd-96b4-7d8f1df1b8a3","name":"Puerto de Malabo","city":"Malabo","note":"Poste frontière maritime international complet (douanes, immigration, police maritime).","mrgid":8398,"zone_name":"Equatorial Guinea","country_iso2":"GQ","validated":true,"distance_km":2.4,"geocode_source":"nominatim","source_urls":["https://www.guineaecuatorialpress.com/noticias/decreto_presidencial_sobre_la_administracion_de_puertos","https://puertobata.com/quienes_somos"],"extracted_at":"2026-08-26T13:04:47Z"}},{"type":"Feature","geometry":{"type":"Point","coordinates":[9.7412413,1.8327452]},"properties":{"id":"c6eee729-28cb-4e3d-81cf-e0652f63f05a","name":"Puerto de Bata","city":"Bata","note":"Poste frontière maritime international et port principal de la région continentale.","mrgid":8398,"zone_name":"Equatorial Guinea","country_iso2":"GQ","validated":true,"distance_km":0.0,"geocode_source":"nominatim","source_urls":["https://www.guineaecuatorialpress.com/noticias/decreto_presidencial_sobre_la_administracion_de_puertos","https://puertobata.com/quienes_somos"],"extracted_at":"2026-08-26T13:04:48Z"}},{"type":"Feature","geometry":{"type":"Point","coordinates":[8.5544476,3.459841]},"properties":{"id":"3169c9a8-967e-4a06-86d3-59cca7a680e3","name":"Puerto Franco de Luba","city":"Luba","note":"Port franc international désigné avec contrôles douaniers et maritimes.","mrgid":8398,"zone_name":"Equatorial Guinea","country_iso2":"GQ","validated":true,"distance_km":1.3,"geocode_source":"nominatim","source_urls":["https://www.guineaecuatorialpress.com/noticias/decreto_presidencial_sobre_la_administracion_de_puertos","https://puertobata.com/quienes_somos"],"extracted_at":"2026-08-26T13:04:51Z"}},{"type":"Feature","geometry":{"type":"Point","coordinates":[92.7460414,11.6730477]},"properties":{"id":"df9060d8-87fc-41f1-86d7-18b943a3c32c","name":"Port of Port Blair","city":"Port Blair","note":"Unique port d'entrée pour la plaisance (mouillage à Chatham, formalités immigration à Haddo Wharf).","mrgid":8333,"zone_name":"Andaman and Nicobar","country_iso2":null,"validated":true,"distance_km":0.0,"geocode_source":"nominatim","source_urls":["https://andamannicobar.gov.in/","https://kolkatacustoms.gov.in/notices-orders/port/tenders"],"extracted_at":"2026-08-26T13:05:26Z"}}]}